entity_id,event_type,event,time,resource_id,value,fuel_level_start,fuel_level_end
parameter,parameter,tank_size,0.0,,600.0,,
StationTank,fuel_level_change,fuel_level_change,0.0,,600.0,,
StationTank,fuel_level_change,fuel_level_change,1.0,,600.0,,
StationTank,fuel_level_change,fuel_level_change,2.0,,600.0,,
StationTank,fuel_level_change,fuel_level_change,3.0,,600.0,,
StationTank,fuel_level_change,fuel_level_change,4.0,,600.0,,
StationTank,fuel_level_change,fuel_level_change,5.0,,600.0,,
StationTank,fuel_level_change,fuel_level_change,6.0,,600.0,,
StationTank,fuel_level_change,fuel_level_change,7.0,,600.0,,
StationTank,fuel_level_change,fuel_level_change,8.0,,600.0,,
StationTank,fuel_level_change,fuel_level_change,9.0,,600.0,,
StationTank,fuel_level_change,fuel_level_change,10.0,,600.0,,
StationTank,fuel_level_change,fuel_level_change,11.0,,600.0,,
StationTank,fuel_level_change,fuel_level_change,12.0,,600.0,,
StationTank,fuel_level_change,fuel_level_change,13.0,,600.0,,
StationTank,fuel_level_change,fuel_level_change,14.0,,600.0,,
StationTank,fuel_level_change,fuel_level_change,15.0,,600.0,,
StationTank,fuel_level_change,fuel_level_change,16.0,,600.0,,
StationTank,fuel_level_change,fuel_level_change,17.0,,600.0,,
StationTank,fuel_level_change,fuel_level_change,18.0,,600.0,,
StationTank,fuel_level_change,fuel_level_change,19.0,,600.0,,
StationTank,fuel_level_change,fuel_level_change,20.0,,600.0,,
StationTank,fuel_level_change,fuel_level_change,21.0,,600.0,,
StationTank,fuel_level_change,fuel_level_change,22.0,,600.0,,
StationTank,fuel_level_change,fuel_level_change,23.0,,600.0,,
StationTank,fuel_level_change,fuel_level_change,24.0,,600.0,,
StationTank,fuel_level_change,fuel_level_change,25.0,,600.0,,
StationTank,fuel_level_change,fuel_level_change,26.0,,600.0,,
StationTank,fuel_level_change,fuel_level_change,27.0,,600.0,,
StationTank,fuel_level_change,fuel_level_change,28.0,,600.0,,
Car 0,arrival_departure,arrival,29.0,,,,
Car 0,queue,pump_queue_wait_begins,29.0,,,13.0,50.0
StationTank,fuel_level_change,fuel_level_change,29.0,,600.0,,
Car 0,resource_use,payment_begins,29.0,1.0,,13.0,50.0
StationTank,fuel_level_change,fuel_level_change,30.0,,563.0,,
StationTank,fuel_level_change,fuel_level_change,31.0,,563.0,,
StationTank,fuel_level_change,fuel_level_change,32.0,,563.0,,
StationTank,fuel_level_change,fuel_level_change,33.0,,563.0,,
StationTank,fuel_level_change,fuel_level_change,34.0,,563.0,,
StationTank,fuel_level_change,fuel_level_change,35.0,,563.0,,
StationTank,fuel_level_change,fuel_level_change,36.0,,563.0,,
StationTank,fuel_level_change,fuel_level_change,37.0,,563.0,,
StationTank,fuel_level_change,fuel_level_change,38.0,,563.0,,
StationTank,fuel_level_change,fuel_level_change,39.0,,563.0,,
StationTank,fuel_level_change,fuel_level_change,40.0,,563.0,,
StationTank,fuel_level_change,fuel_level_change,41.0,,563.0,,
StationTank,fuel_level_change,fuel_level_change,42.0,,563.0,,
StationTank,fuel_level_change,fuel_level_change,43.0,,563.0,,
StationTank,fuel_level_change,fuel_level_change,44.0,,563.0,,
StationTank,fuel_level_change,fuel_level_change,45.0,,563.0,,
StationTank,fuel_level_change,fuel_level_change,46.0,,563.0,,
Car 1,arrival_departure,arrival,47.0,,,,
Car 1,queue,pump_queue_wait_begins,47.0,,,9.0,50.0
StationTank,fuel_level_change,fuel_level_change,47.0,,563.0,,
Car 1,resource_use,payment_begins,47.0,2.0,,9.0,50.0
StationTank,fuel_level_change,fuel_level_change,48.0,,522.0,,
StationTank,fuel_level_change,fuel_level_change,49.0,,522.0,,
StationTank,fuel_level_change,fuel_level_change,50.0,,522.0,,
StationTank,fuel_level_change,fuel_level_change,51.0,,522.0,,
StationTank,fuel_level_change,fuel_level_change,52.0,,522.0,,
StationTank,fuel_level_change,fuel_level_change,53.0,,522.0,,
StationTank,fuel_level_change,fuel_level_change,54.0,,522.0,,
StationTank,fuel_level_change,fuel_level_change,55.0,,522.0,,
StationTank,fuel_level_change,fuel_level_change,56.0,,522.0,,
StationTank,fuel_level_change,fuel_level_change,57.0,,522.0,,
StationTank,fuel_level_change,fuel_level_change,58.0,,522.0,,
StationTank,fuel_level_change,fuel_level_change,59.0,,522.0,,
StationTank,fuel_level_change,fuel_level_change,60.0,,522.0,,
StationTank,fuel_level_change,fuel_level_change,61.0,,522.0,,
StationTank,fuel_level_change,fuel_level_change,62.0,,522.0,,
StationTank,fuel_level_change,fuel_level_change,63.0,,522.0,,
StationTank,fuel_level_change,fuel_level_change,64.0,,522.0,,
StationTank,fuel_level_change,fuel_level_change,65.0,,522.0,,
StationTank,fuel_level_change,fuel_level_change,66.0,,522.0,,
StationTank,fuel_level_change,fuel_level_change,67.0,,522.0,,
StationTank,fuel_level_change,fuel_level_change,68.0,,522.0,,
StationTank,fuel_level_change,fuel_level_change,69.0,,522.0,,
StationTank,fuel_level_change,fuel_level_change,70.0,,522.0,,
StationTank,fuel_level_change,fuel_level_change,71.0,,522.0,,
StationTank,fuel_level_change,fuel_level_change,72.0,,522.0,,
StationTank,fuel_level_change,fuel_level_change,73.0,,522.0,,
Car 0,resource_use_end,payment_ends,74.0,1.0,,13.0,50.0
Car 0,resource_use,pumping_begins,74.0,1.0,,13.0,50.0
StationTank,fuel_level_change,fuel_level_change,74.0,,522.0,,
StationTank,fuel_level_change,fuel_level_change,75.0,,522.0,,
StationTank,fuel_level_change,fuel_level_change,76.0,,522.0,,
StationTank,fuel_level_change,fuel_level_change,77.0,,522.0,,
StationTank,fuel_level_change,fuel_level_change,78.0,,522.0,,
StationTank,fuel_level_change,fuel_level_change,79.0,,522.0,,
StationTank,fuel_level_change,fuel_level_change,80.0,,522.0,,
StationTank,fuel_level_change,fuel_level_change,81.0,,522.0,,
StationTank,fuel_level_change,fuel_level_change,82.0,,522.0,,
StationTank,fuel_level_change,fuel_level_change,83.0,,522.0,,
StationTank,fuel_level_change,fuel_level_change,84.0,,522.0,,
StationTank,fuel_level_change,fuel_level_change,85.0,,522.0,,
StationTank,fuel_level_change,fuel_level_change,86.0,,522.0,,
StationTank,fuel_level_change,fuel_level_change,87.0,,522.0,,
StationTank,fuel_level_change,fuel_level_change,88.0,,522.0,,
StationTank,fuel_level_change,fuel_level_change,89.0,,522.0,,
Car 2,arrival_departure,arrival,90.0,,,,
Car 2,queue,pump_queue_wait_begins,90.0,,,22.0,50.0
StationTank,fuel_level_change,fuel_level_change,90.0,,522.0,,
StationTank,fuel_level_change,fuel_level_change,91.0,,522.0,,
StationTank,fuel_level_change,fuel_level_change,92.0,,522.0,,
StationTank,fuel_level_change,fuel_level_change,93.0,,522.0,,
StationTank,fuel_level_change,fuel_level_change,94.0,,522.0,,
StationTank,fuel_level_change,fuel_level_change,95.0,,522.0,,
StationTank,fuel_level_change,fuel_level_change,96.0,,522.0,,
StationTank,fuel_level_change,fuel_level_change,97.0,,522.0,,
StationTank,fuel_level_change,fuel_level_change,98.0,,522.0,,
StationTank,fuel_level_change,fuel_level_change,99.0,,522.0,,
StationTank,fuel_level_change,fuel_level_change,100.0,,522.0,,
StationTank,fuel_level_change,fuel_level_change,101.0,,522.0,,
StationTank,fuel_level_change,fuel_level_change,102.0,,522.0,,
StationTank,fuel_level_change,fuel_level_change,103.0,,522.0,,
StationTank,fuel_level_change,fuel_level_change,104.0,,522.0,,
StationTank,fuel_level_change,fuel_level_change,105.0,,522.0,,
StationTank,fuel_level_change,fuel_level_change,106.0,,522.0,,
StationTank,fuel_level_change,fuel_level_change,107.0,,522.0,,
StationTank,fuel_level_change,fuel_level_change,108.0,,522.0,,
StationTank,fuel_level_change,fuel_level_change,109.0,,522.0,,
StationTank,fuel_level_change,fuel_level_change,110.0,,522.0,,
Car 0,resource_use_end,pumping_ends,111.0,1.0,,13.0,50.0
Car 0,arrival_departure,depart,111.0,,,,
StationTank,fuel_level_change,fuel_level_change,111.0,,522.0,,
Car 2,resource_use,payment_begins,111.0,1.0,,22.0,50.0
StationTank,fuel_level_change,fuel_level_change,112.0,,494.0,,
StationTank,fuel_level_change,fuel_level_change,113.0,,494.0,,
StationTank,fuel_level_change,fuel_level_change,114.0,,494.0,,
StationTank,fuel_level_change,fuel_level_change,115.0,,494.0,,
StationTank,fuel_level_change,fuel_level_change,116.0,,494.0,,
StationTank,fuel_level_change,fuel_level_change,117.0,,494.0,,
Car 3,arrival_departure,arrival,118.0,,,,
Car 3,queue,pump_queue_wait_begins,118.0,,,18.0,50.0
StationTank,fuel_level_change,fuel_level_change,118.0,,494.0,,
StationTank,fuel_level_change,fuel_level_change,119.0,,494.0,,
StationTank,fuel_level_change,fuel_level_change,120.0,,494.0,,
StationTank,fuel_level_change,fuel_level_change,121.0,,494.0,,
StationTank,fuel_level_change,fuel_level_change,122.0,,494.0,,
StationTank,fuel_level_change,fuel_level_change,123.0,,494.0,,
Car 1,resource_use_end,payment_ends,124.0,2.0,,9.0,50.0
Car 1,resource_use,pumping_begins,124.0,2.0,,9.0,50.0
StationTank,fuel_level_change,fuel_level_change,124.0,,494.0,,
StationTank,fuel_level_change,fuel_level_change,125.0,,494.0,,
StationTank,fuel_level_change,fuel_level_change,126.0,,494.0,,
StationTank,fuel_level_change,fuel_level_change,127.0,,494.0,,
StationTank,fuel_level_change,fuel_level_change,128.0,,494.0,,
StationTank,fuel_level_change,fuel_level_change,129.0,,494.0,,
StationTank,fuel_level_change,fuel_level_change,130.0,,494.0,,
StationTank,fuel_level_change,fuel_level_change,131.0,,494.0,,
StationTank,fuel_level_change,fuel_level_change,132.0,,494.0,,
StationTank,fuel_level_change,fuel_level_change,133.0,,494.0,,
StationTank,fuel_level_change,fuel_level_change,134.0,,494.0,,
StationTank,fuel_level_change,fuel_level_change,135.0,,494.0,,
StationTank,fuel_level_change,fuel_level_change,136.0,,494.0,,
StationTank,fuel_level_change,fuel_level_change,137.0,,494.0,,
StationTank,fuel_level_change,fuel_level_change,138.0,,494.0,,
StationTank,fuel_level_change,fuel_level_change,139.0,,494.0,,
StationTank,fuel_level_change,fuel_level_change,140.0,,494.0,,
StationTank,fuel_level_change,fuel_level_change,141.0,,494.0,,
StationTank,fuel_level_change,fuel_level_change,142.0,,494.0,,
StationTank,fuel_level_change,fuel_level_change,143.0,,494.0,,
StationTank,fuel_level_change,fuel_level_change,144.0,,494.0,,
StationTank,fuel_level_change,fuel_level_change,145.0,,494.0,,
Car 2,resource_use_end,payment_ends,146.0,1.0,,22.0,50.0
Car 2,resource_use,pumping_begins,146.0,1.0,,22.0,50.0
StationTank,fuel_level_change,fuel_level_change,146.0,,494.0,,
StationTank,fuel_level_change,fuel_level_change,147.0,,494.0,,
StationTank,fuel_level_change,fuel_level_change,148.0,,494.0,,
StationTank,fuel_level_change,fuel_level_change,149.0,,494.0,,
StationTank,fuel_level_change,fuel_level_change,150.0,,494.0,,
StationTank,fuel_level_change,fuel_level_change,151.0,,494.0,,
StationTank,fuel_level_change,fuel_level_change,152.0,,494.0,,
StationTank,fuel_level_change,fuel_level_change,153.0,,494.0,,
StationTank,fuel_level_change,fuel_level_change,154.0,,494.0,,
StationTank,fuel_level_change,fuel_level_change,155.0,,494.0,,
StationTank,fuel_level_change,fuel_level_change,156.0,,494.0,,
StationTank,fuel_level_change,fuel_level_change,157.0,,494.0,,
StationTank,fuel_level_change,fuel_level_change,158.0,,494.0,,
StationTank,fuel_level_change,fuel_level_change,159.0,,494.0,,
StationTank,fuel_level_change,fuel_level_change,160.0,,494.0,,
StationTank,fuel_level_change,fuel_level_change,161.0,,494.0,,
StationTank,fuel_level_change,fuel_level_change,162.0,,494.0,,
StationTank,fuel_level_change,fuel_level_change,163.0,,494.0,,
StationTank,fuel_level_change,fuel_level_change,164.0,,494.0,,
Car 1,resource_use_end,pumping_ends,165.0,2.0,,9.0,50.0
Car 1,arrival_departure,depart,165.0,,,,
StationTank,fuel_level_change,fuel_level_change,165.0,,494.0,,
Car 3,resource_use,payment_begins,165.0,2.0,,18.0,50.0
StationTank,fuel_level_change,fuel_level_change,166.0,,462.0,,
StationTank,fuel_level_change,fuel_level_change,167.0,,462.0,,
StationTank,fuel_level_change,fuel_level_change,168.0,,462.0,,
StationTank,fuel_level_change,fuel_level_change,169.0,,462.0,,
StationTank,fuel_level_change,fuel_level_change,170.0,,462.0,,
StationTank,fuel_level_change,fuel_level_change,171.0,,462.0,,
StationTank,fuel_level_change,fuel_level_change,172.0,,462.0,,
StationTank,fuel_level_change,fuel_level_change,173.0,,462.0,,
Car 2,resource_use_end,pumping_ends,174.0,1.0,,22.0,50.0
Car 2,arrival_departure,depart,174.0,,,,
StationTank,fuel_level_change,fuel_level_change,174.0,,462.0,,
StationTank,fuel_level_change,fuel_level_change,175.0,,462.0,,
StationTank,fuel_level_change,fuel_level_change,176.0,,462.0,,
StationTank,fuel_level_change,fuel_level_change,177.0,,462.0,,
StationTank,fuel_level_change,fuel_level_change,178.0,,462.0,,
StationTank,fuel_level_change,fuel_level_change,179.0,,462.0,,
StationTank,fuel_level_change,fuel_level_change,180.0,,462.0,,
StationTank,fuel_level_change,fuel_level_change,181.0,,462.0,,
StationTank,fuel_level_change,fuel_level_change,182.0,,462.0,,
StationTank,fuel_level_change,fuel_level_change,183.0,,462.0,,
StationTank,fuel_level_change,fuel_level_change,184.0,,462.0,,
StationTank,fuel_level_change,fuel_level_change,185.0,,462.0,,
StationTank,fuel_level_change,fuel_level_change,186.0,,462.0,,
StationTank,fuel_level_change,fuel_level_change,187.0,,462.0,,
StationTank,fuel_level_change,fuel_level_change,188.0,,462.0,,
StationTank,fuel_level_change,fuel_level_change,189.0,,462.0,,
StationTank,fuel_level_change,fuel_level_change,190.0,,462.0,,
StationTank,fuel_level_change,fuel_level_change,191.0,,462.0,,
StationTank,fuel_level_change,fuel_level_change,192.0,,462.0,,
StationTank,fuel_level_change,fuel_level_change,193.0,,462.0,,
StationTank,fuel_level_change,fuel_level_change,194.0,,462.0,,
StationTank,fuel_level_change,fuel_level_change,195.0,,462.0,,
StationTank,fuel_level_change,fuel_level_change,196.0,,462.0,,
Car 3,resource_use_end,payment_ends,197.0,2.0,,18.0,50.0
Car 3,resource_use,pumping_begins,197.0,2.0,,18.0,50.0
StationTank,fuel_level_change,fuel_level_change,197.0,,462.0,,
StationTank,fuel_level_change,fuel_level_change,198.0,,462.0,,
StationTank,fuel_level_change,fuel_level_change,199.0,,462.0,,
StationTank,fuel_level_change,fuel_level_change,200.0,,462.0,,
StationTank,fuel_level_change,fuel_level_change,201.0,,462.0,,
StationTank,fuel_level_change,fuel_level_change,202.0,,462.0,,
StationTank,fuel_level_change,fuel_level_change,203.0,,462.0,,
StationTank,fuel_level_change,fuel_level_change,204.0,,462.0,,
StationTank,fuel_level_change,fuel_level_change,205.0,,462.0,,
StationTank,fuel_level_change,fuel_level_change,206.0,,462.0,,
StationTank,fuel_level_change,fuel_level_change,207.0,,462.0,,
Car 4,arrival_departure,arrival,208.0,,,,
Car 4,queue,pump_queue_wait_begins,208.0,,,7.0,50.0
StationTank,fuel_level_change,fuel_level_change,208.0,,462.0,,
Car 4,resource_use,payment_begins,208.0,1.0,,7.0,50.0
StationTank,fuel_level_change,fuel_level_change,209.0,,419.0,,
StationTank,fuel_level_change,fuel_level_change,210.0,,419.0,,
StationTank,fuel_level_change,fuel_level_change,211.0,,419.0,,
StationTank,fuel_level_change,fuel_level_change,212.0,,419.0,,
StationTank,fuel_level_change,fuel_level_change,213.0,,419.0,,
StationTank,fuel_level_change,fuel_level_change,214.0,,419.0,,
StationTank,fuel_level_change,fuel_level_change,215.0,,419.0,,
StationTank,fuel_level_change,fuel_level_change,216.0,,419.0,,
StationTank,fuel_level_change,fuel_level_change,217.0,,419.0,,
StationTank,fuel_level_change,fuel_level_change,218.0,,419.0,,
StationTank,fuel_level_change,fuel_level_change,219.0,,419.0,,
StationTank,fuel_level_change,fuel_level_change,220.0,,419.0,,
StationTank,fuel_level_change,fuel_level_change,221.0,,419.0,,
StationTank,fuel_level_change,fuel_level_change,222.0,,419.0,,
StationTank,fuel_level_change,fuel_level_change,223.0,,419.0,,
StationTank,fuel_level_change,fuel_level_change,224.0,,419.0,,
StationTank,fuel_level_change,fuel_level_change,225.0,,419.0,,
Car 5,arrival_departure,arrival,226.0,,,,
Car 5,queue,pump_queue_wait_begins,226.0,,,21.0,50.0
StationTank,fuel_level_change,fuel_level_change,226.0,,419.0,,
StationTank,fuel_level_change,fuel_level_change,227.0,,419.0,,
StationTank,fuel_level_change,fuel_level_change,228.0,,419.0,,
Car 3,resource_use_end,pumping_ends,229.0,2.0,,18.0,50.0
Car 3,arrival_departure,depart,229.0,,,,
StationTank,fuel_level_change,fuel_level_change,229.0,,419.0,,
Car 5,resource_use,payment_begins,229.0,2.0,,21.0,50.0
StationTank,fuel_level_change,fuel_level_change,230.0,,390.0,,
StationTank,fuel_level_change,fuel_level_change,231.0,,390.0,,
StationTank,fuel_level_change,fuel_level_change,232.0,,390.0,,
StationTank,fuel_level_change,fuel_level_change,233.0,,390.0,,
StationTank,fuel_level_change,fuel_level_change,234.0,,390.0,,
StationTank,fuel_level_change,fuel_level_change,235.0,,390.0,,
StationTank,fuel_level_change,fuel_level_change,236.0,,390.0,,
StationTank,fuel_level_change,fuel_level_change,237.0,,390.0,,
StationTank,fuel_level_change,fuel_level_change,238.0,,390.0,,
StationTank,fuel_level_change,fuel_level_change,239.0,,390.0,,
StationTank,fuel_level_change,fuel_level_change,240.0,,390.0,,
StationTank,fuel_level_change,fuel_level_change,241.0,,390.0,,
StationTank,fuel_level_change,fuel_level_change,242.0,,390.0,,
StationTank,fuel_level_change,fuel_level_change,243.0,,390.0,,
StationTank,fuel_level_change,fuel_level_change,244.0,,390.0,,
StationTank,fuel_level_change,fuel_level_change,245.0,,390.0,,
StationTank,fuel_level_change,fuel_level_change,246.0,,390.0,,
StationTank,fuel_level_change,fuel_level_change,247.0,,390.0,,
StationTank,fuel_level_change,fuel_level_change,248.0,,390.0,,
StationTank,fuel_level_change,fuel_level_change,249.0,,390.0,,
StationTank,fuel_level_change,fuel_level_change,250.0,,390.0,,
Car 4,resource_use_end,payment_ends,251.0,1.0,,7.0,50.0
Car 4,resource_use,pumping_begins,251.0,1.0,,7.0,50.0
StationTank,fuel_level_change,fuel_level_change,251.0,,390.0,,
StationTank,fuel_level_change,fuel_level_change,252.0,,390.0,,
StationTank,fuel_level_change,fuel_level_change,253.0,,390.0,,
StationTank,fuel_level_change,fuel_level_change,254.0,,390.0,,
StationTank,fuel_level_change,fuel_level_change,255.0,,390.0,,
StationTank,fuel_level_change,fuel_level_change,256.0,,390.0,,
StationTank,fuel_level_change,fuel_level_change,257.0,,390.0,,
StationTank,fuel_level_change,fuel_level_change,258.0,,390.0,,
StationTank,fuel_level_change,fuel_level_change,259.0,,390.0,,
StationTank,fuel_level_change,fuel_level_change,260.0,,390.0,,
StationTank,fuel_level_change,fuel_level_change,261.0,,390.0,,
StationTank,fuel_level_change,fuel_level_change,262.0,,390.0,,
StationTank,fuel_level_change,fuel_level_change,263.0,,390.0,,
StationTank,fuel_level_change,fuel_level_change,264.0,,390.0,,
StationTank,fuel_level_change,fuel_level_change,265.0,,390.0,,
StationTank,fuel_level_change,fuel_level_change,266.0,,390.0,,
StationTank,fuel_level_change,fuel_level_change,267.0,,390.0,,
StationTank,fuel_level_change,fuel_level_change,268.0,,390.0,,
StationTank,fuel_level_change,fuel_level_change,269.0,,390.0,,
Car 6,arrival_departure,arrival,270.0,,,,
Car 6,queue,pump_queue_wait_begins,270.0,,,22.0,50.0
StationTank,fuel_level_change,fuel_level_change,270.0,,390.0,,
StationTank,fuel_level_change,fuel_level_change,271.0,,390.0,,
StationTank,fuel_level_change,fuel_level_change,272.0,,390.0,,
StationTank,fuel_level_change,fuel_level_change,273.0,,390.0,,
StationTank,fuel_level_change,fuel_level_change,274.0,,390.0,,
StationTank,fuel_level_change,fuel_level_change,275.0,,390.0,,
StationTank,fuel_level_change,fuel_level_change,276.0,,390.0,,
StationTank,fuel_level_change,fuel_level_change,277.0,,390.0,,
StationTank,fuel_level_change,fuel_level_change,278.0,,390.0,,
StationTank,fuel_level_change,fuel_level_change,279.0,,390.0,,
StationTank,fuel_level_change,fuel_level_change,280.0,,390.0,,
StationTank,fuel_level_change,fuel_level_change,281.0,,390.0,,
StationTank,fuel_level_change,fuel_level_change,282.0,,390.0,,
StationTank,fuel_level_change,fuel_level_change,283.0,,390.0,,
StationTank,fuel_level_change,fuel_level_change,284.0,,390.0,,
StationTank,fuel_level_change,fuel_level_change,285.0,,390.0,,
StationTank,fuel_level_change,fuel_level_change,286.0,,390.0,,
StationTank,fuel_level_change,fuel_level_change,287.0,,390.0,,
Car 7,arrival_departure,arrival,288.0,,,,
Car 7,queue,pump_queue_wait_begins,288.0,,,25.0,50.0
StationTank,fuel_level_change,fuel_level_change,288.0,,390.0,,
StationTank,fuel_level_change,fuel_level_change,289.0,,390.0,,
StationTank,fuel_level_change,fuel_level_change,290.0,,390.0,,
StationTank,fuel_level_change,fuel_level_change,291.0,,390.0,,
StationTank,fuel_level_change,fuel_level_change,292.0,,390.0,,
StationTank,fuel_level_change,fuel_level_change,293.0,,390.0,,
Car 4,resource_use_end,pumping_ends,294.0,1.0,,7.0,50.0
Car 4,arrival_departure,depart,294.0,,,,
StationTank,fuel_level_change,fuel_level_change,294.0,,390.0,,
Car 6,resource_use,payment_begins,294.0,1.0,,22.0,50.0
StationTank,fuel_level_change,fuel_level_change,295.0,,362.0,,
StationTank,fuel_level_change,fuel_level_change,296.0,,362.0,,
Car 5,resource_use_end,payment_ends,297.0,2.0,,21.0,50.0
Car 5,resource_use,pumping_begins,297.0,2.0,,21.0,50.0
StationTank,fuel_level_change,fuel_level_change,297.0,,362.0,,
StationTank,fuel_level_change,fuel_level_change,298.0,,362.0,,
StationTank,fuel_level_change,fuel_level_change,299.0,,362.0,,
StationTank,fuel_level_change,fuel_level_change,300.0,,362.0,,
StationTank,fuel_level_change,fuel_level_change,301.0,,362.0,,
StationTank,fuel_level_change,fuel_level_change,302.0,,362.0,,
StationTank,fuel_level_change,fuel_level_change,303.0,,362.0,,
StationTank,fuel_level_change,fuel_level_change,304.0,,362.0,,
StationTank,fuel_level_change,fuel_level_change,305.0,,362.0,,
StationTank,fuel_level_change,fuel_level_change,306.0,,362.0,,
StationTank,fuel_level_change,fuel_level_change,307.0,,362.0,,
StationTank,fuel_level_change,fuel_level_change,308.0,,362.0,,
StationTank,fuel_level_change,fuel_level_change,309.0,,362.0,,
StationTank,fuel_level_change,fuel_level_change,310.0,,362.0,,
StationTank,fuel_level_change,fuel_level_change,311.0,,362.0,,
StationTank,fuel_level_change,fuel_level_change,312.0,,362.0,,
StationTank,fuel_level_change,fuel_level_change,313.0,,362.0,,
StationTank,fuel_level_change,fuel_level_change,314.0,,362.0,,
StationTank,fuel_level_change,fuel_level_change,315.0,,362.0,,
StationTank,fuel_level_change,fuel_level_change,316.0,,362.0,,
StationTank,fuel_level_change,fuel_level_change,317.0,,362.0,,
StationTank,fuel_level_change,fuel_level_change,318.0,,362.0,,
StationTank,fuel_level_change,fuel_level_change,319.0,,362.0,,
StationTank,fuel_level_change,fuel_level_change,320.0,,362.0,,
StationTank,fuel_level_change,fuel_level_change,321.0,,362.0,,
StationTank,fuel_level_change,fuel_level_change,322.0,,362.0,,
StationTank,fuel_level_change,fuel_level_change,323.0,,362.0,,
StationTank,fuel_level_change,fuel_level_change,324.0,,362.0,,
StationTank,fuel_level_change,fuel_level_change,325.0,,362.0,,
Car 5,resource_use_end,pumping_ends,326.0,2.0,,21.0,50.0
Car 5,arrival_departure,depart,326.0,,,,
StationTank,fuel_level_change,fuel_level_change,326.0,,362.0,,
Car 7,resource_use,payment_begins,326.0,2.0,,25.0,50.0
StationTank,fuel_level_change,fuel_level_change,327.0,,337.0,,
Car 8,arrival_departure,arrival,328.0,,,,
Car 8,queue,pump_queue_wait_begins,328.0,,,12.0,50.0
StationTank,fuel_level_change,fuel_level_change,328.0,,337.0,,
StationTank,fuel_level_change,fuel_level_change,329.0,,337.0,,
StationTank,fuel_level_change,fuel_level_change,330.0,,337.0,,
StationTank,fuel_level_change,fuel_level_change,331.0,,337.0,,
StationTank,fuel_level_change,fuel_level_change,332.0,,337.0,,
StationTank,fuel_level_change,fuel_level_change,333.0,,337.0,,
StationTank,fuel_level_change,fuel_level_change,334.0,,337.0,,
StationTank,fuel_level_change,fuel_level_change,335.0,,337.0,,
StationTank,fuel_level_change,fuel_level_change,336.0,,337.0,,
StationTank,fuel_level_change,fuel_level_change,337.0,,337.0,,
StationTank,fuel_level_change,fuel_level_change,338.0,,337.0,,
StationTank,fuel_level_change,fuel_level_change,339.0,,337.0,,
StationTank,fuel_level_change,fuel_level_change,340.0,,337.0,,
StationTank,fuel_level_change,fuel_level_change,341.0,,337.0,,
StationTank,fuel_level_change,fuel_level_change,342.0,,337.0,,
StationTank,fuel_level_change,fuel_level_change,343.0,,337.0,,
StationTank,fuel_level_change,fuel_level_change,344.0,,337.0,,
StationTank,fuel_level_change,fuel_level_change,345.0,,337.0,,
StationTank,fuel_level_change,fuel_level_change,346.0,,337.0,,
StationTank,fuel_level_change,fuel_level_change,347.0,,337.0,,
StationTank,fuel_level_change,fuel_level_change,348.0,,337.0,,
StationTank,fuel_level_change,fuel_level_change,349.0,,337.0,,
StationTank,fuel_level_change,fuel_level_change,350.0,,337.0,,
StationTank,fuel_level_change,fuel_level_change,351.0,,337.0,,
StationTank,fuel_level_change,fuel_level_change,352.0,,337.0,,
StationTank,fuel_level_change,fuel_level_change,353.0,,337.0,,
StationTank,fuel_level_change,fuel_level_change,354.0,,337.0,,
StationTank,fuel_level_change,fuel_level_change,355.0,,337.0,,
StationTank,fuel_level_change,fuel_level_change,356.0,,337.0,,
StationTank,fuel_level_change,fuel_level_change,357.0,,337.0,,
StationTank,fuel_level_change,fuel_level_change,358.0,,337.0,,
StationTank,fuel_level_change,fuel_level_change,359.0,,337.0,,
StationTank,fuel_level_change,fuel_level_change,360.0,,337.0,,
StationTank,fuel_level_change,fuel_level_change,361.0,,337.0,,
StationTank,fuel_level_change,fuel_level_change,362.0,,337.0,,
StationTank,fuel_level_change,fuel_level_change,363.0,,337.0,,
StationTank,fuel_level_change,fuel_level_change,364.0,,337.0,,
StationTank,fuel_level_change,fuel_level_change,365.0,,337.0,,
StationTank,fuel_level_change,fuel_level_change,366.0,,337.0,,
StationTank,fuel_level_change,fuel_level_change,367.0,,337.0,,
Car 6,resource_use_end,payment_ends,368.0,1.0,,22.0,50.0
Car 6,resource_use,pumping_begins,368.0,1.0,,22.0,50.0
StationTank,fuel_level_change,fuel_level_change,368.0,,337.0,,
StationTank,fuel_level_change,fuel_level_change,369.0,,337.0,,
StationTank,fuel_level_change,fuel_level_change,370.0,,337.0,,
StationTank,fuel_level_change,fuel_level_change,371.0,,337.0,,
StationTank,fuel_level_change,fuel_level_change,372.0,,337.0,,
StationTank,fuel_level_change,fuel_level_change,373.0,,337.0,,
StationTank,fuel_level_change,fuel_level_change,374.0,,337.0,,
StationTank,fuel_level_change,fuel_level_change,375.0,,337.0,,
StationTank,fuel_level_change,fuel_level_change,376.0,,337.0,,
StationTank,fuel_level_change,fuel_level_change,377.0,,337.0,,
StationTank,fuel_level_change,fuel_level_change,378.0,,337.0,,
StationTank,fuel_level_change,fuel_level_change,379.0,,337.0,,
StationTank,fuel_level_change,fuel_level_change,380.0,,337.0,,
StationTank,fuel_level_change,fuel_level_change,381.0,,337.0,,
StationTank,fuel_level_change,fuel_level_change,382.0,,337.0,,
StationTank,fuel_level_change,fuel_level_change,383.0,,337.0,,
StationTank,fuel_level_change,fuel_level_change,384.0,,337.0,,
StationTank,fuel_level_change,fuel_level_change,385.0,,337.0,,
StationTank,fuel_level_change,fuel_level_change,386.0,,337.0,,
StationTank,fuel_level_change,fuel_level_change,387.0,,337.0,,
StationTank,fuel_level_change,fuel_level_change,388.0,,337.0,,
StationTank,fuel_level_change,fuel_level_change,389.0,,337.0,,
Car 7,resource_use_end,payment_ends,390.0,2.0,,25.0,50.0
Car 7,resource_use,pumping_begins,390.0,2.0,,25.0,50.0
StationTank,fuel_level_change,fuel_level_change,390.0,,337.0,,
StationTank,fuel_level_change,fuel_level_change,391.0,,337.0,,
StationTank,fuel_level_change,fuel_level_change,392.0,,337.0,,
StationTank,fuel_level_change,fuel_level_change,393.0,,337.0,,
StationTank,fuel_level_change,fuel_level_change,394.0,,337.0,,
StationTank,fuel_level_change,fuel_level_change,395.0,,337.0,,
Car 9,arrival_departure,arrival,396.0,,,,
Car 9,queue,pump_queue_wait_begins,396.0,,,23.0,50.0
Car 6,resource_use_end,pumping_ends,396.0,1.0,,22.0,50.0
Car 6,arrival_departure,depart,396.0,,,,
StationTank,fuel_level_change,fuel_level_change,396.0,,337.0,,
Car 8,resource_use,payment_begins,396.0,1.0,,12.0,50.0
StationTank,fuel_level_change,fuel_level_change,397.0,,299.0,,
StationTank,fuel_level_change,fuel_level_change,398.0,,299.0,,
StationTank,fuel_level_change,fuel_level_change,399.0,,299.0,,
StationTank,fuel_level_change,fuel_level_change,400.0,,299.0,,
StationTank,fuel_level_change,fuel_level_change,401.0,,299.0,,
StationTank,fuel_level_change,fuel_level_change,402.0,,299.0,,
StationTank,fuel_level_change,fuel_level_change,403.0,,299.0,,
StationTank,fuel_level_change,fuel_level_change,404.0,,299.0,,
StationTank,fuel_level_change,fuel_level_change,405.0,,299.0,,
StationTank,fuel_level_change,fuel_level_change,406.0,,299.0,,
StationTank,fuel_level_change,fuel_level_change,407.0,,299.0,,
StationTank,fuel_level_change,fuel_level_change,408.0,,299.0,,
StationTank,fuel_level_change,fuel_level_change,409.0,,299.0,,
StationTank,fuel_level_change,fuel_level_change,410.0,,299.0,,
StationTank,fuel_level_change,fuel_level_change,411.0,,299.0,,
StationTank,fuel_level_change,fuel_level_change,412.0,,299.0,,
StationTank,fuel_level_change,fuel_level_change,413.0,,299.0,,
StationTank,fuel_level_change,fuel_level_change,414.0,,299.0,,
Car 7,resource_use_end,pumping_ends,415.0,2.0,,25.0,50.0
Car 7,arrival_departure,depart,415.0,,,,
StationTank,fuel_level_change,fuel_level_change,415.0,,299.0,,
Car 9,resource_use,payment_begins,415.0,2.0,,23.0,50.0
StationTank,fuel_level_change,fuel_level_change,416.0,,272.0,,
StationTank,fuel_level_change,fuel_level_change,417.0,,272.0,,
StationTank,fuel_level_change,fuel_level_change,418.0,,272.0,,
StationTank,fuel_level_change,fuel_level_change,419.0,,272.0,,
StationTank,fuel_level_change,fuel_level_change,420.0,,272.0,,
StationTank,fuel_level_change,fuel_level_change,421.0,,272.0,,
StationTank,fuel_level_change,fuel_level_change,422.0,,272.0,,
StationTank,fuel_level_change,fuel_level_change,423.0,,272.0,,
StationTank,fuel_level_change,fuel_level_change,424.0,,272.0,,
StationTank,fuel_level_change,fuel_level_change,425.0,,272.0,,
StationTank,fuel_level_change,fuel_level_change,426.0,,272.0,,
StationTank,fuel_level_change,fuel_level_change,427.0,,272.0,,
StationTank,fuel_level_change,fuel_level_change,428.0,,272.0,,
StationTank,fuel_level_change,fuel_level_change,429.0,,272.0,,
StationTank,fuel_level_change,fuel_level_change,430.0,,272.0,,
StationTank,fuel_level_change,fuel_level_change,431.0,,272.0,,
StationTank,fuel_level_change,fuel_level_change,432.0,,272.0,,
StationTank,fuel_level_change,fuel_level_change,433.0,,272.0,,
StationTank,fuel_level_change,fuel_level_change,434.0,,272.0,,
StationTank,fuel_level_change,fuel_level_change,435.0,,272.0,,
StationTank,fuel_level_change,fuel_level_change,436.0,,272.0,,
StationTank,fuel_level_change,fuel_level_change,437.0,,272.0,,
StationTank,fuel_level_change,fuel_level_change,438.0,,272.0,,
StationTank,fuel_level_change,fuel_level_change,439.0,,272.0,,
StationTank,fuel_level_change,fuel_level_change,440.0,,272.0,,
StationTank,fuel_level_change,fuel_level_change,441.0,,272.0,,
StationTank,fuel_level_change,fuel_level_change,442.0,,272.0,,
Car 8,resource_use_end,payment_ends,443.0,1.0,,12.0,50.0
Car 8,resource_use,pumping_begins,443.0,1.0,,12.0,50.0
StationTank,fuel_level_change,fuel_level_change,443.0,,272.0,,
StationTank,fuel_level_change,fuel_level_change,444.0,,272.0,,
StationTank,fuel_level_change,fuel_level_change,445.0,,272.0,,
StationTank,fuel_level_change,fuel_level_change,446.0,,272.0,,
StationTank,fuel_level_change,fuel_level_change,447.0,,272.0,,
StationTank,fuel_level_change,fuel_level_change,448.0,,272.0,,
StationTank,fuel_level_change,fuel_level_change,449.0,,272.0,,
StationTank,fuel_level_change,fuel_level_change,450.0,,272.0,,
StationTank,fuel_level_change,fuel_level_change,451.0,,272.0,,
StationTank,fuel_level_change,fuel_level_change,452.0,,272.0,,
StationTank,fuel_level_change,fuel_level_change,453.0,,272.0,,
StationTank,fuel_level_change,fuel_level_change,454.0,,272.0,,
StationTank,fuel_level_change,fuel_level_change,455.0,,272.0,,
StationTank,fuel_level_change,fuel_level_change,456.0,,272.0,,
StationTank,fuel_level_change,fuel_level_change,457.0,,272.0,,
StationTank,fuel_level_change,fuel_level_change,458.0,,272.0,,
StationTank,fuel_level_change,fuel_level_change,459.0,,272.0,,
StationTank,fuel_level_change,fuel_level_change,460.0,,272.0,,
StationTank,fuel_level_change,fuel_level_change,461.0,,272.0,,
StationTank,fuel_level_change,fuel_level_change,462.0,,272.0,,
StationTank,fuel_level_change,fuel_level_change,463.0,,272.0,,
StationTank,fuel_level_change,fuel_level_change,464.0,,272.0,,
StationTank,fuel_level_change,fuel_level_change,465.0,,272.0,,
StationTank,fuel_level_change,fuel_level_change,466.0,,272.0,,
StationTank,fuel_level_change,fuel_level_change,467.0,,272.0,,
Car 10,arrival_departure,arrival,468.0,,,,
Car 10,queue,pump_queue_wait_begins,468.0,,,10.0,50.0
StationTank,fuel_level_change,fuel_level_change,468.0,,272.0,,
StationTank,fuel_level_change,fuel_level_change,469.0,,272.0,,
StationTank,fuel_level_change,fuel_level_change,470.0,,272.0,,
StationTank,fuel_level_change,fuel_level_change,471.0,,272.0,,
StationTank,fuel_level_change,fuel_level_change,472.0,,272.0,,
StationTank,fuel_level_change,fuel_level_change,473.0,,272.0,,
StationTank,fuel_level_change,fuel_level_change,474.0,,272.0,,
StationTank,fuel_level_change,fuel_level_change,475.0,,272.0,,
StationTank,fuel_level_change,fuel_level_change,476.0,,272.0,,
StationTank,fuel_level_change,fuel_level_change,477.0,,272.0,,
StationTank,fuel_level_change,fuel_level_change,478.0,,272.0,,
StationTank,fuel_level_change,fuel_level_change,479.0,,272.0,,
StationTank,fuel_level_change,fuel_level_change,480.0,,272.0,,
Car 8,resource_use_end,pumping_ends,481.0,1.0,,12.0,50.0
Car 8,arrival_departure,depart,481.0,,,,
StationTank,fuel_level_change,fuel_level_change,481.0,,272.0,,
Car 10,resource_use,payment_begins,481.0,1.0,,10.0,50.0
StationTank,fuel_level_change,fuel_level_change,482.0,,232.0,,
Car 11,arrival_departure,arrival,483.0,,,,
Car 11,queue,pump_queue_wait_begins,483.0,,,15.0,50.0
StationTank,fuel_level_change,fuel_level_change,483.0,,232.0,,
StationTank,fuel_level_change,fuel_level_change,484.0,,232.0,,
StationTank,fuel_level_change,fuel_level_change,485.0,,232.0,,
StationTank,fuel_level_change,fuel_level_change,486.0,,232.0,,
StationTank,fuel_level_change,fuel_level_change,487.0,,232.0,,
StationTank,fuel_level_change,fuel_level_change,488.0,,232.0,,
StationTank,fuel_level_change,fuel_level_change,489.0,,232.0,,
StationTank,fuel_level_change,fuel_level_change,490.0,,232.0,,
StationTank,fuel_level_change,fuel_level_change,491.0,,232.0,,
StationTank,fuel_level_change,fuel_level_change,492.0,,232.0,,
StationTank,fuel_level_change,fuel_level_change,493.0,,232.0,,
StationTank,fuel_level_change,fuel_level_change,494.0,,232.0,,
StationTank,fuel_level_change,fuel_level_change,495.0,,232.0,,
Car 9,resource_use_end,payment_ends,496.0,2.0,,23.0,50.0
Car 9,resource_use,pumping_begins,496.0,2.0,,23.0,50.0
StationTank,fuel_level_change,fuel_level_change,496.0,,232.0,,
StationTank,fuel_level_change,fuel_level_change,497.0,,232.0,,
StationTank,fuel_level_change,fuel_level_change,498.0,,232.0,,
StationTank,fuel_level_change,fuel_level_change,499.0,,232.0,,
StationTank,fuel_level_change,fuel_level_change,500.0,,232.0,,
StationTank,fuel_level_change,fuel_level_change,501.0,,232.0,,
StationTank,fuel_level_change,fuel_level_change,502.0,,232.0,,
StationTank,fuel_level_change,fuel_level_change,503.0,,232.0,,
StationTank,fuel_level_change,fuel_level_change,504.0,,232.0,,
StationTank,fuel_level_change,fuel_level_change,505.0,,232.0,,
StationTank,fuel_level_change,fuel_level_change,506.0,,232.0,,
StationTank,fuel_level_change,fuel_level_change,507.0,,232.0,,
StationTank,fuel_level_change,fuel_level_change,508.0,,232.0,,
StationTank,fuel_level_change,fuel_level_change,509.0,,232.0,,
StationTank,fuel_level_change,fuel_level_change,510.0,,232.0,,
StationTank,fuel_level_change,fuel_level_change,511.0,,232.0,,
StationTank,fuel_level_change,fuel_level_change,512.0,,232.0,,
StationTank,fuel_level_change,fuel_level_change,513.0,,232.0,,
StationTank,fuel_level_change,fuel_level_change,514.0,,232.0,,
StationTank,fuel_level_change,fuel_level_change,515.0,,232.0,,
StationTank,fuel_level_change,fuel_level_change,516.0,,232.0,,
StationTank,fuel_level_change,fuel_level_change,517.0,,232.0,,
StationTank,fuel_level_change,fuel_level_change,518.0,,232.0,,
StationTank,fuel_level_change,fuel_level_change,519.0,,232.0,,
StationTank,fuel_level_change,fuel_level_change,520.0,,232.0,,
StationTank,fuel_level_change,fuel_level_change,521.0,,232.0,,
StationTank,fuel_level_change,fuel_level_change,522.0,,232.0,,
Car 9,resource_use_end,pumping_ends,523.0,2.0,,23.0,50.0
Car 9,arrival_departure,depart,523.0,,,,
StationTank,fuel_level_change,fuel_level_change,523.0,,232.0,,
Car 11,resource_use,payment_begins,523.0,2.0,,15.0,50.0
StationTank,fuel_level_change,fuel_level_change,524.0,,197.0,,
StationTank,fuel_level_change,fuel_level_change,525.0,,197.0,,
StationTank,fuel_level_change,fuel_level_change,526.0,,197.0,,
StationTank,fuel_level_change,fuel_level_change,527.0,,197.0,,
StationTank,fuel_level_change,fuel_level_change,528.0,,197.0,,
StationTank,fuel_level_change,fuel_level_change,529.0,,197.0,,
StationTank,fuel_level_change,fuel_level_change,530.0,,197.0,,
StationTank,fuel_level_change,fuel_level_change,531.0,,197.0,,
StationTank,fuel_level_change,fuel_level_change,532.0,,197.0,,
StationTank,fuel_level_change,fuel_level_change,533.0,,197.0,,
StationTank,fuel_level_change,fuel_level_change,534.0,,197.0,,
StationTank,fuel_level_change,fuel_level_change,535.0,,197.0,,
StationTank,fuel_level_change,fuel_level_change,536.0,,197.0,,
StationTank,fuel_level_change,fuel_level_change,537.0,,197.0,,
StationTank,fuel_level_change,fuel_level_change,538.0,,197.0,,
StationTank,fuel_level_change,fuel_level_change,539.0,,197.0,,
StationTank,fuel_level_change,fuel_level_change,540.0,,197.0,,
StationTank,fuel_level_change,fuel_level_change,541.0,,197.0,,
StationTank,fuel_level_change,fuel_level_change,542.0,,197.0,,
StationTank,fuel_level_change,fuel_level_change,543.0,,197.0,,
StationTank,fuel_level_change,fuel_level_change,544.0,,197.0,,
StationTank,fuel_level_change,fuel_level_change,545.0,,197.0,,
StationTank,fuel_level_change,fuel_level_change,546.0,,197.0,,
StationTank,fuel_level_change,fuel_level_change,547.0,,197.0,,
StationTank,fuel_level_change,fuel_level_change,548.0,,197.0,,
StationTank,fuel_level_change,fuel_level_change,549.0,,197.0,,
StationTank,fuel_level_change,fuel_level_change,550.0,,197.0,,
StationTank,fuel_level_change,fuel_level_change,551.0,,197.0,,
Car 12,arrival_departure,arrival,552.0,,,,
Car 12,queue,pump_queue_wait_begins,552.0,,,11.0,50.0
StationTank,fuel_level_change,fuel_level_change,552.0,,197.0,,
StationTank,fuel_level_change,fuel_level_change,553.0,,197.0,,
StationTank,fuel_level_change,fuel_level_change,554.0,,197.0,,
Car 10,resource_use_end,payment_ends,555.0,1.0,,10.0,50.0
Car 10,resource_use,pumping_begins,555.0,1.0,,10.0,50.0
StationTank,fuel_level_change,fuel_level_change,555.0,,197.0,,
StationTank,fuel_level_change,fuel_level_change,556.0,,197.0,,
StationTank,fuel_level_change,fuel_level_change,557.0,,197.0,,
StationTank,fuel_level_change,fuel_level_change,558.0,,197.0,,
StationTank,fuel_level_change,fuel_level_change,559.0,,197.0,,
StationTank,fuel_level_change,fuel_level_change,560.0,,197.0,,
StationTank,fuel_level_change,fuel_level_change,561.0,,197.0,,
StationTank,fuel_level_change,fuel_level_change,562.0,,197.0,,
StationTank,fuel_level_change,fuel_level_change,563.0,,197.0,,
StationTank,fuel_level_change,fuel_level_change,564.0,,197.0,,
StationTank,fuel_level_change,fuel_level_change,565.0,,197.0,,
StationTank,fuel_level_change,fuel_level_change,566.0,,197.0,,
StationTank,fuel_level_change,fuel_level_change,567.0,,197.0,,
StationTank,fuel_level_change,fuel_level_change,568.0,,197.0,,
StationTank,fuel_level_change,fuel_level_change,569.0,,197.0,,
Car 11,resource_use_end,payment_ends,570.0,2.0,,15.0,50.0
Car 11,resource_use,pumping_begins,570.0,2.0,,15.0,50.0
StationTank,fuel_level_change,fuel_level_change,570.0,,197.0,,
StationTank,fuel_level_change,fuel_level_change,571.0,,197.0,,
StationTank,fuel_level_change,fuel_level_change,572.0,,197.0,,
StationTank,fuel_level_change,fuel_level_change,573.0,,197.0,,
StationTank,fuel_level_change,fuel_level_change,574.0,,197.0,,
StationTank,fuel_level_change,fuel_level_change,575.0,,197.0,,
StationTank,fuel_level_change,fuel_level_change,576.0,,197.0,,
StationTank,fuel_level_change,fuel_level_change,577.0,,197.0,,
StationTank,fuel_level_change,fuel_level_change,578.0,,197.0,,
StationTank,fuel_level_change,fuel_level_change,579.0,,197.0,,
StationTank,fuel_level_change,fuel_level_change,580.0,,197.0,,
StationTank,fuel_level_change,fuel_level_change,581.0,,197.0,,
StationTank,fuel_level_change,fuel_level_change,582.0,,197.0,,
StationTank,fuel_level_change,fuel_level_change,583.0,,197.0,,
StationTank,fuel_level_change,fuel_level_change,584.0,,197.0,,
StationTank,fuel_level_change,fuel_level_change,585.0,,197.0,,
Car 13,arrival_departure,arrival,586.0,,,,
Car 13,queue,pump_queue_wait_begins,586.0,,,8.0,50.0
StationTank,fuel_level_change,fuel_level_change,586.0,,197.0,,
StationTank,fuel_level_change,fuel_level_change,587.0,,197.0,,
StationTank,fuel_level_change,fuel_level_change,588.0,,197.0,,
StationTank,fuel_level_change,fuel_level_change,589.0,,197.0,,
StationTank,fuel_level_change,fuel_level_change,590.0,,197.0,,
StationTank,fuel_level_change,fuel_level_change,591.0,,197.0,,
StationTank,fuel_level_change,fuel_level_change,592.0,,197.0,,
StationTank,fuel_level_change,fuel_level_change,593.0,,197.0,,
StationTank,fuel_level_change,fuel_level_change,594.0,,197.0,,
Car 10,resource_use_end,pumping_ends,595.0,1.0,,10.0,50.0
Car 10,arrival_departure,depart,595.0,,,,
StationTank,fuel_level_change,fuel_level_change,595.0,,197.0,,
Car 12,resource_use,payment_begins,595.0,1.0,,11.0,50.0
StationTank,fuel_level_change,fuel_level_change,596.0,,158.0,,
StationTank,fuel_level_change,fuel_level_change,597.0,,158.0,,
StationTank,fuel_level_change,fuel_level_change,598.0,,158.0,,
StationTank,fuel_level_change,fuel_level_change,599.0,,158.0,,
StationTank,fuel_level_change,fuel_level_change,600.0,,158.0,,
StationTank,fuel_level_change,fuel_level_change,601.0,,158.0,,
StationTank,fuel_level_change,fuel_level_change,602.0,,158.0,,
StationTank,fuel_level_change,fuel_level_change,603.0,,158.0,,
StationTank,fuel_level_change,fuel_level_change,604.0,,158.0,,
Car 11,resource_use_end,pumping_ends,605.0,2.0,,15.0,50.0
Car 11,arrival_departure,depart,605.0,,,,
StationTank,fuel_level_change,fuel_level_change,605.0,,158.0,,
Car 13,resource_use,payment_begins,605.0,2.0,,8.0,50.0
StationTank,fuel_level_change,fuel_level_change,606.0,,116.0,,
StationTank,fuel_level_change,fuel_level_change,607.0,,116.0,,
StationTank,fuel_level_change,fuel_level_change,608.0,,116.0,,
StationTank,fuel_level_change,fuel_level_change,609.0,,116.0,,
StationTank,fuel_level_change,fuel_level_change,610.0,,116.0,,
StationTank,fuel_level_change,fuel_level_change,611.0,,116.0,,
StationTank,fuel_level_change,fuel_level_change,612.0,,116.0,,
StationTank,fuel_level_change,fuel_level_change,613.0,,116.0,,
StationTank,fuel_level_change,fuel_level_change,614.0,,116.0,,
StationTank,fuel_level_change,fuel_level_change,615.0,,116.0,,
StationTank,fuel_level_change,fuel_level_change,616.0,,116.0,,
StationTank,fuel_level_change,fuel_level_change,617.0,,116.0,,
StationTank,fuel_level_change,fuel_level_change,618.0,,116.0,,
StationTank,fuel_level_change,fuel_level_change,619.0,,116.0,,
StationTank,fuel_level_change,fuel_level_change,620.0,,116.0,,
StationTank,fuel_level_change,fuel_level_change,621.0,,116.0,,
StationTank,fuel_level_change,fuel_level_change,622.0,,116.0,,
StationTank,fuel_level_change,fuel_level_change,623.0,,116.0,,
StationTank,fuel_level_change,fuel_level_change,624.0,,116.0,,
StationTank,fuel_level_change,fuel_level_change,625.0,,116.0,,
StationTank,fuel_level_change,fuel_level_change,626.0,,116.0,,
StationTank,fuel_level_change,fuel_level_change,627.0,,116.0,,
StationTank,fuel_level_change,fuel_level_change,628.0,,116.0,,
StationTank,fuel_level_change,fuel_level_change,629.0,,116.0,,
Car 12,resource_use_end,payment_ends,630.0,1.0,,11.0,50.0
Car 12,resource_use,pumping_begins,630.0,1.0,,11.0,50.0
StationTank,fuel_level_change,fuel_level_change,630.0,,116.0,,
StationTank,fuel_level_change,fuel_level_change,631.0,,116.0,,
StationTank,fuel_level_change,fuel_level_change,632.0,,116.0,,
StationTank,fuel_level_change,fuel_level_change,633.0,,116.0,,
StationTank,fuel_level_change,fuel_level_change,634.0,,116.0,,
StationTank,fuel_level_change,fuel_level_change,635.0,,116.0,,
StationTank,fuel_level_change,fuel_level_change,636.0,,116.0,,
StationTank,fuel_level_change,fuel_level_change,637.0,,116.0,,
StationTank,fuel_level_change,fuel_level_change,638.0,,116.0,,
StationTank,fuel_level_change,fuel_level_change,639.0,,116.0,,
StationTank,fuel_level_change,fuel_level_change,640.0,,116.0,,
StationTank,fuel_level_change,fuel_level_change,641.0,,116.0,,
StationTank,fuel_level_change,fuel_level_change,642.0,,116.0,,
StationTank,fuel_level_change,fuel_level_change,643.0,,116.0,,
Car 14,arrival_departure,arrival,644.0,,,,
Car 14,queue,pump_queue_wait_begins,644.0,,,16.0,50.0
StationTank,fuel_level_change,fuel_level_change,644.0,,116.0,,
StationTank,fuel_level_change,fuel_level_change,645.0,,116.0,,
StationTank,fuel_level_change,fuel_level_change,646.0,,116.0,,
StationTank,fuel_level_change,fuel_level_change,647.0,,116.0,,
StationTank,fuel_level_change,fuel_level_change,648.0,,116.0,,
StationTank,fuel_level_change,fuel_level_change,649.0,,116.0,,
StationTank,fuel_level_change,fuel_level_change,650.0,,116.0,,
StationTank,fuel_level_change,fuel_level_change,651.0,,116.0,,
StationTank,fuel_level_change,fuel_level_change,652.0,,116.0,,
StationTank,fuel_level_change,fuel_level_change,653.0,,116.0,,
StationTank,fuel_level_change,fuel_level_change,654.0,,116.0,,
StationTank,fuel_level_change,fuel_level_change,655.0,,116.0,,
StationTank,fuel_level_change,fuel_level_change,656.0,,116.0,,
StationTank,fuel_level_change,fuel_level_change,657.0,,116.0,,
StationTank,fuel_level_change,fuel_level_change,658.0,,116.0,,
Car 13,resource_use_end,payment_ends,659.0,2.0,,8.0,50.0
Car 13,resource_use,pumping_begins,659.0,2.0,,8.0,50.0
StationTank,fuel_level_change,fuel_level_change,659.0,,116.0,,
StationTank,fuel_level_change,fuel_level_change,660.0,,116.0,,
StationTank,fuel_level_change,fuel_level_change,661.0,,116.0,,
StationTank,fuel_level_change,fuel_level_change,662.0,,116.0,,
StationTank,fuel_level_change,fuel_level_change,663.0,,116.0,,
StationTank,fuel_level_change,fuel_level_change,664.0,,116.0,,
StationTank,fuel_level_change,fuel_level_change,665.0,,116.0,,
StationTank,fuel_level_change,fuel_level_change,666.0,,116.0,,
StationTank,fuel_level_change,fuel_level_change,667.0,,116.0,,
StationTank,fuel_level_change,fuel_level_change,668.0,,116.0,,
Car 12,resource_use_end,pumping_ends,669.0,1.0,,11.0,50.0
Car 12,arrival_departure,depart,669.0,,,,
StationTank,fuel_level_change,fuel_level_change,669.0,,116.0,,
Car 14,resource_use,payment_begins,669.0,1.0,,16.0,50.0
StationTank,fuel_level_change,fuel_level_change,670.0,,82.0,,
Car 15,arrival_departure,arrival,671.0,,,,
Car 15,queue,pump_queue_wait_begins,671.0,,,24.0,50.0
StationTank,fuel_level_change,fuel_level_change,671.0,,82.0,,
StationTank,fuel_level_change,fuel_level_change,672.0,,82.0,,
StationTank,fuel_level_change,fuel_level_change,673.0,,82.0,,
StationTank,fuel_level_change,fuel_level_change,674.0,,82.0,,
StationTank,fuel_level_change,fuel_level_change,675.0,,82.0,,
StationTank,fuel_level_change,fuel_level_change,676.0,,82.0,,
StationTank,fuel_level_change,fuel_level_change,677.0,,82.0,,
StationTank,fuel_level_change,fuel_level_change,678.0,,82.0,,
StationTank,fuel_level_change,fuel_level_change,679.0,,82.0,,
StationTank,fuel_level_change,fuel_level_change,680.0,,82.0,,
StationTank,fuel_level_change,fuel_level_change,681.0,,82.0,,
StationTank,fuel_level_change,fuel_level_change,682.0,,82.0,,
StationTank,fuel_level_change,fuel_level_change,683.0,,82.0,,
StationTank,fuel_level_change,fuel_level_change,684.0,,82.0,,
StationTank,fuel_level_change,fuel_level_change,685.0,,82.0,,
StationTank,fuel_level_change,fuel_level_change,686.0,,82.0,,
StationTank,fuel_level_change,fuel_level_change,687.0,,82.0,,
StationTank,fuel_level_change,fuel_level_change,688.0,,82.0,,
StationTank,fuel_level_change,fuel_level_change,689.0,,82.0,,
StationTank,fuel_level_change,fuel_level_change,690.0,,82.0,,
StationTank,fuel_level_change,fuel_level_change,691.0,,82.0,,
StationTank,fuel_level_change,fuel_level_change,692.0,,82.0,,
StationTank,fuel_level_change,fuel_level_change,693.0,,82.0,,
StationTank,fuel_level_change,fuel_level_change,694.0,,82.0,,
StationTank,fuel_level_change,fuel_level_change,695.0,,82.0,,
StationTank,fuel_level_change,fuel_level_change,696.0,,82.0,,
StationTank,fuel_level_change,fuel_level_change,697.0,,82.0,,
StationTank,fuel_level_change,fuel_level_change,698.0,,82.0,,
StationTank,fuel_level_change,fuel_level_change,699.0,,82.0,,
StationTank,fuel_level_change,fuel_level_change,700.0,,82.0,,
Car 13,resource_use_end,pumping_ends,701.0,2.0,,8.0,50.0
Car 13,arrival_departure,depart,701.0,,,,
StationTank,fuel_level_change,fuel_level_change,701.0,,82.0,,
Car 15,resource_use,payment_begins,701.0,2.0,,24.0,50.0
StationTank,fuel_level_change,fuel_level_change,702.0,,56.0,,
StationTank,fuel_level_change,fuel_level_change,703.0,,56.0,,
StationTank,fuel_level_change,fuel_level_change,704.0,,56.0,,
StationTank,fuel_level_change,fuel_level_change,705.0,,56.0,,
StationTank,fuel_level_change,fuel_level_change,706.0,,56.0,,
StationTank,fuel_level_change,fuel_level_change,707.0,,56.0,,
StationTank,fuel_level_change,fuel_level_change,708.0,,56.0,,
StationTank,fuel_level_change,fuel_level_change,709.0,,56.0,,
StationTank,fuel_level_change,fuel_level_change,710.0,,56.0,,
StationTank,fuel_level_change,fuel_level_change,711.0,,56.0,,
StationTank,fuel_level_change,fuel_level_change,712.0,,56.0,,
StationTank,fuel_level_change,fuel_level_change,713.0,,56.0,,
StationTank,fuel_level_change,fuel_level_change,714.0,,56.0,,
StationTank,fuel_level_change,fuel_level_change,715.0,,56.0,,
StationTank,fuel_level_change,fuel_level_change,716.0,,56.0,,
StationTank,fuel_level_change,fuel_level_change,717.0,,56.0,,
StationTank,fuel_level_change,fuel_level_change,718.0,,56.0,,
StationTank,fuel_level_change,fuel_level_change,719.0,,56.0,,
Call 0,arrival_departure,arrival,720.0,,,,
Call 0,queue,calling_truck,720.0,,,,
StationTank,fuel_level_change,fuel_level_change,720.0,,56.0,,
StationTank,fuel_level_change,fuel_level_change,721.0,,56.0,,
StationTank,fuel_level_change,fuel_level_change,722.0,,56.0,,
StationTank,fuel_level_change,fuel_level_change,723.0,,56.0,,
StationTank,fuel_level_change,fuel_level_change,724.0,,56.0,,
StationTank,fuel_level_change,fuel_level_change,725.0,,56.0,,
StationTank,fuel_level_change,fuel_level_change,726.0,,56.0,,
StationTank,fuel_level_change,fuel_level_change,727.0,,56.0,,
StationTank,fuel_level_change,fuel_level_change,728.0,,56.0,,
StationTank,fuel_level_change,fuel_level_change,729.0,,56.0,,
Car 16,arrival_departure,arrival,730.0,,,,
Car 16,queue,pump_queue_wait_begins,730.0,,,19.0,50.0
StationTank,fuel_level_change,fuel_level_change,730.0,,56.0,,
StationTank,fuel_level_change,fuel_level_change,731.0,,56.0,,
StationTank,fuel_level_change,fuel_level_change,732.0,,56.0,,
StationTank,fuel_level_change,fuel_level_change,733.0,,56.0,,
StationTank,fuel_level_change,fuel_level_change,734.0,,56.0,,
StationTank,fuel_level_change,fuel_level_change,735.0,,56.0,,
StationTank,fuel_level_change,fuel_level_change,736.0,,56.0,,
StationTank,fuel_level_change,fuel_level_change,737.0,,56.0,,
StationTank,fuel_level_change,fuel_level_change,738.0,,56.0,,
StationTank,fuel_level_change,fuel_level_change,739.0,,56.0,,
StationTank,fuel_level_change,fuel_level_change,740.0,,56.0,,
StationTank,fuel_level_change,fuel_level_change,741.0,,56.0,,
StationTank,fuel_level_change,fuel_level_change,742.0,,56.0,,
StationTank,fuel_level_change,fuel_level_change,743.0,,56.0,,
StationTank,fuel_level_change,fuel_level_change,744.0,,56.0,,
StationTank,fuel_level_change,fuel_level_change,745.0,,56.0,,
StationTank,fuel_level_change,fuel_level_change,746.0,,56.0,,
Car 15,resource_use_end,payment_ends,747.0,2.0,,24.0,50.0
Car 15,resource_use,pumping_begins,747.0,2.0,,24.0,50.0
StationTank,fuel_level_change,fuel_level_change,747.0,,56.0,,
StationTank,fuel_level_change,fuel_level_change,748.0,,56.0,,
StationTank,fuel_level_change,fuel_level_change,749.0,,56.0,,
Car 17,arrival_departure,arrival,750.0,,,,
Car 17,queue,pump_queue_wait_begins,750.0,,,8.0,50.0
StationTank,fuel_level_change,fuel_level_change,750.0,,56.0,,
StationTank,fuel_level_change,fuel_level_change,751.0,,56.0,,
StationTank,fuel_level_change,fuel_level_change,752.0,,56.0,,
Car 14,resource_use_end,payment_ends,753.0,1.0,,16.0,50.0
Car 14,resource_use,pumping_begins,753.0,1.0,,16.0,50.0
StationTank,fuel_level_change,fuel_level_change,753.0,,56.0,,
StationTank,fuel_level_change,fuel_level_change,754.0,,56.0,,
StationTank,fuel_level_change,fuel_level_change,755.0,,56.0,,
StationTank,fuel_level_change,fuel_level_change,756.0,,56.0,,
StationTank,fuel_level_change,fuel_level_change,757.0,,56.0,,
StationTank,fuel_level_change,fuel_level_change,758.0,,56.0,,
StationTank,fuel_level_change,fuel_level_change,759.0,,56.0,,
StationTank,fuel_level_change,fuel_level_change,760.0,,56.0,,
StationTank,fuel_level_change,fuel_level_change,761.0,,56.0,,
StationTank,fuel_level_change,fuel_level_change,762.0,,56.0,,
StationTank,fuel_level_change,fuel_level_change,763.0,,56.0,,
StationTank,fuel_level_change,fuel_level_change,764.0,,56.0,,
StationTank,fuel_level_change,fuel_level_change,765.0,,56.0,,
StationTank,fuel_level_change,fuel_level_change,766.0,,56.0,,
StationTank,fuel_level_change,fuel_level_change,767.0,,56.0,,
StationTank,fuel_level_change,fuel_level_change,768.0,,56.0,,
StationTank,fuel_level_change,fuel_level_change,769.0,,56.0,,
StationTank,fuel_level_change,fuel_level_change,770.0,,56.0,,
StationTank,fuel_level_change,fuel_level_change,771.0,,56.0,,
StationTank,fuel_level_change,fuel_level_change,772.0,,56.0,,
Car 15,resource_use_end,pumping_ends,773.0,2.0,,24.0,50.0
Car 15,arrival_departure,depart,773.0,,,,
StationTank,fuel_level_change,fuel_level_change,773.0,,56.0,,
Car 16,resource_use,payment_begins,773.0,2.0,,19.0,50.0
StationTank,fuel_level_change,fuel_level_change,774.0,,25.0,,
StationTank,fuel_level_change,fuel_level_change,775.0,,25.0,,
StationTank,fuel_level_change,fuel_level_change,776.0,,25.0,,
StationTank,fuel_level_change,fuel_level_change,777.0,,25.0,,
StationTank,fuel_level_change,fuel_level_change,778.0,,25.0,,
StationTank,fuel_level_change,fuel_level_change,779.0,,25.0,,
StationTank,fuel_level_change,fuel_level_change,780.0,,25.0,,
StationTank,fuel_level_change,fuel_level_change,781.0,,25.0,,
StationTank,fuel_level_change,fuel_level_change,782.0,,25.0,,
StationTank,fuel_level_change,fuel_level_change,783.0,,25.0,,
StationTank,fuel_level_change,fuel_level_change,784.0,,25.0,,
StationTank,fuel_level_change,fuel_level_change,785.0,,25.0,,
StationTank,fuel_level_change,fuel_level_change,786.0,,25.0,,
Car 14,resource_use_end,pumping_ends,787.0,1.0,,16.0,50.0
Car 14,arrival_departure,depart,787.0,,,,
StationTank,fuel_level_change,fuel_level_change,787.0,,25.0,,
StationTank,fuel_level_change,fuel_level_change,788.0,,25.0,,
StationTank,fuel_level_change,fuel_level_change,789.0,,25.0,,
StationTank,fuel_level_change,fuel_level_change,790.0,,25.0,,
StationTank,fuel_level_change,fuel_level_change,791.0,,25.0,,
StationTank,fuel_level_change,fuel_level_change,792.0,,25.0,,
StationTank,fuel_level_change,fuel_level_change,793.0,,25.0,,
StationTank,fuel_level_change,fuel_level_change,794.0,,25.0,,
StationTank,fuel_level_change,fuel_level_change,795.0,,25.0,,
StationTank,fuel_level_change,fuel_level_change,796.0,,25.0,,
StationTank,fuel_level_change,fuel_level_change,797.0,,25.0,,
StationTank,fuel_level_change,fuel_level_change,798.0,,25.0,,
StationTank,fuel_level_change,fuel_level_change,799.0,,25.0,,
StationTank,fuel_level_change,fuel_level_change,800.0,,25.0,,
StationTank,fuel_level_change,fuel_level_change,801.0,,25.0,,
StationTank,fuel_level_change,fuel_level_change,802.0,,25.0,,
StationTank,fuel_level_change,fuel_level_change,803.0,,25.0,,
StationTank,fuel_level_change,fuel_level_change,804.0,,25.0,,
StationTank,fuel_level_change,fuel_level_change,805.0,,25.0,,
StationTank,fuel_level_change,fuel_level_change,806.0,,25.0,,
StationTank,fuel_level_change,fuel_level_change,807.0,,25.0,,
StationTank,fuel_level_change,fuel_level_change,808.0,,25.0,,
StationTank,fuel_level_change,fuel_level_change,809.0,,25.0,,
StationTank,fuel_level_change,fuel_level_change,810.0,,25.0,,
StationTank,fuel_level_change,fuel_level_change,811.0,,25.0,,
StationTank,fuel_level_change,fuel_level_change,812.0,,25.0,,
StationTank,fuel_level_change,fuel_level_change,813.0,,25.0,,
StationTank,fuel_level_change,fuel_level_change,814.0,,25.0,,
StationTank,fuel_level_change,fuel_level_change,815.0,,25.0,,
StationTank,fuel_level_change,fuel_level_change,816.0,,25.0,,
StationTank,fuel_level_change,fuel_level_change,817.0,,25.0,,
StationTank,fuel_level_change,fuel_level_change,818.0,,25.0,,
StationTank,fuel_level_change,fuel_level_change,819.0,,25.0,,
StationTank,fuel_level_change,fuel_level_change,820.0,,25.0,,
StationTank,fuel_level_change,fuel_level_change,821.0,,25.0,,
StationTank,fuel_level_change,fuel_level_change,822.0,,25.0,,
StationTank,fuel_level_change,fuel_level_change,823.0,,25.0,,
StationTank,fuel_level_change,fuel_level_change,824.0,,25.0,,
StationTank,fuel_level_change,fuel_level_change,825.0,,25.0,,
StationTank,fuel_level_change,fuel_level_change,826.0,,25.0,,
StationTank,fuel_level_change,fuel_level_change,827.0,,25.0,,
StationTank,fuel_level_change,fuel_level_change,828.0,,25.0,,
StationTank,fuel_level_change,fuel_level_change,829.0,,25.0,,
StationTank,fuel_level_change,fuel_level_change,830.0,,25.0,,
StationTank,fuel_level_change,fuel_level_change,831.0,,25.0,,
StationTank,fuel_level_change,fuel_level_change,832.0,,25.0,,
Car 18,arrival_departure,arrival,833.0,,,,
Car 18,queue,pump_queue_wait_begins,833.0,,,7.0,50.0
StationTank,fuel_level_change,fuel_level_change,833.0,,25.0,,
StationTank,fuel_level_change,fuel_level_change,834.0,,25.0,,
StationTank,fuel_level_change,fuel_level_change,835.0,,25.0,,
StationTank,fuel_level_change,fuel_level_change,836.0,,25.0,,
StationTank,fuel_level_change,fuel_level_change,837.0,,25.0,,
StationTank,fuel_level_change,fuel_level_change,838.0,,25.0,,
StationTank,fuel_level_change,fuel_level_change,839.0,,25.0,,
StationTank,fuel_level_change,fuel_level_change,840.0,,25.0,,
StationTank,fuel_level_change,fuel_level_change,841.0,,25.0,,
StationTank,fuel_level_change,fuel_level_change,842.0,,25.0,,
StationTank,fuel_level_change,fuel_level_change,843.0,,25.0,,
StationTank,fuel_level_change,fuel_level_change,844.0,,25.0,,
StationTank,fuel_level_change,fuel_level_change,845.0,,25.0,,
StationTank,fuel_level_change,fuel_level_change,846.0,,25.0,,
StationTank,fuel_level_change,fuel_level_change,847.0,,25.0,,
StationTank,fuel_level_change,fuel_level_change,848.0,,25.0,,
StationTank,fuel_level_change,fuel_level_change,849.0,,25.0,,
StationTank,fuel_level_change,fuel_level_change,850.0,,25.0,,
StationTank,fuel_level_change,fuel_level_change,851.0,,25.0,,
StationTank,fuel_level_change,fuel_level_change,852.0,,25.0,,
StationTank,fuel_level_change,fuel_level_change,853.0,,25.0,,
StationTank,fuel_level_change,fuel_level_change,854.0,,25.0,,
StationTank,fuel_level_change,fuel_level_change,855.0,,25.0,,
StationTank,fuel_level_change,fuel_level_change,856.0,,25.0,,
StationTank,fuel_level_change,fuel_level_change,857.0,,25.0,,
StationTank,fuel_level_change,fuel_level_change,858.0,,25.0,,
StationTank,fuel_level_change,fuel_level_change,859.0,,25.0,,
StationTank,fuel_level_change,fuel_level_change,860.0,,25.0,,
StationTank,fuel_level_change,fuel_level_change,861.0,,25.0,,
Car 16,resource_use_end,payment_ends,862.0,2.0,,19.0,50.0
Car 16,resource_use,pumping_begins,862.0,2.0,,19.0,50.0
StationTank,fuel_level_change,fuel_level_change,862.0,,25.0,,
StationTank,fuel_level_change,fuel_level_change,863.0,,25.0,,
StationTank,fuel_level_change,fuel_level_change,864.0,,25.0,,
StationTank,fuel_level_change,fuel_level_change,865.0,,25.0,,
StationTank,fuel_level_change,fuel_level_change,866.0,,25.0,,
StationTank,fuel_level_change,fuel_level_change,867.0,,25.0,,
StationTank,fuel_level_change,fuel_level_change,868.0,,25.0,,
StationTank,fuel_level_change,fuel_level_change,869.0,,25.0,,
StationTank,fuel_level_change,fuel_level_change,870.0,,25.0,,
StationTank,fuel_level_change,fuel_level_change,871.0,,25.0,,
StationTank,fuel_level_change,fuel_level_change,872.0,,25.0,,
StationTank,fuel_level_change,fuel_level_change,873.0,,25.0,,
StationTank,fuel_level_change,fuel_level_change,874.0,,25.0,,
StationTank,fuel_level_change,fuel_level_change,875.0,,25.0,,
StationTank,fuel_level_change,fuel_level_change,876.0,,25.0,,
StationTank,fuel_level_change,fuel_level_change,877.0,,25.0,,
StationTank,fuel_level_change,fuel_level_change,878.0,,25.0,,
StationTank,fuel_level_change,fuel_level_change,879.0,,25.0,,
StationTank,fuel_level_change,fuel_level_change,880.0,,25.0,,
StationTank,fuel_level_change,fuel_level_change,881.0,,25.0,,
StationTank,fuel_level_change,fuel_level_change,882.0,,25.0,,
StationTank,fuel_level_change,fuel_level_change,883.0,,25.0,,
StationTank,fuel_level_change,fuel_level_change,884.0,,25.0,,
StationTank,fuel_level_change,fuel_level_change,885.0,,25.0,,
StationTank,fuel_level_change,fuel_level_change,886.0,,25.0,,
StationTank,fuel_level_change,fuel_level_change,887.0,,25.0,,
StationTank,fuel_level_change,fuel_level_change,888.0,,25.0,,
StationTank,fuel_level_change,fuel_level_change,889.0,,25.0,,
StationTank,fuel_level_change,fuel_level_change,890.0,,25.0,,
StationTank,fuel_level_change,fuel_level_change,891.0,,25.0,,
StationTank,fuel_level_change,fuel_level_change,892.0,,25.0,,
Car 16,resource_use_end,pumping_ends,893.0,2.0,,19.0,50.0
Car 16,arrival_departure,depart,893.0,,,,
StationTank,fuel_level_change,fuel_level_change,893.0,,25.0,,
StationTank,fuel_level_change,fuel_level_change,894.0,,25.0,,
StationTank,fuel_level_change,fuel_level_change,895.0,,25.0,,
Car 19,arrival_departure,arrival,896.0,,,,
Car 19,queue,pump_queue_wait_begins,896.0,,,14.0,50.0
StationTank,fuel_level_change,fuel_level_change,896.0,,25.0,,
StationTank,fuel_level_change,fuel_level_change,897.0,,25.0,,
StationTank,fuel_level_change,fuel_level_change,898.0,,25.0,,
StationTank,fuel_level_change,fuel_level_change,899.0,,25.0,,
StationTank,fuel_level_change,fuel_level_change,900.0,,25.0,,
StationTank,fuel_level_change,fuel_level_change,901.0,,25.0,,
StationTank,fuel_level_change,fuel_level_change,902.0,,25.0,,
StationTank,fuel_level_change,fuel_level_change,903.0,,25.0,,
StationTank,fuel_level_change,fuel_level_change,904.0,,25.0,,
StationTank,fuel_level_change,fuel_level_change,905.0,,25.0,,
StationTank,fuel_level_change,fuel_level_change,906.0,,25.0,,
StationTank,fuel_level_change,fuel_level_change,907.0,,25.0,,
StationTank,fuel_level_change,fuel_level_change,908.0,,25.0,,
StationTank,fuel_level_change,fuel_level_change,909.0,,25.0,,
StationTank,fuel_level_change,fuel_level_change,910.0,,25.0,,
StationTank,fuel_level_change,fuel_level_change,911.0,,25.0,,
StationTank,fuel_level_change,fuel_level_change,912.0,,25.0,,
StationTank,fuel_level_change,fuel_level_change,913.0,,25.0,,
StationTank,fuel_level_change,fuel_level_change,914.0,,25.0,,
StationTank,fuel_level_change,fuel_level_change,915.0,,25.0,,
StationTank,fuel_level_change,fuel_level_change,916.0,,25.0,,
StationTank,fuel_level_change,fuel_level_change,917.0,,25.0,,
StationTank,fuel_level_change,fuel_level_change,918.0,,25.0,,
StationTank,fuel_level_change,fuel_level_change,919.0,,25.0,,
StationTank,fuel_level_change,fuel_level_change,920.0,,25.0,,
StationTank,fuel_level_change,fuel_level_change,921.0,,25.0,,
StationTank,fuel_level_change,fuel_level_change,922.0,,25.0,,
StationTank,fuel_level_change,fuel_level_change,923.0,,25.0,,
StationTank,fuel_level_change,fuel_level_change,924.0,,25.0,,
StationTank,fuel_level_change,fuel_level_change,925.0,,25.0,,
StationTank,fuel_level_change,fuel_level_change,926.0,,25.0,,
StationTank,fuel_level_change,fuel_level_change,927.0,,25.0,,
StationTank,fuel_level_change,fuel_level_change,928.0,,25.0,,
StationTank,fuel_level_change,fuel_level_change,929.0,,25.0,,
StationTank,fuel_level_change,fuel_level_change,930.0,,25.0,,
StationTank,fuel_level_change,fuel_level_change,931.0,,25.0,,
StationTank,fuel_level_change,fuel_level_change,932.0,,25.0,,
StationTank,fuel_level_change,fuel_level_change,933.0,,25.0,,
StationTank,fuel_level_change,fuel_level_change,934.0,,25.0,,
StationTank,fuel_level_change,fuel_level_change,935.0,,25.0,,
StationTank,fuel_level_change,fuel_level_change,936.0,,25.0,,
StationTank,fuel_level_change,fuel_level_change,937.0,,25.0,,
StationTank,fuel_level_change,fuel_level_change,938.0,,25.0,,
StationTank,fuel_level_change,fuel_level_change,939.0,,25.0,,
StationTank,fuel_level_change,fuel_level_change,940.0,,25.0,,
StationTank,fuel_level_change,fuel_level_change,941.0,,25.0,,
StationTank,fuel_level_change,fuel_level_change,942.0,,25.0,,
StationTank,fuel_level_change,fuel_level_change,943.0,,25.0,,
StationTank,fuel_level_change,fuel_level_change,944.0,,25.0,,
StationTank,fuel_level_change,fuel_level_change,945.0,,25.0,,
StationTank,fuel_level_change,fuel_level_change,946.0,,25.0,,
StationTank,fuel_level_change,fuel_level_change,947.0,,25.0,,
StationTank,fuel_level_change,fuel_level_change,948.0,,25.0,,
StationTank,fuel_level_change,fuel_level_change,949.0,,25.0,,
StationTank,fuel_level_change,fuel_level_change,950.0,,25.0,,
StationTank,fuel_level_change,fuel_level_change,951.0,,25.0,,
StationTank,fuel_level_change,fuel_level_change,952.0,,25.0,,
StationTank,fuel_level_change,fuel_level_change,953.0,,25.0,,
StationTank,fuel_level_change,fuel_level_change,954.0,,25.0,,
StationTank,fuel_level_change,fuel_level_change,955.0,,25.0,,
StationTank,fuel_level_change,fuel_level_change,956.0,,25.0,,
StationTank,fuel_level_change,fuel_level_change,957.0,,25.0,,
StationTank,fuel_level_change,fuel_level_change,958.0,,25.0,,
StationTank,fuel_level_change,fuel_level_change,959.0,,25.0,,
StationTank,fuel_level_change,fuel_level_change,960.0,,25.0,,
StationTank,fuel_level_change,fuel_level_change,961.0,,25.0,,
StationTank,fuel_level_change,fuel_level_change,962.0,,25.0,,
StationTank,fuel_level_change,fuel_level_change,963.0,,25.0,,
StationTank,fuel_level_change,fuel_level_change,964.0,,25.0,,
StationTank,fuel_level_change,fuel_level_change,965.0,,25.0,,
StationTank,fuel_level_change,fuel_level_change,966.0,,25.0,,
StationTank,fuel_level_change,fuel_level_change,967.0,,25.0,,
StationTank,fuel_level_change,fuel_level_change,968.0,,25.0,,
StationTank,fuel_level_change,fuel_level_change,969.0,,25.0,,
StationTank,fuel_level_change,fuel_level_change,970.0,,25.0,,
StationTank,fuel_level_change,fuel_level_change,971.0,,25.0,,
StationTank,fuel_level_change,fuel_level_change,972.0,,25.0,,
StationTank,fuel_level_change,fuel_level_change,973.0,,25.0,,
StationTank,fuel_level_change,fuel_level_change,974.0,,25.0,,
StationTank,fuel_level_change,fuel_level_change,975.0,,25.0,,
StationTank,fuel_level_change,fuel_level_change,976.0,,25.0,,
StationTank,fuel_level_change,fuel_level_change,977.0,,25.0,,
StationTank,fuel_level_change,fuel_level_change,978.0,,25.0,,
StationTank,fuel_level_change,fuel_level_change,979.0,,25.0,,
StationTank,fuel_level_change,fuel_level_change,980.0,,25.0,,
Car 20,arrival_departure,arrival,981.0,,,,
Car 20,queue,pump_queue_wait_begins,981.0,,,23.0,50.0
StationTank,fuel_level_change,fuel_level_change,981.0,,25.0,,
StationTank,fuel_level_change,fuel_level_change,982.0,,25.0,,
StationTank,fuel_level_change,fuel_level_change,983.0,,25.0,,
StationTank,fuel_level_change,fuel_level_change,984.0,,25.0,,
StationTank,fuel_level_change,fuel_level_change,985.0,,25.0,,
StationTank,fuel_level_change,fuel_level_change,986.0,,25.0,,
StationTank,fuel_level_change,fuel_level_change,987.0,,25.0,,
StationTank,fuel_level_change,fuel_level_change,988.0,,25.0,,
StationTank,fuel_level_change,fuel_level_change,989.0,,25.0,,
StationTank,fuel_level_change,fuel_level_change,990.0,,25.0,,
StationTank,fuel_level_change,fuel_level_change,991.0,,25.0,,
StationTank,fuel_level_change,fuel_level_change,992.0,,25.0,,
StationTank,fuel_level_change,fuel_level_change,993.0,,25.0,,
StationTank,fuel_level_change,fuel_level_change,994.0,,25.0,,
StationTank,fuel_level_change,fuel_level_change,995.0,,25.0,,
StationTank,fuel_level_change,fuel_level_change,996.0,,25.0,,
StationTank,fuel_level_change,fuel_level_change,997.0,,25.0,,
StationTank,fuel_level_change,fuel_level_change,998.0,,25.0,,
StationTank,fuel_level_change,fuel_level_change,999.0,,25.0,,
StationTank,fuel_level_change,fuel_level_change,1000.0,,25.0,,
StationTank,fuel_level_change,fuel_level_change,1001.0,,25.0,,
StationTank,fuel_level_change,fuel_level_change,1002.0,,25.0,,
StationTank,fuel_level_change,fuel_level_change,1003.0,,25.0,,
StationTank,fuel_level_change,fuel_level_change,1004.0,,25.0,,
StationTank,fuel_level_change,fuel_level_change,1005.0,,25.0,,
StationTank,fuel_level_change,fuel_level_change,1006.0,,25.0,,
StationTank,fuel_level_change,fuel_level_change,1007.0,,25.0,,
StationTank,fuel_level_change,fuel_level_change,1008.0,,25.0,,
StationTank,fuel_level_change,fuel_level_change,1009.0,,25.0,,
StationTank,fuel_level_change,fuel_level_change,1010.0,,25.0,,
StationTank,fuel_level_change,fuel_level_change,1011.0,,25.0,,
StationTank,fuel_level_change,fuel_level_change,1012.0,,25.0,,
StationTank,fuel_level_change,fuel_level_change,1013.0,,25.0,,
StationTank,fuel_level_change,fuel_level_change,1014.0,,25.0,,
StationTank,fuel_level_change,fuel_level_change,1015.0,,25.0,,
StationTank,fuel_level_change,fuel_level_change,1016.0,,25.0,,
StationTank,fuel_level_change,fuel_level_change,1017.0,,25.0,,
StationTank,fuel_level_change,fuel_level_change,1018.0,,25.0,,
StationTank,fuel_level_change,fuel_level_change,1019.0,,25.0,,
Call 0,arrival_departure,depart,1020.0,,,,
Truck 0,arrival_departure,arrival,1020.0,,,,
Truck 0,queue,refuelling,1020.0,,,,
StationTank,fuel_level_change,fuel_level_change,1020.0,,25.0,,
StationTank,fuel_level_change,fuel_level_change,1021.0,,35.0,,
StationTank,fuel_level_change,fuel_level_change,1022.0,,45.0,,
Car 17,resource_use,payment_begins,1022.0,1.0,,8.0,50.0
StationTank,fuel_level_change,fuel_level_change,1023.0,,13.0,,
StationTank,fuel_level_change,fuel_level_change,1024.0,,23.0,,
StationTank,fuel_level_change,fuel_level_change,1025.0,,33.0,,
StationTank,fuel_level_change,fuel_level_change,1026.0,,43.0,,
Car 18,resource_use,payment_begins,1026.0,2.0,,7.0,50.0
StationTank,fuel_level_change,fuel_level_change,1027.0,,10.0,,
StationTank,fuel_level_change,fuel_level_change,1028.0,,20.0,,
StationTank,fuel_level_change,fuel_level_change,1029.0,,30.0,,
StationTank,fuel_level_change,fuel_level_change,1030.0,,40.0,,
StationTank,fuel_level_change,fuel_level_change,1031.0,,50.0,,
StationTank,fuel_level_change,fuel_level_change,1032.0,,60.0,,
StationTank,fuel_level_change,fuel_level_change,1033.0,,70.0,,
StationTank,fuel_level_change,fuel_level_change,1034.0,,80.0,,
StationTank,fuel_level_change,fuel_level_change,1035.0,,90.0,,
StationTank,fuel_level_change,fuel_level_change,1036.0,,100.0,,
StationTank,fuel_level_change,fuel_level_change,1037.0,,110.0,,
StationTank,fuel_level_change,fuel_level_change,1038.0,,120.0,,
StationTank,fuel_level_change,fuel_level_change,1039.0,,130.0,,
StationTank,fuel_level_change,fuel_level_change,1040.0,,140.0,,
StationTank,fuel_level_change,fuel_level_change,1041.0,,150.0,,
Car 21,arrival_departure,arrival,1042.0,,,,
Car 21,queue,pump_queue_wait_begins,1042.0,,,6.0,50.0
StationTank,fuel_level_change,fuel_level_change,1042.0,,160.0,,
StationTank,fuel_level_change,fuel_level_change,1043.0,,170.0,,
StationTank,fuel_level_change,fuel_level_change,1044.0,,180.0,,
StationTank,fuel_level_change,fuel_level_change,1045.0,,190.0,,
StationTank,fuel_level_change,fuel_level_change,1046.0,,200.0,,
StationTank,fuel_level_change,fuel_level_change,1047.0,,210.0,,
StationTank,fuel_level_change,fuel_level_change,1048.0,,220.0,,
StationTank,fuel_level_change,fuel_level_change,1049.0,,230.0,,
StationTank,fuel_level_change,fuel_level_change,1050.0,,240.0,,
StationTank,fuel_level_change,fuel_level_change,1051.0,,250.0,,
StationTank,fuel_level_change,fuel_level_change,1052.0,,260.0,,
StationTank,fuel_level_change,fuel_level_change,1053.0,,270.0,,
StationTank,fuel_level_change,fuel_level_change,1054.0,,280.0,,
StationTank,fuel_level_change,fuel_level_change,1055.0,,290.0,,
StationTank,fuel_level_change,fuel_level_change,1056.0,,300.0,,
StationTank,fuel_level_change,fuel_level_change,1057.0,,310.0,,
StationTank,fuel_level_change,fuel_level_change,1058.0,,320.0,,
StationTank,fuel_level_change,fuel_level_change,1059.0,,330.0,,
StationTank,fuel_level_change,fuel_level_change,1060.0,,340.0,,
StationTank,fuel_level_change,fuel_level_change,1061.0,,350.0,,
StationTank,fuel_level_change,fuel_level_change,1062.0,,360.0,,
StationTank,fuel_level_change,fuel_level_change,1063.0,,370.0,,
Car 17,resource_use_end,payment_ends,1064.0,1.0,,8.0,50.0
Car 17,resource_use,pumping_begins,1064.0,1.0,,8.0,50.0
StationTank,fuel_level_change,fuel_level_change,1064.0,,380.0,,
Car 22,arrival_departure,arrival,1065.0,,,,
Car 22,queue,pump_queue_wait_begins,1065.0,,,14.0,50.0
StationTank,fuel_level_change,fuel_level_change,1065.0,,390.0,,
StationTank,fuel_level_change,fuel_level_change,1066.0,,400.0,,
StationTank,fuel_level_change,fuel_level_change,1067.0,,410.0,,
StationTank,fuel_level_change,fuel_level_change,1068.0,,420.0,,
StationTank,fuel_level_change,fuel_level_change,1069.0,,430.0,,
StationTank,fuel_level_change,fuel_level_change,1070.0,,440.0,,
StationTank,fuel_level_change,fuel_level_change,1071.0,,450.0,,
StationTank,fuel_level_change,fuel_level_change,1072.0,,460.0,,
StationTank,fuel_level_change,fuel_level_change,1073.0,,470.0,,
StationTank,fuel_level_change,fuel_level_change,1074.0,,480.0,,
StationTank,fuel_level_change,fuel_level_change,1075.0,,490.0,,
StationTank,fuel_level_change,fuel_level_change,1076.0,,500.0,,
StationTank,fuel_level_change,fuel_level_change,1077.0,,510.0,,
StationTank,fuel_level_change,fuel_level_change,1078.0,,520.0,,
StationTank,fuel_level_change,fuel_level_change,1079.0,,530.0,,
StationTank,fuel_level_change,fuel_level_change,1080.0,,540.0,,
StationTank,fuel_level_change,fuel_level_change,1081.0,,550.0,,
StationTank,fuel_level_change,fuel_level_change,1082.0,,560.0,,
StationTank,fuel_level_change,fuel_level_change,1083.0,,570.0,,
StationTank,fuel_level_change,fuel_level_change,1084.0,,580.0,,
Truck 0,arrival_departure,depart,1085.0,,,,
StationTank,fuel_level_change,fuel_level_change,1085.0,,590.0,,
StationTank,fuel_level_change,fuel_level_change,1086.0,,590.0,,
StationTank,fuel_level_change,fuel_level_change,1087.0,,590.0,,
StationTank,fuel_level_change,fuel_level_change,1088.0,,590.0,,
StationTank,fuel_level_change,fuel_level_change,1089.0,,590.0,,
StationTank,fuel_level_change,fuel_level_change,1090.0,,590.0,,
StationTank,fuel_level_change,fuel_level_change,1091.0,,590.0,,
StationTank,fuel_level_change,fuel_level_change,1092.0,,590.0,,
StationTank,fuel_level_change,fuel_level_change,1093.0,,590.0,,
StationTank,fuel_level_change,fuel_level_change,1094.0,,590.0,,
StationTank,fuel_level_change,fuel_level_change,1095.0,,590.0,,
StationTank,fuel_level_change,fuel_level_change,1096.0,,590.0,,
StationTank,fuel_level_change,fuel_level_change,1097.0,,590.0,,
StationTank,fuel_level_change,fuel_level_change,1098.0,,590.0,,
StationTank,fuel_level_change,fuel_level_change,1099.0,,590.0,,
StationTank,fuel_level_change,fuel_level_change,1100.0,,590.0,,
Car 18,resource_use_end,payment_ends,1101.0,2.0,,7.0,50.0
Car 18,resource_use,pumping_begins,1101.0,2.0,,7.0,50.0
StationTank,fuel_level_change,fuel_level_change,1101.0,,590.0,,
StationTank,fuel_level_change,fuel_level_change,1102.0,,590.0,,
StationTank,fuel_level_change,fuel_level_change,1103.0,,590.0,,
StationTank,fuel_level_change,fuel_level_change,1104.0,,590.0,,
StationTank,fuel_level_change,fuel_level_change,1105.0,,590.0,,
Car 17,resource_use_end,pumping_ends,1106.0,1.0,,8.0,50.0
Car 17,arrival_departure,depart,1106.0,,,,
StationTank,fuel_level_change,fuel_level_change,1106.0,,590.0,,
Car 19,resource_use,payment_begins,1106.0,1.0,,14.0,50.0
StationTank,fuel_level_change,fuel_level_change,1107.0,,554.0,,
StationTank,fuel_level_change,fuel_level_change,1108.0,,554.0,,
Car 23,arrival_departure,arrival,1109.0,,,,
Car 23,queue,pump_queue_wait_begins,1109.0,,,8.0,50.0
StationTank,fuel_level_change,fuel_level_change,1109.0,,554.0,,
StationTank,fuel_level_change,fuel_level_change,1110.0,,554.0,,
StationTank,fuel_level_change,fuel_level_change,1111.0,,554.0,,
StationTank,fuel_level_change,fuel_level_change,1112.0,,554.0,,
StationTank,fuel_level_change,fuel_level_change,1113.0,,554.0,,
StationTank,fuel_level_change,fuel_level_change,1114.0,,554.0,,
StationTank,fuel_level_change,fuel_level_change,1115.0,,554.0,,
StationTank,fuel_level_change,fuel_level_change,1116.0,,554.0,,
StationTank,fuel_level_change,fuel_level_change,1117.0,,554.0,,
StationTank,fuel_level_change,fuel_level_change,1118.0,,554.0,,
StationTank,fuel_level_change,fuel_level_change,1119.0,,554.0,,
StationTank,fuel_level_change,fuel_level_change,1120.0,,554.0,,
StationTank,fuel_level_change,fuel_level_change,1121.0,,554.0,,
StationTank,fuel_level_change,fuel_level_change,1122.0,,554.0,,
StationTank,fuel_level_change,fuel_level_change,1123.0,,554.0,,
StationTank,fuel_level_change,fuel_level_change,1124.0,,554.0,,
StationTank,fuel_level_change,fuel_level_change,1125.0,,554.0,,
StationTank,fuel_level_change,fuel_level_change,1126.0,,554.0,,
StationTank,fuel_level_change,fuel_level_change,1127.0,,554.0,,
StationTank,fuel_level_change,fuel_level_change,1128.0,,554.0,,
StationTank,fuel_level_change,fuel_level_change,1129.0,,554.0,,
StationTank,fuel_level_change,fuel_level_change,1130.0,,554.0,,
StationTank,fuel_level_change,fuel_level_change,1131.0,,554.0,,
StationTank,fuel_level_change,fuel_level_change,1132.0,,554.0,,
StationTank,fuel_level_change,fuel_level_change,1133.0,,554.0,,
StationTank,fuel_level_change,fuel_level_change,1134.0,,554.0,,
StationTank,fuel_level_change,fuel_level_change,1135.0,,554.0,,
StationTank,fuel_level_change,fuel_level_change,1136.0,,554.0,,
StationTank,fuel_level_change,fuel_level_change,1137.0,,554.0,,
StationTank,fuel_level_change,fuel_level_change,1138.0,,554.0,,
StationTank,fuel_level_change,fuel_level_change,1139.0,,554.0,,
StationTank,fuel_level_change,fuel_level_change,1140.0,,554.0,,
Car 19,resource_use_end,payment_ends,1141.0,1.0,,14.0,50.0
Car 19,resource_use,pumping_begins,1141.0,1.0,,14.0,50.0
StationTank,fuel_level_change,fuel_level_change,1141.0,,554.0,,
StationTank,fuel_level_change,fuel_level_change,1142.0,,554.0,,
StationTank,fuel_level_change,fuel_level_change,1143.0,,554.0,,
Car 18,resource_use_end,pumping_ends,1144.0,2.0,,7.0,50.0
Car 18,arrival_departure,depart,1144.0,,,,
StationTank,fuel_level_change,fuel_level_change,1144.0,,554.0,,
Car 20,resource_use,payment_begins,1144.0,2.0,,23.0,50.0
StationTank,fuel_level_change,fuel_level_change,1145.0,,527.0,,
StationTank,fuel_level_change,fuel_level_change,1146.0,,527.0,,
StationTank,fuel_level_change,fuel_level_change,1147.0,,527.0,,
StationTank,fuel_level_change,fuel_level_change,1148.0,,527.0,,
StationTank,fuel_level_change,fuel_level_change,1149.0,,527.0,,
StationTank,fuel_level_change,fuel_level_change,1150.0,,527.0,,
StationTank,fuel_level_change,fuel_level_change,1151.0,,527.0,,
StationTank,fuel_level_change,fuel_level_change,1152.0,,527.0,,
Car 24,arrival_departure,arrival,1153.0,,,,
Car 24,queue,pump_queue_wait_begins,1153.0,,,19.0,50.0
StationTank,fuel_level_change,fuel_level_change,1153.0,,527.0,,
StationTank,fuel_level_change,fuel_level_change,1154.0,,527.0,,
StationTank,fuel_level_change,fuel_level_change,1155.0,,527.0,,
StationTank,fuel_level_change,fuel_level_change,1156.0,,527.0,,
StationTank,fuel_level_change,fuel_level_change,1157.0,,527.0,,
StationTank,fuel_level_change,fuel_level_change,1158.0,,527.0,,
StationTank,fuel_level_change,fuel_level_change,1159.0,,527.0,,
StationTank,fuel_level_change,fuel_level_change,1160.0,,527.0,,
StationTank,fuel_level_change,fuel_level_change,1161.0,,527.0,,
StationTank,fuel_level_change,fuel_level_change,1162.0,,527.0,,
StationTank,fuel_level_change,fuel_level_change,1163.0,,527.0,,
StationTank,fuel_level_change,fuel_level_change,1164.0,,527.0,,
StationTank,fuel_level_change,fuel_level_change,1165.0,,527.0,,
StationTank,fuel_level_change,fuel_level_change,1166.0,,527.0,,
StationTank,fuel_level_change,fuel_level_change,1167.0,,527.0,,
StationTank,fuel_level_change,fuel_level_change,1168.0,,527.0,,
StationTank,fuel_level_change,fuel_level_change,1169.0,,527.0,,
StationTank,fuel_level_change,fuel_level_change,1170.0,,527.0,,
StationTank,fuel_level_change,fuel_level_change,1171.0,,527.0,,
StationTank,fuel_level_change,fuel_level_change,1172.0,,527.0,,
StationTank,fuel_level_change,fuel_level_change,1173.0,,527.0,,
StationTank,fuel_level_change,fuel_level_change,1174.0,,527.0,,
StationTank,fuel_level_change,fuel_level_change,1175.0,,527.0,,
StationTank,fuel_level_change,fuel_level_change,1176.0,,527.0,,
Car 19,resource_use_end,pumping_ends,1177.0,1.0,,14.0,50.0
Car 19,arrival_departure,depart,1177.0,,,,
StationTank,fuel_level_change,fuel_level_change,1177.0,,527.0,,
Car 21,resource_use,payment_begins,1177.0,1.0,,6.0,50.0
StationTank,fuel_level_change,fuel_level_change,1178.0,,483.0,,
StationTank,fuel_level_change,fuel_level_change,1179.0,,483.0,,
StationTank,fuel_level_change,fuel_level_change,1180.0,,483.0,,
StationTank,fuel_level_change,fuel_level_change,1181.0,,483.0,,
StationTank,fuel_level_change,fuel_level_change,1182.0,,483.0,,
StationTank,fuel_level_change,fuel_level_change,1183.0,,483.0,,
StationTank,fuel_level_change,fuel_level_change,1184.0,,483.0,,
StationTank,fuel_level_change,fuel_level_change,1185.0,,483.0,,
StationTank,fuel_level_change,fuel_level_change,1186.0,,483.0,,
StationTank,fuel_level_change,fuel_level_change,1187.0,,483.0,,
StationTank,fuel_level_change,fuel_level_change,1188.0,,483.0,,
StationTank,fuel_level_change,fuel_level_change,1189.0,,483.0,,
StationTank,fuel_level_change,fuel_level_change,1190.0,,483.0,,
StationTank,fuel_level_change,fuel_level_change,1191.0,,483.0,,
StationTank,fuel_level_change,fuel_level_change,1192.0,,483.0,,
StationTank,fuel_level_change,fuel_level_change,1193.0,,483.0,,
StationTank,fuel_level_change,fuel_level_change,1194.0,,483.0,,
StationTank,fuel_level_change,fuel_level_change,1195.0,,483.0,,
StationTank,fuel_level_change,fuel_level_change,1196.0,,483.0,,
StationTank,fuel_level_change,fuel_level_change,1197.0,,483.0,,
Car 20,resource_use_end,payment_ends,1198.0,2.0,,23.0,50.0
Car 20,resource_use,pumping_begins,1198.0,2.0,,23.0,50.0
StationTank,fuel_level_change,fuel_level_change,1198.0,,483.0,,
StationTank,fuel_level_change,fuel_level_change,1199.0,,483.0,,
StationTank,fuel_level_change,fuel_level_change,1200.0,,483.0,,
StationTank,fuel_level_change,fuel_level_change,1201.0,,483.0,,
StationTank,fuel_level_change,fuel_level_change,1202.0,,483.0,,
Car 25,arrival_departure,arrival,1203.0,,,,
Car 25,queue,pump_queue_wait_begins,1203.0,,,10.0,50.0
StationTank,fuel_level_change,fuel_level_change,1203.0,,483.0,,
StationTank,fuel_level_change,fuel_level_change,1204.0,,483.0,,
StationTank,fuel_level_change,fuel_level_change,1205.0,,483.0,,
StationTank,fuel_level_change,fuel_level_change,1206.0,,483.0,,
StationTank,fuel_level_change,fuel_level_change,1207.0,,483.0,,
StationTank,fuel_level_change,fuel_level_change,1208.0,,483.0,,
StationTank,fuel_level_change,fuel_level_change,1209.0,,483.0,,
StationTank,fuel_level_change,fuel_level_change,1210.0,,483.0,,
StationTank,fuel_level_change,fuel_level_change,1211.0,,483.0,,
StationTank,fuel_level_change,fuel_level_change,1212.0,,483.0,,
StationTank,fuel_level_change,fuel_level_change,1213.0,,483.0,,
StationTank,fuel_level_change,fuel_level_change,1214.0,,483.0,,
StationTank,fuel_level_change,fuel_level_change,1215.0,,483.0,,
StationTank,fuel_level_change,fuel_level_change,1216.0,,483.0,,
StationTank,fuel_level_change,fuel_level_change,1217.0,,483.0,,
StationTank,fuel_level_change,fuel_level_change,1218.0,,483.0,,
StationTank,fuel_level_change,fuel_level_change,1219.0,,483.0,,
StationTank,fuel_level_change,fuel_level_change,1220.0,,483.0,,
StationTank,fuel_level_change,fuel_level_change,1221.0,,483.0,,
StationTank,fuel_level_change,fuel_level_change,1222.0,,483.0,,
StationTank,fuel_level_change,fuel_level_change,1223.0,,483.0,,
StationTank,fuel_level_change,fuel_level_change,1224.0,,483.0,,
Car 20,resource_use_end,pumping_ends,1225.0,2.0,,23.0,50.0
Car 20,arrival_departure,depart,1225.0,,,,
StationTank,fuel_level_change,fuel_level_change,1225.0,,483.0,,
Car 22,resource_use,payment_begins,1225.0,2.0,,14.0,50.0
StationTank,fuel_level_change,fuel_level_change,1226.0,,447.0,,
StationTank,fuel_level_change,fuel_level_change,1227.0,,447.0,,
StationTank,fuel_level_change,fuel_level_change,1228.0,,447.0,,
StationTank,fuel_level_change,fuel_level_change,1229.0,,447.0,,
StationTank,fuel_level_change,fuel_level_change,1230.0,,447.0,,
StationTank,fuel_level_change,fuel_level_change,1231.0,,447.0,,
StationTank,fuel_level_change,fuel_level_change,1232.0,,447.0,,
StationTank,fuel_level_change,fuel_level_change,1233.0,,447.0,,
StationTank,fuel_level_change,fuel_level_change,1234.0,,447.0,,
StationTank,fuel_level_change,fuel_level_change,1235.0,,447.0,,
StationTank,fuel_level_change,fuel_level_change,1236.0,,447.0,,
StationTank,fuel_level_change,fuel_level_change,1237.0,,447.0,,
StationTank,fuel_level_change,fuel_level_change,1238.0,,447.0,,
StationTank,fuel_level_change,fuel_level_change,1239.0,,447.0,,
StationTank,fuel_level_change,fuel_level_change,1240.0,,447.0,,
StationTank,fuel_level_change,fuel_level_change,1241.0,,447.0,,
StationTank,fuel_level_change,fuel_level_change,1242.0,,447.0,,
StationTank,fuel_level_change,fuel_level_change,1243.0,,447.0,,
StationTank,fuel_level_change,fuel_level_change,1244.0,,447.0,,
StationTank,fuel_level_change,fuel_level_change,1245.0,,447.0,,
StationTank,fuel_level_change,fuel_level_change,1246.0,,447.0,,
Car 21,resource_use_end,payment_ends,1247.0,1.0,,6.0,50.0
Car 21,resource_use,pumping_begins,1247.0,1.0,,6.0,50.0
StationTank,fuel_level_change,fuel_level_change,1247.0,,447.0,,
StationTank,fuel_level_change,fuel_level_change,1248.0,,447.0,,
StationTank,fuel_level_change,fuel_level_change,1249.0,,447.0,,
StationTank,fuel_level_change,fuel_level_change,1250.0,,447.0,,
StationTank,fuel_level_change,fuel_level_change,1251.0,,447.0,,
StationTank,fuel_level_change,fuel_level_change,1252.0,,447.0,,
StationTank,fuel_level_change,fuel_level_change,1253.0,,447.0,,
StationTank,fuel_level_change,fuel_level_change,1254.0,,447.0,,
StationTank,fuel_level_change,fuel_level_change,1255.0,,447.0,,
StationTank,fuel_level_change,fuel_level_change,1256.0,,447.0,,
StationTank,fuel_level_change,fuel_level_change,1257.0,,447.0,,
StationTank,fuel_level_change,fuel_level_change,1258.0,,447.0,,
StationTank,fuel_level_change,fuel_level_change,1259.0,,447.0,,
StationTank,fuel_level_change,fuel_level_change,1260.0,,447.0,,
StationTank,fuel_level_change,fuel_level_change,1261.0,,447.0,,
StationTank,fuel_level_change,fuel_level_change,1262.0,,447.0,,
StationTank,fuel_level_change,fuel_level_change,1263.0,,447.0,,
Car 26,arrival_departure,arrival,1264.0,,,,
Car 26,queue,pump_queue_wait_begins,1264.0,,,11.0,50.0
StationTank,fuel_level_change,fuel_level_change,1264.0,,447.0,,
StationTank,fuel_level_change,fuel_level_change,1265.0,,447.0,,
StationTank,fuel_level_change,fuel_level_change,1266.0,,447.0,,
StationTank,fuel_level_change,fuel_level_change,1267.0,,447.0,,
StationTank,fuel_level_change,fuel_level_change,1268.0,,447.0,,
StationTank,fuel_level_change,fuel_level_change,1269.0,,447.0,,
StationTank,fuel_level_change,fuel_level_change,1270.0,,447.0,,
StationTank,fuel_level_change,fuel_level_change,1271.0,,447.0,,
StationTank,fuel_level_change,fuel_level_change,1272.0,,447.0,,
StationTank,fuel_level_change,fuel_level_change,1273.0,,447.0,,
StationTank,fuel_level_change,fuel_level_change,1274.0,,447.0,,
StationTank,fuel_level_change,fuel_level_change,1275.0,,447.0,,
StationTank,fuel_level_change,fuel_level_change,1276.0,,447.0,,
StationTank,fuel_level_change,fuel_level_change,1277.0,,447.0,,
Car 22,resource_use_end,payment_ends,1278.0,2.0,,14.0,50.0
Car 22,resource_use,pumping_begins,1278.0,2.0,,14.0,50.0
StationTank,fuel_level_change,fuel_level_change,1278.0,,447.0,,
StationTank,fuel_level_change,fuel_level_change,1279.0,,447.0,,
StationTank,fuel_level_change,fuel_level_change,1280.0,,447.0,,
StationTank,fuel_level_change,fuel_level_change,1281.0,,447.0,,
StationTank,fuel_level_change,fuel_level_change,1282.0,,447.0,,
StationTank,fuel_level_change,fuel_level_change,1283.0,,447.0,,
StationTank,fuel_level_change,fuel_level_change,1284.0,,447.0,,
StationTank,fuel_level_change,fuel_level_change,1285.0,,447.0,,
StationTank,fuel_level_change,fuel_level_change,1286.0,,447.0,,
StationTank,fuel_level_change,fuel_level_change,1287.0,,447.0,,
StationTank,fuel_level_change,fuel_level_change,1288.0,,447.0,,
StationTank,fuel_level_change,fuel_level_change,1289.0,,447.0,,
StationTank,fuel_level_change,fuel_level_change,1290.0,,447.0,,
Car 21,resource_use_end,pumping_ends,1291.0,1.0,,6.0,50.0
Car 21,arrival_departure,depart,1291.0,,,,
StationTank,fuel_level_change,fuel_level_change,1291.0,,447.0,,
Car 23,resource_use,payment_begins,1291.0,1.0,,8.0,50.0
StationTank,fuel_level_change,fuel_level_change,1292.0,,405.0,,
StationTank,fuel_level_change,fuel_level_change,1293.0,,405.0,,
StationTank,fuel_level_change,fuel_level_change,1294.0,,405.0,,
StationTank,fuel_level_change,fuel_level_change,1295.0,,405.0,,
StationTank,fuel_level_change,fuel_level_change,1296.0,,405.0,,
StationTank,fuel_level_change,fuel_level_change,1297.0,,405.0,,
StationTank,fuel_level_change,fuel_level_change,1298.0,,405.0,,
StationTank,fuel_level_change,fuel_level_change,1299.0,,405.0,,
StationTank,fuel_level_change,fuel_level_change,1300.0,,405.0,,
StationTank,fuel_level_change,fuel_level_change,1301.0,,405.0,,
StationTank,fuel_level_change,fuel_level_change,1302.0,,405.0,,
StationTank,fuel_level_change,fuel_level_change,1303.0,,405.0,,
StationTank,fuel_level_change,fuel_level_change,1304.0,,405.0,,
StationTank,fuel_level_change,fuel_level_change,1305.0,,405.0,,
StationTank,fuel_level_change,fuel_level_change,1306.0,,405.0,,
StationTank,fuel_level_change,fuel_level_change,1307.0,,405.0,,
StationTank,fuel_level_change,fuel_level_change,1308.0,,405.0,,
StationTank,fuel_level_change,fuel_level_change,1309.0,,405.0,,
StationTank,fuel_level_change,fuel_level_change,1310.0,,405.0,,
StationTank,fuel_level_change,fuel_level_change,1311.0,,405.0,,
StationTank,fuel_level_change,fuel_level_change,1312.0,,405.0,,
StationTank,fuel_level_change,fuel_level_change,1313.0,,405.0,,
Car 22,resource_use_end,pumping_ends,1314.0,2.0,,14.0,50.0
Car 22,arrival_departure,depart,1314.0,,,,
StationTank,fuel_level_change,fuel_level_change,1314.0,,405.0,,
Car 24,resource_use,payment_begins,1314.0,2.0,,19.0,50.0
StationTank,fuel_level_change,fuel_level_change,1315.0,,374.0,,
StationTank,fuel_level_change,fuel_level_change,1316.0,,374.0,,
StationTank,fuel_level_change,fuel_level_change,1317.0,,374.0,,
StationTank,fuel_level_change,fuel_level_change,1318.0,,374.0,,
StationTank,fuel_level_change,fuel_level_change,1319.0,,374.0,,
StationTank,fuel_level_change,fuel_level_change,1320.0,,374.0,,
StationTank,fuel_level_change,fuel_level_change,1321.0,,374.0,,
StationTank,fuel_level_change,fuel_level_change,1322.0,,374.0,,
StationTank,fuel_level_change,fuel_level_change,1323.0,,374.0,,
Car 27,arrival_departure,arrival,1324.0,,,,
Car 27,queue,pump_queue_wait_begins,1324.0,,,24.0,50.0
StationTank,fuel_level_change,fuel_level_change,1324.0,,374.0,,
StationTank,fuel_level_change,fuel_level_change,1325.0,,374.0,,
StationTank,fuel_level_change,fuel_level_change,1326.0,,374.0,,
StationTank,fuel_level_change,fuel_level_change,1327.0,,374.0,,
StationTank,fuel_level_change,fuel_level_change,1328.0,,374.0,,
StationTank,fuel_level_change,fuel_level_change,1329.0,,374.0,,
StationTank,fuel_level_change,fuel_level_change,1330.0,,374.0,,
StationTank,fuel_level_change,fuel_level_change,1331.0,,374.0,,
StationTank,fuel_level_change,fuel_level_change,1332.0,,374.0,,
StationTank,fuel_level_change,fuel_level_change,1333.0,,374.0,,
StationTank,fuel_level_change,fuel_level_change,1334.0,,374.0,,
StationTank,fuel_level_change,fuel_level_change,1335.0,,374.0,,
StationTank,fuel_level_change,fuel_level_change,1336.0,,374.0,,
StationTank,fuel_level_change,fuel_level_change,1337.0,,374.0,,
StationTank,fuel_level_change,fuel_level_change,1338.0,,374.0,,
StationTank,fuel_level_change,fuel_level_change,1339.0,,374.0,,
StationTank,fuel_level_change,fuel_level_change,1340.0,,374.0,,
StationTank,fuel_level_change,fuel_level_change,1341.0,,374.0,,
StationTank,fuel_level_change,fuel_level_change,1342.0,,374.0,,
StationTank,fuel_level_change,fuel_level_change,1343.0,,374.0,,
StationTank,fuel_level_change,fuel_level_change,1344.0,,374.0,,
StationTank,fuel_level_change,fuel_level_change,1345.0,,374.0,,
StationTank,fuel_level_change,fuel_level_change,1346.0,,374.0,,
StationTank,fuel_level_change,fuel_level_change,1347.0,,374.0,,
Car 28,arrival_departure,arrival,1348.0,,,,
Car 28,queue,pump_queue_wait_begins,1348.0,,,22.0,50.0
StationTank,fuel_level_change,fuel_level_change,1348.0,,374.0,,
StationTank,fuel_level_change,fuel_level_change,1349.0,,374.0,,
StationTank,fuel_level_change,fuel_level_change,1350.0,,374.0,,
StationTank,fuel_level_change,fuel_level_change,1351.0,,374.0,,
StationTank,fuel_level_change,fuel_level_change,1352.0,,374.0,,
StationTank,fuel_level_change,fuel_level_change,1353.0,,374.0,,
StationTank,fuel_level_change,fuel_level_change,1354.0,,374.0,,
StationTank,fuel_level_change,fuel_level_change,1355.0,,374.0,,
StationTank,fuel_level_change,fuel_level_change,1356.0,,374.0,,
StationTank,fuel_level_change,fuel_level_change,1357.0,,374.0,,
StationTank,fuel_level_change,fuel_level_change,1358.0,,374.0,,
StationTank,fuel_level_change,fuel_level_change,1359.0,,374.0,,
StationTank,fuel_level_change,fuel_level_change,1360.0,,374.0,,
Car 24,resource_use_end,payment_ends,1361.0,2.0,,19.0,50.0
Car 24,resource_use,pumping_begins,1361.0,2.0,,19.0,50.0
StationTank,fuel_level_change,fuel_level_change,1361.0,,374.0,,
StationTank,fuel_level_change,fuel_level_change,1362.0,,374.0,,
Car 23,resource_use_end,payment_ends,1363.0,1.0,,8.0,50.0
Car 23,resource_use,pumping_begins,1363.0,1.0,,8.0,50.0
StationTank,fuel_level_change,fuel_level_change,1363.0,,374.0,,
StationTank,fuel_level_change,fuel_level_change,1364.0,,374.0,,
StationTank,fuel_level_change,fuel_level_change,1365.0,,374.0,,
StationTank,fuel_level_change,fuel_level_change,1366.0,,374.0,,
StationTank,fuel_level_change,fuel_level_change,1367.0,,374.0,,
StationTank,fuel_level_change,fuel_level_change,1368.0,,374.0,,
StationTank,fuel_level_change,fuel_level_change,1369.0,,374.0,,
StationTank,fuel_level_change,fuel_level_change,1370.0,,374.0,,
StationTank,fuel_level_change,fuel_level_change,1371.0,,374.0,,
StationTank,fuel_level_change,fuel_level_change,1372.0,,374.0,,
StationTank,fuel_level_change,fuel_level_change,1373.0,,374.0,,
StationTank,fuel_level_change,fuel_level_change,1374.0,,374.0,,
StationTank,fuel_level_change,fuel_level_change,1375.0,,374.0,,
StationTank,fuel_level_change,fuel_level_change,1376.0,,374.0,,
StationTank,fuel_level_change,fuel_level_change,1377.0,,374.0,,
StationTank,fuel_level_change,fuel_level_change,1378.0,,374.0,,
StationTank,fuel_level_change,fuel_level_change,1379.0,,374.0,,
StationTank,fuel_level_change,fuel_level_change,1380.0,,374.0,,
StationTank,fuel_level_change,fuel_level_change,1381.0,,374.0,,
StationTank,fuel_level_change,fuel_level_change,1382.0,,374.0,,
StationTank,fuel_level_change,fuel_level_change,1383.0,,374.0,,
Car 29,arrival_departure,arrival,1384.0,,,,
Car 29,queue,pump_queue_wait_begins,1384.0,,,10.0,50.0
StationTank,fuel_level_change,fuel_level_change,1384.0,,374.0,,
StationTank,fuel_level_change,fuel_level_change,1385.0,,374.0,,
StationTank,fuel_level_change,fuel_level_change,1386.0,,374.0,,
StationTank,fuel_level_change,fuel_level_change,1387.0,,374.0,,
StationTank,fuel_level_change,fuel_level_change,1388.0,,374.0,,
StationTank,fuel_level_change,fuel_level_change,1389.0,,374.0,,
StationTank,fuel_level_change,fuel_level_change,1390.0,,374.0,,
StationTank,fuel_level_change,fuel_level_change,1391.0,,374.0,,
Car 24,resource_use_end,pumping_ends,1392.0,2.0,,19.0,50.0
Car 24,arrival_departure,depart,1392.0,,,,
StationTank,fuel_level_change,fuel_level_change,1392.0,,374.0,,
Car 25,resource_use,payment_begins,1392.0,2.0,,10.0,50.0
StationTank,fuel_level_change,fuel_level_change,1393.0,,334.0,,
StationTank,fuel_level_change,fuel_level_change,1394.0,,334.0,,
StationTank,fuel_level_change,fuel_level_change,1395.0,,334.0,,
StationTank,fuel_level_change,fuel_level_change,1396.0,,334.0,,
StationTank,fuel_level_change,fuel_level_change,1397.0,,334.0,,
StationTank,fuel_level_change,fuel_level_change,1398.0,,334.0,,
StationTank,fuel_level_change,fuel_level_change,1399.0,,334.0,,
StationTank,fuel_level_change,fuel_level_change,1400.0,,334.0,,
StationTank,fuel_level_change,fuel_level_change,1401.0,,334.0,,
StationTank,fuel_level_change,fuel_level_change,1402.0,,334.0,,
StationTank,fuel_level_change,fuel_level_change,1403.0,,334.0,,
StationTank,fuel_level_change,fuel_level_change,1404.0,,334.0,,
Car 23,resource_use_end,pumping_ends,1405.0,1.0,,8.0,50.0
Car 23,arrival_departure,depart,1405.0,,,,
StationTank,fuel_level_change,fuel_level_change,1405.0,,334.0,,
Car 26,resource_use,payment_begins,1405.0,1.0,,11.0,50.0
StationTank,fuel_level_change,fuel_level_change,1406.0,,295.0,,
StationTank,fuel_level_change,fuel_level_change,1407.0,,295.0,,
StationTank,fuel_level_change,fuel_level_change,1408.0,,295.0,,
StationTank,fuel_level_change,fuel_level_change,1409.0,,295.0,,
StationTank,fuel_level_change,fuel_level_change,1410.0,,295.0,,
StationTank,fuel_level_change,fuel_level_change,1411.0,,295.0,,
StationTank,fuel_level_change,fuel_level_change,1412.0,,295.0,,
StationTank,fuel_level_change,fuel_level_change,1413.0,,295.0,,
StationTank,fuel_level_change,fuel_level_change,1414.0,,295.0,,
StationTank,fuel_level_change,fuel_level_change,1415.0,,295.0,,
StationTank,fuel_level_change,fuel_level_change,1416.0,,295.0,,
StationTank,fuel_level_change,fuel_level_change,1417.0,,295.0,,
StationTank,fuel_level_change,fuel_level_change,1418.0,,295.0,,
StationTank,fuel_level_change,fuel_level_change,1419.0,,295.0,,
StationTank,fuel_level_change,fuel_level_change,1420.0,,295.0,,
StationTank,fuel_level_change,fuel_level_change,1421.0,,295.0,,
StationTank,fuel_level_change,fuel_level_change,1422.0,,295.0,,
StationTank,fuel_level_change,fuel_level_change,1423.0,,295.0,,
StationTank,fuel_level_change,fuel_level_change,1424.0,,295.0,,
StationTank,fuel_level_change,fuel_level_change,1425.0,,295.0,,
StationTank,fuel_level_change,fuel_level_change,1426.0,,295.0,,
StationTank,fuel_level_change,fuel_level_change,1427.0,,295.0,,
StationTank,fuel_level_change,fuel_level_change,1428.0,,295.0,,
StationTank,fuel_level_change,fuel_level_change,1429.0,,295.0,,
Car 30,arrival_departure,arrival,1430.0,,,,
Car 30,queue,pump_queue_wait_begins,1430.0,,,25.0,50.0
StationTank,fuel_level_change,fuel_level_change,1430.0,,295.0,,
StationTank,fuel_level_change,fuel_level_change,1431.0,,295.0,,
StationTank,fuel_level_change,fuel_level_change,1432.0,,295.0,,
StationTank,fuel_level_change,fuel_level_change,1433.0,,295.0,,
StationTank,fuel_level_change,fuel_level_change,1434.0,,295.0,,
StationTank,fuel_level_change,fuel_level_change,1435.0,,295.0,,
StationTank,fuel_level_change,fuel_level_change,1436.0,,295.0,,
StationTank,fuel_level_change,fuel_level_change,1437.0,,295.0,,
StationTank,fuel_level_change,fuel_level_change,1438.0,,295.0,,
StationTank,fuel_level_change,fuel_level_change,1439.0,,295.0,,
StationTank,fuel_level_change,fuel_level_change,1440.0,,295.0,,
StationTank,fuel_level_change,fuel_level_change,1441.0,,295.0,,
StationTank,fuel_level_change,fuel_level_change,1442.0,,295.0,,
StationTank,fuel_level_change,fuel_level_change,1443.0,,295.0,,
StationTank,fuel_level_change,fuel_level_change,1444.0,,295.0,,
StationTank,fuel_level_change,fuel_level_change,1445.0,,295.0,,
StationTank,fuel_level_change,fuel_level_change,1446.0,,295.0,,
StationTank,fuel_level_change,fuel_level_change,1447.0,,295.0,,
StationTank,fuel_level_change,fuel_level_change,1448.0,,295.0,,
StationTank,fuel_level_change,fuel_level_change,1449.0,,295.0,,
StationTank,fuel_level_change,fuel_level_change,1450.0,,295.0,,
Car 25,resource_use_end,payment_ends,1451.0,2.0,,10.0,50.0
Car 25,resource_use,pumping_begins,1451.0,2.0,,10.0,50.0
StationTank,fuel_level_change,fuel_level_change,1451.0,,295.0,,
StationTank,fuel_level_change,fuel_level_change,1452.0,,295.0,,
StationTank,fuel_level_change,fuel_level_change,1453.0,,295.0,,
StationTank,fuel_level_change,fuel_level_change,1454.0,,295.0,,
StationTank,fuel_level_change,fuel_level_change,1455.0,,295.0,,
StationTank,fuel_level_change,fuel_level_change,1456.0,,295.0,,
StationTank,fuel_level_change,fuel_level_change,1457.0,,295.0,,
StationTank,fuel_level_change,fuel_level_change,1458.0,,295.0,,
Car 26,resource_use_end,payment_ends,1459.0,1.0,,11.0,50.0
Car 26,resource_use,pumping_begins,1459.0,1.0,,11.0,50.0
StationTank,fuel_level_change,fuel_level_change,1459.0,,295.0,,
StationTank,fuel_level_change,fuel_level_change,1460.0,,295.0,,
StationTank,fuel_level_change,fuel_level_change,1461.0,,295.0,,
StationTank,fuel_level_change,fuel_level_change,1462.0,,295.0,,
StationTank,fuel_level_change,fuel_level_change,1463.0,,295.0,,
StationTank,fuel_level_change,fuel_level_change,1464.0,,295.0,,
StationTank,fuel_level_change,fuel_level_change,1465.0,,295.0,,
StationTank,fuel_level_change,fuel_level_change,1466.0,,295.0,,
StationTank,fuel_level_change,fuel_level_change,1467.0,,295.0,,
StationTank,fuel_level_change,fuel_level_change,1468.0,,295.0,,
StationTank,fuel_level_change,fuel_level_change,1469.0,,295.0,,
StationTank,fuel_level_change,fuel_level_change,1470.0,,295.0,,
StationTank,fuel_level_change,fuel_level_change,1471.0,,295.0,,
StationTank,fuel_level_change,fuel_level_change,1472.0,,295.0,,
StationTank,fuel_level_change,fuel_level_change,1473.0,,295.0,,
StationTank,fuel_level_change,fuel_level_change,1474.0,,295.0,,
StationTank,fuel_level_change,fuel_level_change,1475.0,,295.0,,
StationTank,fuel_level_change,fuel_level_change,1476.0,,295.0,,
StationTank,fuel_level_change,fuel_level_change,1477.0,,295.0,,
StationTank,fuel_level_change,fuel_level_change,1478.0,,295.0,,
Car 31,arrival_departure,arrival,1479.0,,,,
Car 31,queue,pump_queue_wait_begins,1479.0,,,12.0,50.0
StationTank,fuel_level_change,fuel_level_change,1479.0,,295.0,,
StationTank,fuel_level_change,fuel_level_change,1480.0,,295.0,,
StationTank,fuel_level_change,fuel_level_change,1481.0,,295.0,,
StationTank,fuel_level_change,fuel_level_change,1482.0,,295.0,,
StationTank,fuel_level_change,fuel_level_change,1483.0,,295.0,,
StationTank,fuel_level_change,fuel_level_change,1484.0,,295.0,,
StationTank,fuel_level_change,fuel_level_change,1485.0,,295.0,,
StationTank,fuel_level_change,fuel_level_change,1486.0,,295.0,,
StationTank,fuel_level_change,fuel_level_change,1487.0,,295.0,,
StationTank,fuel_level_change,fuel_level_change,1488.0,,295.0,,
StationTank,fuel_level_change,fuel_level_change,1489.0,,295.0,,
StationTank,fuel_level_change,fuel_level_change,1490.0,,295.0,,
Car 25,resource_use_end,pumping_ends,1491.0,2.0,,10.0,50.0
Car 25,arrival_departure,depart,1491.0,,,,
StationTank,fuel_level_change,fuel_level_change,1491.0,,295.0,,
Car 27,resource_use,payment_begins,1491.0,2.0,,24.0,50.0
StationTank,fuel_level_change,fuel_level_change,1492.0,,269.0,,
StationTank,fuel_level_change,fuel_level_change,1493.0,,269.0,,
StationTank,fuel_level_change,fuel_level_change,1494.0,,269.0,,
StationTank,fuel_level_change,fuel_level_change,1495.0,,269.0,,
StationTank,fuel_level_change,fuel_level_change,1496.0,,269.0,,
StationTank,fuel_level_change,fuel_level_change,1497.0,,269.0,,
Car 26,resource_use_end,pumping_ends,1498.0,1.0,,11.0,50.0
Car 26,arrival_departure,depart,1498.0,,,,
StationTank,fuel_level_change,fuel_level_change,1498.0,,269.0,,
Car 28,resource_use,payment_begins,1498.0,1.0,,22.0,50.0
StationTank,fuel_level_change,fuel_level_change,1499.0,,241.0,,
StationTank,fuel_level_change,fuel_level_change,1500.0,,241.0,,
StationTank,fuel_level_change,fuel_level_change,1501.0,,241.0,,
StationTank,fuel_level_change,fuel_level_change,1502.0,,241.0,,
StationTank,fuel_level_change,fuel_level_change,1503.0,,241.0,,
StationTank,fuel_level_change,fuel_level_change,1504.0,,241.0,,
StationTank,fuel_level_change,fuel_level_change,1505.0,,241.0,,
StationTank,fuel_level_change,fuel_level_change,1506.0,,241.0,,
StationTank,fuel_level_change,fuel_level_change,1507.0,,241.0,,
StationTank,fuel_level_change,fuel_level_change,1508.0,,241.0,,
StationTank,fuel_level_change,fuel_level_change,1509.0,,241.0,,
StationTank,fuel_level_change,fuel_level_change,1510.0,,241.0,,
StationTank,fuel_level_change,fuel_level_change,1511.0,,241.0,,
StationTank,fuel_level_change,fuel_level_change,1512.0,,241.0,,
StationTank,fuel_level_change,fuel_level_change,1513.0,,241.0,,
StationTank,fuel_level_change,fuel_level_change,1514.0,,241.0,,
StationTank,fuel_level_change,fuel_level_change,1515.0,,241.0,,
StationTank,fuel_level_change,fuel_level_change,1516.0,,241.0,,
StationTank,fuel_level_change,fuel_level_change,1517.0,,241.0,,
StationTank,fuel_level_change,fuel_level_change,1518.0,,241.0,,
StationTank,fuel_level_change,fuel_level_change,1519.0,,241.0,,
StationTank,fuel_level_change,fuel_level_change,1520.0,,241.0,,
StationTank,fuel_level_change,fuel_level_change,1521.0,,241.0,,
StationTank,fuel_level_change,fuel_level_change,1522.0,,241.0,,
StationTank,fuel_level_change,fuel_level_change,1523.0,,241.0,,
StationTank,fuel_level_change,fuel_level_change,1524.0,,241.0,,
StationTank,fuel_level_change,fuel_level_change,1525.0,,241.0,,
StationTank,fuel_level_change,fuel_level_change,1526.0,,241.0,,
StationTank,fuel_level_change,fuel_level_change,1527.0,,241.0,,
StationTank,fuel_level_change,fuel_level_change,1528.0,,241.0,,
StationTank,fuel_level_change,fuel_level_change,1529.0,,241.0,,
StationTank,fuel_level_change,fuel_level_change,1530.0,,241.0,,
StationTank,fuel_level_change,fuel_level_change,1531.0,,241.0,,
StationTank,fuel_level_change,fuel_level_change,1532.0,,241.0,,
StationTank,fuel_level_change,fuel_level_change,1533.0,,241.0,,
StationTank,fuel_level_change,fuel_level_change,1534.0,,241.0,,
StationTank,fuel_level_change,fuel_level_change,1535.0,,241.0,,
StationTank,fuel_level_change,fuel_level_change,1536.0,,241.0,,
StationTank,fuel_level_change,fuel_level_change,1537.0,,241.0,,
StationTank,fuel_level_change,fuel_level_change,1538.0,,241.0,,
StationTank,fuel_level_change,fuel_level_change,1539.0,,241.0,,
StationTank,fuel_level_change,fuel_level_change,1540.0,,241.0,,
StationTank,fuel_level_change,fuel_level_change,1541.0,,241.0,,
StationTank,fuel_level_change,fuel_level_change,1542.0,,241.0,,
StationTank,fuel_level_change,fuel_level_change,1543.0,,241.0,,
StationTank,fuel_level_change,fuel_level_change,1544.0,,241.0,,
StationTank,fuel_level_change,fuel_level_change,1545.0,,241.0,,
StationTank,fuel_level_change,fuel_level_change,1546.0,,241.0,,
StationTank,fuel_level_change,fuel_level_change,1547.0,,241.0,,
Car 28,resource_use_end,payment_ends,1548.0,1.0,,22.0,50.0
Car 28,resource_use,pumping_begins,1548.0,1.0,,22.0,50.0
StationTank,fuel_level_change,fuel_level_change,1548.0,,241.0,,
StationTank,fuel_level_change,fuel_level_change,1549.0,,241.0,,
StationTank,fuel_level_change,fuel_level_change,1550.0,,241.0,,
StationTank,fuel_level_change,fuel_level_change,1551.0,,241.0,,
StationTank,fuel_level_change,fuel_level_change,1552.0,,241.0,,
StationTank,fuel_level_change,fuel_level_change,1553.0,,241.0,,
StationTank,fuel_level_change,fuel_level_change,1554.0,,241.0,,
StationTank,fuel_level_change,fuel_level_change,1555.0,,241.0,,
StationTank,fuel_level_change,fuel_level_change,1556.0,,241.0,,
StationTank,fuel_level_change,fuel_level_change,1557.0,,241.0,,
StationTank,fuel_level_change,fuel_level_change,1558.0,,241.0,,
StationTank,fuel_level_change,fuel_level_change,1559.0,,241.0,,
StationTank,fuel_level_change,fuel_level_change,1560.0,,241.0,,
StationTank,fuel_level_change,fuel_level_change,1561.0,,241.0,,
StationTank,fuel_level_change,fuel_level_change,1562.0,,241.0,,
StationTank,fuel_level_change,fuel_level_change,1563.0,,241.0,,
Car 27,resource_use_end,payment_ends,1564.0,2.0,,24.0,50.0
Car 27,resource_use,pumping_begins,1564.0,2.0,,24.0,50.0
StationTank,fuel_level_change,fuel_level_change,1564.0,,241.0,,
Car 32,arrival_departure,arrival,1565.0,,,,
Car 32,queue,pump_queue_wait_begins,1565.0,,,12.0,50.0
StationTank,fuel_level_change,fuel_level_change,1565.0,,241.0,,
StationTank,fuel_level_change,fuel_level_change,1566.0,,241.0,,
StationTank,fuel_level_change,fuel_level_change,1567.0,,241.0,,
StationTank,fuel_level_change,fuel_level_change,1568.0,,241.0,,
StationTank,fuel_level_change,fuel_level_change,1569.0,,241.0,,
StationTank,fuel_level_change,fuel_level_change,1570.0,,241.0,,
StationTank,fuel_level_change,fuel_level_change,1571.0,,241.0,,
StationTank,fuel_level_change,fuel_level_change,1572.0,,241.0,,
StationTank,fuel_level_change,fuel_level_change,1573.0,,241.0,,
StationTank,fuel_level_change,fuel_level_change,1574.0,,241.0,,
StationTank,fuel_level_change,fuel_level_change,1575.0,,241.0,,
Car 28,resource_use_end,pumping_ends,1576.0,1.0,,22.0,50.0
Car 28,arrival_departure,depart,1576.0,,,,
StationTank,fuel_level_change,fuel_level_change,1576.0,,241.0,,
Car 29,resource_use,payment_begins,1576.0,1.0,,10.0,50.0
StationTank,fuel_level_change,fuel_level_change,1577.0,,201.0,,
StationTank,fuel_level_change,fuel_level_change,1578.0,,201.0,,
StationTank,fuel_level_change,fuel_level_change,1579.0,,201.0,,
StationTank,fuel_level_change,fuel_level_change,1580.0,,201.0,,
StationTank,fuel_level_change,fuel_level_change,1581.0,,201.0,,
StationTank,fuel_level_change,fuel_level_change,1582.0,,201.0,,
StationTank,fuel_level_change,fuel_level_change,1583.0,,201.0,,
StationTank,fuel_level_change,fuel_level_change,1584.0,,201.0,,
StationTank,fuel_level_change,fuel_level_change,1585.0,,201.0,,
StationTank,fuel_level_change,fuel_level_change,1586.0,,201.0,,
Car 33,arrival_departure,arrival,1587.0,,,,
Car 33,queue,pump_queue_wait_begins,1587.0,,,15.0,50.0
StationTank,fuel_level_change,fuel_level_change,1587.0,,201.0,,
StationTank,fuel_level_change,fuel_level_change,1588.0,,201.0,,
StationTank,fuel_level_change,fuel_level_change,1589.0,,201.0,,
Car 27,resource_use_end,pumping_ends,1590.0,2.0,,24.0,50.0
Car 27,arrival_departure,depart,1590.0,,,,
StationTank,fuel_level_change,fuel_level_change,1590.0,,201.0,,
Car 30,resource_use,payment_begins,1590.0,2.0,,25.0,50.0
StationTank,fuel_level_change,fuel_level_change,1591.0,,176.0,,
StationTank,fuel_level_change,fuel_level_change,1592.0,,176.0,,
StationTank,fuel_level_change,fuel_level_change,1593.0,,176.0,,
StationTank,fuel_level_change,fuel_level_change,1594.0,,176.0,,
StationTank,fuel_level_change,fuel_level_change,1595.0,,176.0,,
StationTank,fuel_level_change,fuel_level_change,1596.0,,176.0,,
StationTank,fuel_level_change,fuel_level_change,1597.0,,176.0,,
StationTank,fuel_level_change,fuel_level_change,1598.0,,176.0,,
StationTank,fuel_level_change,fuel_level_change,1599.0,,176.0,,
StationTank,fuel_level_change,fuel_level_change,1600.0,,176.0,,
StationTank,fuel_level_change,fuel_level_change,1601.0,,176.0,,
StationTank,fuel_level_change,fuel_level_change,1602.0,,176.0,,
StationTank,fuel_level_change,fuel_level_change,1603.0,,176.0,,
StationTank,fuel_level_change,fuel_level_change,1604.0,,176.0,,
StationTank,fuel_level_change,fuel_level_change,1605.0,,176.0,,
Car 34,arrival_departure,arrival,1606.0,,,,
Car 34,queue,pump_queue_wait_begins,1606.0,,,7.0,50.0
StationTank,fuel_level_change,fuel_level_change,1606.0,,176.0,,
StationTank,fuel_level_change,fuel_level_change,1607.0,,176.0,,
StationTank,fuel_level_change,fuel_level_change,1608.0,,176.0,,
StationTank,fuel_level_change,fuel_level_change,1609.0,,176.0,,
StationTank,fuel_level_change,fuel_level_change,1610.0,,176.0,,
StationTank,fuel_level_change,fuel_level_change,1611.0,,176.0,,
StationTank,fuel_level_change,fuel_level_change,1612.0,,176.0,,
StationTank,fuel_level_change,fuel_level_change,1613.0,,176.0,,
StationTank,fuel_level_change,fuel_level_change,1614.0,,176.0,,
StationTank,fuel_level_change,fuel_level_change,1615.0,,176.0,,
StationTank,fuel_level_change,fuel_level_change,1616.0,,176.0,,
StationTank,fuel_level_change,fuel_level_change,1617.0,,176.0,,
StationTank,fuel_level_change,fuel_level_change,1618.0,,176.0,,
StationTank,fuel_level_change,fuel_level_change,1619.0,,176.0,,
StationTank,fuel_level_change,fuel_level_change,1620.0,,176.0,,
StationTank,fuel_level_change,fuel_level_change,1621.0,,176.0,,
StationTank,fuel_level_change,fuel_level_change,1622.0,,176.0,,
StationTank,fuel_level_change,fuel_level_change,1623.0,,176.0,,
StationTank,fuel_level_change,fuel_level_change,1624.0,,176.0,,
StationTank,fuel_level_change,fuel_level_change,1625.0,,176.0,,
StationTank,fuel_level_change,fuel_level_change,1626.0,,176.0,,
StationTank,fuel_level_change,fuel_level_change,1627.0,,176.0,,
StationTank,fuel_level_change,fuel_level_change,1628.0,,176.0,,
StationTank,fuel_level_change,fuel_level_change,1629.0,,176.0,,
StationTank,fuel_level_change,fuel_level_change,1630.0,,176.0,,
StationTank,fuel_level_change,fuel_level_change,1631.0,,176.0,,
StationTank,fuel_level_change,fuel_level_change,1632.0,,176.0,,
StationTank,fuel_level_change,fuel_level_change,1633.0,,176.0,,
StationTank,fuel_level_change,fuel_level_change,1634.0,,176.0,,
StationTank,fuel_level_change,fuel_level_change,1635.0,,176.0,,
StationTank,fuel_level_change,fuel_level_change,1636.0,,176.0,,
StationTank,fuel_level_change,fuel_level_change,1637.0,,176.0,,
StationTank,fuel_level_change,fuel_level_change,1638.0,,176.0,,
StationTank,fuel_level_change,fuel_level_change,1639.0,,176.0,,
StationTank,fuel_level_change,fuel_level_change,1640.0,,176.0,,
StationTank,fuel_level_change,fuel_level_change,1641.0,,176.0,,
StationTank,fuel_level_change,fuel_level_change,1642.0,,176.0,,
StationTank,fuel_level_change,fuel_level_change,1643.0,,176.0,,
StationTank,fuel_level_change,fuel_level_change,1644.0,,176.0,,
Car 30,resource_use_end,payment_ends,1645.0,2.0,,25.0,50.0
Car 30,resource_use,pumping_begins,1645.0,2.0,,25.0,50.0
StationTank,fuel_level_change,fuel_level_change,1645.0,,176.0,,
StationTank,fuel_level_change,fuel_level_change,1646.0,,176.0,,
StationTank,fuel_level_change,fuel_level_change,1647.0,,176.0,,
StationTank,fuel_level_change,fuel_level_change,1648.0,,176.0,,
StationTank,fuel_level_change,fuel_level_change,1649.0,,176.0,,
StationTank,fuel_level_change,fuel_level_change,1650.0,,176.0,,
StationTank,fuel_level_change,fuel_level_change,1651.0,,176.0,,
StationTank,fuel_level_change,fuel_level_change,1652.0,,176.0,,
StationTank,fuel_level_change,fuel_level_change,1653.0,,176.0,,
StationTank,fuel_level_change,fuel_level_change,1654.0,,176.0,,
Car 35,arrival_departure,arrival,1655.0,,,,
Car 35,queue,pump_queue_wait_begins,1655.0,,,23.0,50.0
StationTank,fuel_level_change,fuel_level_change,1655.0,,176.0,,
StationTank,fuel_level_change,fuel_level_change,1656.0,,176.0,,
StationTank,fuel_level_change,fuel_level_change,1657.0,,176.0,,
Car 29,resource_use_end,payment_ends,1658.0,1.0,,10.0,50.0
Car 29,resource_use,pumping_begins,1658.0,1.0,,10.0,50.0
StationTank,fuel_level_change,fuel_level_change,1658.0,,176.0,,
StationTank,fuel_level_change,fuel_level_change,1659.0,,176.0,,
StationTank,fuel_level_change,fuel_level_change,1660.0,,176.0,,
StationTank,fuel_level_change,fuel_level_change,1661.0,,176.0,,
StationTank,fuel_level_change,fuel_level_change,1662.0,,176.0,,
StationTank,fuel_level_change,fuel_level_change,1663.0,,176.0,,
StationTank,fuel_level_change,fuel_level_change,1664.0,,176.0,,
StationTank,fuel_level_change,fuel_level_change,1665.0,,176.0,,
StationTank,fuel_level_change,fuel_level_change,1666.0,,176.0,,
StationTank,fuel_level_change,fuel_level_change,1667.0,,176.0,,
StationTank,fuel_level_change,fuel_level_change,1668.0,,176.0,,
StationTank,fuel_level_change,fuel_level_change,1669.0,,176.0,,
Car 30,resource_use_end,pumping_ends,1670.0,2.0,,25.0,50.0
Car 30,arrival_departure,depart,1670.0,,,,
StationTank,fuel_level_change,fuel_level_change,1670.0,,176.0,,
Car 31,resource_use,payment_begins,1670.0,2.0,,12.0,50.0
StationTank,fuel_level_change,fuel_level_change,1671.0,,138.0,,
StationTank,fuel_level_change,fuel_level_change,1672.0,,138.0,,
StationTank,fuel_level_change,fuel_level_change,1673.0,,138.0,,
StationTank,fuel_level_change,fuel_level_change,1674.0,,138.0,,
StationTank,fuel_level_change,fuel_level_change,1675.0,,138.0,,
StationTank,fuel_level_change,fuel_level_change,1676.0,,138.0,,
StationTank,fuel_level_change,fuel_level_change,1677.0,,138.0,,
StationTank,fuel_level_change,fuel_level_change,1678.0,,138.0,,
StationTank,fuel_level_change,fuel_level_change,1679.0,,138.0,,
StationTank,fuel_level_change,fuel_level_change,1680.0,,138.0,,
StationTank,fuel_level_change,fuel_level_change,1681.0,,138.0,,
StationTank,fuel_level_change,fuel_level_change,1682.0,,138.0,,
StationTank,fuel_level_change,fuel_level_change,1683.0,,138.0,,
StationTank,fuel_level_change,fuel_level_change,1684.0,,138.0,,
Call 1,arrival_departure,arrival,1685.0,,,,
Call 1,queue,calling_truck,1685.0,,,,
StationTank,fuel_level_change,fuel_level_change,1685.0,,138.0,,
StationTank,fuel_level_change,fuel_level_change,1686.0,,138.0,,
StationTank,fuel_level_change,fuel_level_change,1687.0,,138.0,,
StationTank,fuel_level_change,fuel_level_change,1688.0,,138.0,,
StationTank,fuel_level_change,fuel_level_change,1689.0,,138.0,,
StationTank,fuel_level_change,fuel_level_change,1690.0,,138.0,,
StationTank,fuel_level_change,fuel_level_change,1691.0,,138.0,,
StationTank,fuel_level_change,fuel_level_change,1692.0,,138.0,,
StationTank,fuel_level_change,fuel_level_change,1693.0,,138.0,,
StationTank,fuel_level_change,fuel_level_change,1694.0,,138.0,,
StationTank,fuel_level_change,fuel_level_change,1695.0,,138.0,,
StationTank,fuel_level_change,fuel_level_change,1696.0,,138.0,,
Car 36,arrival_departure,arrival,1697.0,,,,
Car 36,queue,pump_queue_wait_begins,1697.0,,,11.0,50.0
StationTank,fuel_level_change,fuel_level_change,1697.0,,138.0,,
Car 29,resource_use_end,pumping_ends,1698.0,1.0,,10.0,50.0
Car 29,arrival_departure,depart,1698.0,,,,
StationTank,fuel_level_change,fuel_level_change,1698.0,,138.0,,
Car 32,resource_use,payment_begins,1698.0,1.0,,12.0,50.0
StationTank,fuel_level_change,fuel_level_change,1699.0,,100.0,,
StationTank,fuel_level_change,fuel_level_change,1700.0,,100.0,,
StationTank,fuel_level_change,fuel_level_change,1701.0,,100.0,,
StationTank,fuel_level_change,fuel_level_change,1702.0,,100.0,,
StationTank,fuel_level_change,fuel_level_change,1703.0,,100.0,,
StationTank,fuel_level_change,fuel_level_change,1704.0,,100.0,,
StationTank,fuel_level_change,fuel_level_change,1705.0,,100.0,,
StationTank,fuel_level_change,fuel_level_change,1706.0,,100.0,,
StationTank,fuel_level_change,fuel_level_change,1707.0,,100.0,,
StationTank,fuel_level_change,fuel_level_change,1708.0,,100.0,,
StationTank,fuel_level_change,fuel_level_change,1709.0,,100.0,,
StationTank,fuel_level_change,fuel_level_change,1710.0,,100.0,,
StationTank,fuel_level_change,fuel_level_change,1711.0,,100.0,,
StationTank,fuel_level_change,fuel_level_change,1712.0,,100.0,,
StationTank,fuel_level_change,fuel_level_change,1713.0,,100.0,,
StationTank,fuel_level_change,fuel_level_change,1714.0,,100.0,,
StationTank,fuel_level_change,fuel_level_change,1715.0,,100.0,,
StationTank,fuel_level_change,fuel_level_change,1716.0,,100.0,,
StationTank,fuel_level_change,fuel_level_change,1717.0,,100.0,,
StationTank,fuel_level_change,fuel_level_change,1718.0,,100.0,,
StationTank,fuel_level_change,fuel_level_change,1719.0,,100.0,,
StationTank,fuel_level_change,fuel_level_change,1720.0,,100.0,,
StationTank,fuel_level_change,fuel_level_change,1721.0,,100.0,,
StationTank,fuel_level_change,fuel_level_change,1722.0,,100.0,,
StationTank,fuel_level_change,fuel_level_change,1723.0,,100.0,,
StationTank,fuel_level_change,fuel_level_change,1724.0,,100.0,,
StationTank,fuel_level_change,fuel_level_change,1725.0,,100.0,,
StationTank,fuel_level_change,fuel_level_change,1726.0,,100.0,,
StationTank,fuel_level_change,fuel_level_change,1727.0,,100.0,,
StationTank,fuel_level_change,fuel_level_change,1728.0,,100.0,,
StationTank,fuel_level_change,fuel_level_change,1729.0,,100.0,,
StationTank,fuel_level_change,fuel_level_change,1730.0,,100.0,,
StationTank,fuel_level_change,fuel_level_change,1731.0,,100.0,,
StationTank,fuel_level_change,fuel_level_change,1732.0,,100.0,,
StationTank,fuel_level_change,fuel_level_change,1733.0,,100.0,,
StationTank,fuel_level_change,fuel_level_change,1734.0,,100.0,,
StationTank,fuel_level_change,fuel_level_change,1735.0,,100.0,,
StationTank,fuel_level_change,fuel_level_change,1736.0,,100.0,,
StationTank,fuel_level_change,fuel_level_change,1737.0,,100.0,,
StationTank,fuel_level_change,fuel_level_change,1738.0,,100.0,,
StationTank,fuel_level_change,fuel_level_change,1739.0,,100.0,,
StationTank,fuel_level_change,fuel_level_change,1740.0,,100.0,,
StationTank,fuel_level_change,fuel_level_change,1741.0,,100.0,,
StationTank,fuel_level_change,fuel_level_change,1742.0,,100.0,,
StationTank,fuel_level_change,fuel_level_change,1743.0,,100.0,,
StationTank,fuel_level_change,fuel_level_change,1744.0,,100.0,,
StationTank,fuel_level_change,fuel_level_change,1745.0,,100.0,,
StationTank,fuel_level_change,fuel_level_change,1746.0,,100.0,,
StationTank,fuel_level_change,fuel_level_change,1747.0,,100.0,,
StationTank,fuel_level_change,fuel_level_change,1748.0,,100.0,,
StationTank,fuel_level_change,fuel_level_change,1749.0,,100.0,,
StationTank,fuel_level_change,fuel_level_change,1750.0,,100.0,,
StationTank,fuel_level_change,fuel_level_change,1751.0,,100.0,,
Car 37,arrival_departure,arrival,1752.0,,,,
Car 37,queue,pump_queue_wait_begins,1752.0,,,17.0,50.0
StationTank,fuel_level_change,fuel_level_change,1752.0,,100.0,,
StationTank,fuel_level_change,fuel_level_change,1753.0,,100.0,,
StationTank,fuel_level_change,fuel_level_change,1754.0,,100.0,,
StationTank,fuel_level_change,fuel_level_change,1755.0,,100.0,,
Car 31,resource_use_end,payment_ends,1756.0,2.0,,12.0,50.0
Car 31,resource_use,pumping_begins,1756.0,2.0,,12.0,50.0
StationTank,fuel_level_change,fuel_level_change,1756.0,,100.0,,
StationTank,fuel_level_change,fuel_level_change,1757.0,,100.0,,
StationTank,fuel_level_change,fuel_level_change,1758.0,,100.0,,
StationTank,fuel_level_change,fuel_level_change,1759.0,,100.0,,
StationTank,fuel_level_change,fuel_level_change,1760.0,,100.0,,
StationTank,fuel_level_change,fuel_level_change,1761.0,,100.0,,
StationTank,fuel_level_change,fuel_level_change,1762.0,,100.0,,
StationTank,fuel_level_change,fuel_level_change,1763.0,,100.0,,
StationTank,fuel_level_change,fuel_level_change,1764.0,,100.0,,
StationTank,fuel_level_change,fuel_level_change,1765.0,,100.0,,
StationTank,fuel_level_change,fuel_level_change,1766.0,,100.0,,
StationTank,fuel_level_change,fuel_level_change,1767.0,,100.0,,
StationTank,fuel_level_change,fuel_level_change,1768.0,,100.0,,
Car 32,resource_use_end,payment_ends,1769.0,1.0,,12.0,50.0
Car 32,resource_use,pumping_begins,1769.0,1.0,,12.0,50.0
StationTank,fuel_level_change,fuel_level_change,1769.0,,100.0,,
StationTank,fuel_level_change,fuel_level_change,1770.0,,100.0,,
StationTank,fuel_level_change,fuel_level_change,1771.0,,100.0,,
StationTank,fuel_level_change,fuel_level_change,1772.0,,100.0,,
StationTank,fuel_level_change,fuel_level_change,1773.0,,100.0,,
StationTank,fuel_level_change,fuel_level_change,1774.0,,100.0,,
StationTank,fuel_level_change,fuel_level_change,1775.0,,100.0,,
StationTank,fuel_level_change,fuel_level_change,1776.0,,100.0,,
StationTank,fuel_level_change,fuel_level_change,1777.0,,100.0,,
StationTank,fuel_level_change,fuel_level_change,1778.0,,100.0,,
StationTank,fuel_level_change,fuel_level_change,1779.0,,100.0,,
StationTank,fuel_level_change,fuel_level_change,1780.0,,100.0,,
StationTank,fuel_level_change,fuel_level_change,1781.0,,100.0,,
StationTank,fuel_level_change,fuel_level_change,1782.0,,100.0,,
StationTank,fuel_level_change,fuel_level_change,1783.0,,100.0,,
StationTank,fuel_level_change,fuel_level_change,1784.0,,100.0,,
StationTank,fuel_level_change,fuel_level_change,1785.0,,100.0,,
StationTank,fuel_level_change,fuel_level_change,1786.0,,100.0,,
StationTank,fuel_level_change,fuel_level_change,1787.0,,100.0,,
StationTank,fuel_level_change,fuel_level_change,1788.0,,100.0,,
StationTank,fuel_level_change,fuel_level_change,1789.0,,100.0,,
StationTank,fuel_level_change,fuel_level_change,1790.0,,100.0,,
StationTank,fuel_level_change,fuel_level_change,1791.0,,100.0,,
StationTank,fuel_level_change,fuel_level_change,1792.0,,100.0,,
StationTank,fuel_level_change,fuel_level_change,1793.0,,100.0,,
Car 31,resource_use_end,pumping_ends,1794.0,2.0,,12.0,50.0
Car 31,arrival_departure,depart,1794.0,,,,
StationTank,fuel_level_change,fuel_level_change,1794.0,,100.0,,
Car 33,resource_use,payment_begins,1794.0,2.0,,15.0,50.0
StationTank,fuel_level_change,fuel_level_change,1795.0,,65.0,,
StationTank,fuel_level_change,fuel_level_change,1796.0,,65.0,,
StationTank,fuel_level_change,fuel_level_change,1797.0,,65.0,,
StationTank,fuel_level_change,fuel_level_change,1798.0,,65.0,,
StationTank,fuel_level_change,fuel_level_change,1799.0,,65.0,,
StationTank,fuel_level_change,fuel_level_change,1800.0,,65.0,,
StationTank,fuel_level_change,fuel_level_change,1801.0,,65.0,,
StationTank,fuel_level_change,fuel_level_change,1802.0,,65.0,,
StationTank,fuel_level_change,fuel_level_change,1803.0,,65.0,,
StationTank,fuel_level_change,fuel_level_change,1804.0,,65.0,,
StationTank,fuel_level_change,fuel_level_change,1805.0,,65.0,,
StationTank,fuel_level_change,fuel_level_change,1806.0,,65.0,,
Car 32,resource_use_end,pumping_ends,1807.0,1.0,,12.0,50.0
Car 32,arrival_departure,depart,1807.0,,,,
StationTank,fuel_level_change,fuel_level_change,1807.0,,65.0,,
Car 34,resource_use,payment_begins,1807.0,1.0,,7.0,50.0
StationTank,fuel_level_change,fuel_level_change,1808.0,,22.0,,
StationTank,fuel_level_change,fuel_level_change,1809.0,,22.0,,
StationTank,fuel_level_change,fuel_level_change,1810.0,,22.0,,
StationTank,fuel_level_change,fuel_level_change,1811.0,,22.0,,
StationTank,fuel_level_change,fuel_level_change,1812.0,,22.0,,
StationTank,fuel_level_change,fuel_level_change,1813.0,,22.0,,
StationTank,fuel_level_change,fuel_level_change,1814.0,,22.0,,
StationTank,fuel_level_change,fuel_level_change,1815.0,,22.0,,
StationTank,fuel_level_change,fuel_level_change,1816.0,,22.0,,
StationTank,fuel_level_change,fuel_level_change,1817.0,,22.0,,
StationTank,fuel_level_change,fuel_level_change,1818.0,,22.0,,
StationTank,fuel_level_change,fuel_level_change,1819.0,,22.0,,
StationTank,fuel_level_change,fuel_level_change,1820.0,,22.0,,
StationTank,fuel_level_change,fuel_level_change,1821.0,,22.0,,
StationTank,fuel_level_change,fuel_level_change,1822.0,,22.0,,
StationTank,fuel_level_change,fuel_level_change,1823.0,,22.0,,
StationTank,fuel_level_change,fuel_level_change,1824.0,,22.0,,
StationTank,fuel_level_change,fuel_level_change,1825.0,,22.0,,
StationTank,fuel_level_change,fuel_level_change,1826.0,,22.0,,
StationTank,fuel_level_change,fuel_level_change,1827.0,,22.0,,
StationTank,fuel_level_change,fuel_level_change,1828.0,,22.0,,
StationTank,fuel_level_change,fuel_level_change,1829.0,,22.0,,
Car 38,arrival_departure,arrival,1830.0,,,,
Car 38,queue,pump_queue_wait_begins,1830.0,,,9.0,50.0
StationTank,fuel_level_change,fuel_level_change,1830.0,,22.0,,
StationTank,fuel_level_change,fuel_level_change,1831.0,,22.0,,
StationTank,fuel_level_change,fuel_level_change,1832.0,,22.0,,
StationTank,fuel_level_change,fuel_level_change,1833.0,,22.0,,
StationTank,fuel_level_change,fuel_level_change,1834.0,,22.0,,
StationTank,fuel_level_change,fuel_level_change,1835.0,,22.0,,
StationTank,fuel_level_change,fuel_level_change,1836.0,,22.0,,
StationTank,fuel_level_change,fuel_level_change,1837.0,,22.0,,
StationTank,fuel_level_change,fuel_level_change,1838.0,,22.0,,
StationTank,fuel_level_change,fuel_level_change,1839.0,,22.0,,
StationTank,fuel_level_change,fuel_level_change,1840.0,,22.0,,
StationTank,fuel_level_change,fuel_level_change,1841.0,,22.0,,
StationTank,fuel_level_change,fuel_level_change,1842.0,,22.0,,
StationTank,fuel_level_change,fuel_level_change,1843.0,,22.0,,
StationTank,fuel_level_change,fuel_level_change,1844.0,,22.0,,
StationTank,fuel_level_change,fuel_level_change,1845.0,,22.0,,
StationTank,fuel_level_change,fuel_level_change,1846.0,,22.0,,
StationTank,fuel_level_change,fuel_level_change,1847.0,,22.0,,
StationTank,fuel_level_change,fuel_level_change,1848.0,,22.0,,
StationTank,fuel_level_change,fuel_level_change,1849.0,,22.0,,
StationTank,fuel_level_change,fuel_level_change,1850.0,,22.0,,
StationTank,fuel_level_change,fuel_level_change,1851.0,,22.0,,
StationTank,fuel_level_change,fuel_level_change,1852.0,,22.0,,
StationTank,fuel_level_change,fuel_level_change,1853.0,,22.0,,
StationTank,fuel_level_change,fuel_level_change,1854.0,,22.0,,
StationTank,fuel_level_change,fuel_level_change,1855.0,,22.0,,
StationTank,fuel_level_change,fuel_level_change,1856.0,,22.0,,
StationTank,fuel_level_change,fuel_level_change,1857.0,,22.0,,
StationTank,fuel_level_change,fuel_level_change,1858.0,,22.0,,
StationTank,fuel_level_change,fuel_level_change,1859.0,,22.0,,
StationTank,fuel_level_change,fuel_level_change,1860.0,,22.0,,
StationTank,fuel_level_change,fuel_level_change,1861.0,,22.0,,
StationTank,fuel_level_change,fuel_level_change,1862.0,,22.0,,
StationTank,fuel_level_change,fuel_level_change,1863.0,,22.0,,
StationTank,fuel_level_change,fuel_level_change,1864.0,,22.0,,
StationTank,fuel_level_change,fuel_level_change,1865.0,,22.0,,
StationTank,fuel_level_change,fuel_level_change,1866.0,,22.0,,
StationTank,fuel_level_change,fuel_level_change,1867.0,,22.0,,
StationTank,fuel_level_change,fuel_level_change,1868.0,,22.0,,
StationTank,fuel_level_change,fuel_level_change,1869.0,,22.0,,
StationTank,fuel_level_change,fuel_level_change,1870.0,,22.0,,
StationTank,fuel_level_change,fuel_level_change,1871.0,,22.0,,
StationTank,fuel_level_change,fuel_level_change,1872.0,,22.0,,
StationTank,fuel_level_change,fuel_level_change,1873.0,,22.0,,
StationTank,fuel_level_change,fuel_level_change,1874.0,,22.0,,
StationTank,fuel_level_change,fuel_level_change,1875.0,,22.0,,
StationTank,fuel_level_change,fuel_level_change,1876.0,,22.0,,
StationTank,fuel_level_change,fuel_level_change,1877.0,,22.0,,
StationTank,fuel_level_change,fuel_level_change,1878.0,,22.0,,
StationTank,fuel_level_change,fuel_level_change,1879.0,,22.0,,
Car 33,resource_use_end,payment_ends,1880.0,2.0,,15.0,50.0
Car 33,resource_use,pumping_begins,1880.0,2.0,,15.0,50.0
StationTank,fuel_level_change,fuel_level_change,1880.0,,22.0,,
StationTank,fuel_level_change,fuel_level_change,1881.0,,22.0,,
StationTank,fuel_level_change,fuel_level_change,1882.0,,22.0,,
StationTank,fuel_level_change,fuel_level_change,1883.0,,22.0,,
StationTank,fuel_level_change,fuel_level_change,1884.0,,22.0,,
StationTank,fuel_level_change,fuel_level_change,1885.0,,22.0,,
StationTank,fuel_level_change,fuel_level_change,1886.0,,22.0,,
StationTank,fuel_level_change,fuel_level_change,1887.0,,22.0,,
StationTank,fuel_level_change,fuel_level_change,1888.0,,22.0,,
StationTank,fuel_level_change,fuel_level_change,1889.0,,22.0,,
StationTank,fuel_level_change,fuel_level_change,1890.0,,22.0,,
StationTank,fuel_level_change,fuel_level_change,1891.0,,22.0,,
StationTank,fuel_level_change,fuel_level_change,1892.0,,22.0,,
StationTank,fuel_level_change,fuel_level_change,1893.0,,22.0,,
StationTank,fuel_level_change,fuel_level_change,1894.0,,22.0,,
Car 34,resource_use_end,payment_ends,1895.0,1.0,,7.0,50.0
Car 34,resource_use,pumping_begins,1895.0,1.0,,7.0,50.0
StationTank,fuel_level_change,fuel_level_change,1895.0,,22.0,,
StationTank,fuel_level_change,fuel_level_change,1896.0,,22.0,,
StationTank,fuel_level_change,fuel_level_change,1897.0,,22.0,,
StationTank,fuel_level_change,fuel_level_change,1898.0,,22.0,,
StationTank,fuel_level_change,fuel_level_change,1899.0,,22.0,,
StationTank,fuel_level_change,fuel_level_change,1900.0,,22.0,,
StationTank,fuel_level_change,fuel_level_change,1901.0,,22.0,,
StationTank,fuel_level_change,fuel_level_change,1902.0,,22.0,,
Car 39,arrival_departure,arrival,1903.0,,,,
Car 39,queue,pump_queue_wait_begins,1903.0,,,9.0,50.0
StationTank,fuel_level_change,fuel_level_change,1903.0,,22.0,,
StationTank,fuel_level_change,fuel_level_change,1904.0,,22.0,,
StationTank,fuel_level_change,fuel_level_change,1905.0,,22.0,,
StationTank,fuel_level_change,fuel_level_change,1906.0,,22.0,,
StationTank,fuel_level_change,fuel_level_change,1907.0,,22.0,,
StationTank,fuel_level_change,fuel_level_change,1908.0,,22.0,,
StationTank,fuel_level_change,fuel_level_change,1909.0,,22.0,,
StationTank,fuel_level_change,fuel_level_change,1910.0,,22.0,,
StationTank,fuel_level_change,fuel_level_change,1911.0,,22.0,,
StationTank,fuel_level_change,fuel_level_change,1912.0,,22.0,,
StationTank,fuel_level_change,fuel_level_change,1913.0,,22.0,,
StationTank,fuel_level_change,fuel_level_change,1914.0,,22.0,,
Car 33,resource_use_end,pumping_ends,1915.0,2.0,,15.0,50.0
Car 33,arrival_departure,depart,1915.0,,,,
StationTank,fuel_level_change,fuel_level_change,1915.0,,22.0,,
StationTank,fuel_level_change,fuel_level_change,1916.0,,22.0,,
StationTank,fuel_level_change,fuel_level_change,1917.0,,22.0,,
StationTank,fuel_level_change,fuel_level_change,1918.0,,22.0,,
StationTank,fuel_level_change,fuel_level_change,1919.0,,22.0,,
StationTank,fuel_level_change,fuel_level_change,1920.0,,22.0,,
StationTank,fuel_level_change,fuel_level_change,1921.0,,22.0,,
StationTank,fuel_level_change,fuel_level_change,1922.0,,22.0,,
StationTank,fuel_level_change,fuel_level_change,1923.0,,22.0,,
StationTank,fuel_level_change,fuel_level_change,1924.0,,22.0,,
StationTank,fuel_level_change,fuel_level_change,1925.0,,22.0,,
StationTank,fuel_level_change,fuel_level_change,1926.0,,22.0,,
StationTank,fuel_level_change,fuel_level_change,1927.0,,22.0,,
StationTank,fuel_level_change,fuel_level_change,1928.0,,22.0,,
StationTank,fuel_level_change,fuel_level_change,1929.0,,22.0,,
StationTank,fuel_level_change,fuel_level_change,1930.0,,22.0,,
StationTank,fuel_level_change,fuel_level_change,1931.0,,22.0,,
StationTank,fuel_level_change,fuel_level_change,1932.0,,22.0,,
StationTank,fuel_level_change,fuel_level_change,1933.0,,22.0,,
StationTank,fuel_level_change,fuel_level_change,1934.0,,22.0,,
StationTank,fuel_level_change,fuel_level_change,1935.0,,22.0,,
StationTank,fuel_level_change,fuel_level_change,1936.0,,22.0,,
StationTank,fuel_level_change,fuel_level_change,1937.0,,22.0,,
Car 34,resource_use_end,pumping_ends,1938.0,1.0,,7.0,50.0
Car 34,arrival_departure,depart,1938.0,,,,
StationTank,fuel_level_change,fuel_level_change,1938.0,,22.0,,
StationTank,fuel_level_change,fuel_level_change,1939.0,,22.0,,
StationTank,fuel_level_change,fuel_level_change,1940.0,,22.0,,
StationTank,fuel_level_change,fuel_level_change,1941.0,,22.0,,
StationTank,fuel_level_change,fuel_level_change,1942.0,,22.0,,
StationTank,fuel_level_change,fuel_level_change,1943.0,,22.0,,
StationTank,fuel_level_change,fuel_level_change,1944.0,,22.0,,
StationTank,fuel_level_change,fuel_level_change,1945.0,,22.0,,
StationTank,fuel_level_change,fuel_level_change,1946.0,,22.0,,
StationTank,fuel_level_change,fuel_level_change,1947.0,,22.0,,
StationTank,fuel_level_change,fuel_level_change,1948.0,,22.0,,
StationTank,fuel_level_change,fuel_level_change,1949.0,,22.0,,
StationTank,fuel_level_change,fuel_level_change,1950.0,,22.0,,
Car 40,arrival_departure,arrival,1951.0,,,,
Car 40,queue,pump_queue_wait_begins,1951.0,,,22.0,50.0
StationTank,fuel_level_change,fuel_level_change,1951.0,,22.0,,
StationTank,fuel_level_change,fuel_level_change,1952.0,,22.0,,
StationTank,fuel_level_change,fuel_level_change,1953.0,,22.0,,
StationTank,fuel_level_change,fuel_level_change,1954.0,,22.0,,
StationTank,fuel_level_change,fuel_level_change,1955.0,,22.0,,
StationTank,fuel_level_change,fuel_level_change,1956.0,,22.0,,
StationTank,fuel_level_change,fuel_level_change,1957.0,,22.0,,
StationTank,fuel_level_change,fuel_level_change,1958.0,,22.0,,
StationTank,fuel_level_change,fuel_level_change,1959.0,,22.0,,
StationTank,fuel_level_change,fuel_level_change,1960.0,,22.0,,
StationTank,fuel_level_change,fuel_level_change,1961.0,,22.0,,
StationTank,fuel_level_change,fuel_level_change,1962.0,,22.0,,
StationTank,fuel_level_change,fuel_level_change,1963.0,,22.0,,
StationTank,fuel_level_change,fuel_level_change,1964.0,,22.0,,
StationTank,fuel_level_change,fuel_level_change,1965.0,,22.0,,
StationTank,fuel_level_change,fuel_level_change,1966.0,,22.0,,
StationTank,fuel_level_change,fuel_level_change,1967.0,,22.0,,
StationTank,fuel_level_change,fuel_level_change,1968.0,,22.0,,
StationTank,fuel_level_change,fuel_level_change,1969.0,,22.0,,
StationTank,fuel_level_change,fuel_level_change,1970.0,,22.0,,
StationTank,fuel_level_change,fuel_level_change,1971.0,,22.0,,
StationTank,fuel_level_change,fuel_level_change,1972.0,,22.0,,
StationTank,fuel_level_change,fuel_level_change,1973.0,,22.0,,
StationTank,fuel_level_change,fuel_level_change,1974.0,,22.0,,
StationTank,fuel_level_change,fuel_level_change,1975.0,,22.0,,
StationTank,fuel_level_change,fuel_level_change,1976.0,,22.0,,
StationTank,fuel_level_change,fuel_level_change,1977.0,,22.0,,
StationTank,fuel_level_change,fuel_level_change,1978.0,,22.0,,
StationTank,fuel_level_change,fuel_level_change,1979.0,,22.0,,
StationTank,fuel_level_change,fuel_level_change,1980.0,,22.0,,
StationTank,fuel_level_change,fuel_level_change,1981.0,,22.0,,
StationTank,fuel_level_change,fuel_level_change,1982.0,,22.0,,
StationTank,fuel_level_change,fuel_level_change,1983.0,,22.0,,
StationTank,fuel_level_change,fuel_level_change,1984.0,,22.0,,
Call 1,arrival_departure,depart,1985.0,,,,
Truck 1,arrival_departure,arrival,1985.0,,,,
Truck 1,queue,refuelling,1985.0,,,,
StationTank,fuel_level_change,fuel_level_change,1985.0,,22.0,,
StationTank,fuel_level_change,fuel_level_change,1986.0,,32.0,,
Car 35,resource_use,payment_begins,1986.0,2.0,,23.0,50.0
StationTank,fuel_level_change,fuel_level_change,1987.0,,15.0,,
StationTank,fuel_level_change,fuel_level_change,1988.0,,25.0,,
StationTank,fuel_level_change,fuel_level_change,1989.0,,35.0,,
StationTank,fuel_level_change,fuel_level_change,1990.0,,45.0,,
Car 36,resource_use,payment_begins,1990.0,1.0,,11.0,50.0
StationTank,fuel_level_change,fuel_level_change,1991.0,,16.0,,
StationTank,fuel_level_change,fuel_level_change,1992.0,,26.0,,
StationTank,fuel_level_change,fuel_level_change,1993.0,,36.0,,
StationTank,fuel_level_change,fuel_level_change,1994.0,,46.0,,
StationTank,fuel_level_change,fuel_level_change,1995.0,,56.0,,
StationTank,fuel_level_change,fuel_level_change,1996.0,,66.0,,
Car 41,arrival_departure,arrival,1997.0,,,,
Car 41,queue,pump_queue_wait_begins,1997.0,,,18.0,50.0
StationTank,fuel_level_change,fuel_level_change,1997.0,,76.0,,
StationTank,fuel_level_change,fuel_level_change,1998.0,,86.0,,
StationTank,fuel_level_change,fuel_level_change,1999.0,,96.0,,
StationTank,fuel_level_change,fuel_level_change,2000.0,,106.0,,
StationTank,fuel_level_change,fuel_level_change,2001.0,,116.0,,
StationTank,fuel_level_change,fuel_level_change,2002.0,,126.0,,
StationTank,fuel_level_change,fuel_level_change,2003.0,,136.0,,
StationTank,fuel_level_change,fuel_level_change,2004.0,,146.0,,
StationTank,fuel_level_change,fuel_level_change,2005.0,,156.0,,
StationTank,fuel_level_change,fuel_level_change,2006.0,,166.0,,
StationTank,fuel_level_change,fuel_level_change,2007.0,,176.0,,
StationTank,fuel_level_change,fuel_level_change,2008.0,,186.0,,
StationTank,fuel_level_change,fuel_level_change,2009.0,,196.0,,
StationTank,fuel_level_change,fuel_level_change,2010.0,,206.0,,
StationTank,fuel_level_change,fuel_level_change,2011.0,,216.0,,
StationTank,fuel_level_change,fuel_level_change,2012.0,,226.0,,
StationTank,fuel_level_change,fuel_level_change,2013.0,,236.0,,
StationTank,fuel_level_change,fuel_level_change,2014.0,,246.0,,
StationTank,fuel_level_change,fuel_level_change,2015.0,,256.0,,
StationTank,fuel_level_change,fuel_level_change,2016.0,,266.0,,
StationTank,fuel_level_change,fuel_level_change,2017.0,,276.0,,
StationTank,fuel_level_change,fuel_level_change,2018.0,,286.0,,
StationTank,fuel_level_change,fuel_level_change,2019.0,,296.0,,
StationTank,fuel_level_change,fuel_level_change,2020.0,,306.0,,
StationTank,fuel_level_change,fuel_level_change,2021.0,,316.0,,
StationTank,fuel_level_change,fuel_level_change,2022.0,,326.0,,
StationTank,fuel_level_change,fuel_level_change,2023.0,,336.0,,
StationTank,fuel_level_change,fuel_level_change,2024.0,,346.0,,
StationTank,fuel_level_change,fuel_level_change,2025.0,,356.0,,
StationTank,fuel_level_change,fuel_level_change,2026.0,,366.0,,
StationTank,fuel_level_change,fuel_level_change,2027.0,,376.0,,
StationTank,fuel_level_change,fuel_level_change,2028.0,,386.0,,
StationTank,fuel_level_change,fuel_level_change,2029.0,,396.0,,
StationTank,fuel_level_change,fuel_level_change,2030.0,,406.0,,
StationTank,fuel_level_change,fuel_level_change,2031.0,,416.0,,
StationTank,fuel_level_change,fuel_level_change,2032.0,,426.0,,
StationTank,fuel_level_change,fuel_level_change,2033.0,,436.0,,
StationTank,fuel_level_change,fuel_level_change,2034.0,,446.0,,
StationTank,fuel_level_change,fuel_level_change,2035.0,,456.0,,
Car 36,resource_use_end,payment_ends,2036.0,1.0,,11.0,50.0
Car 36,resource_use,pumping_begins,2036.0,1.0,,11.0,50.0
StationTank,fuel_level_change,fuel_level_change,2036.0,,466.0,,
StationTank,fuel_level_change,fuel_level_change,2037.0,,476.0,,
StationTank,fuel_level_change,fuel_level_change,2038.0,,486.0,,
StationTank,fuel_level_change,fuel_level_change,2039.0,,496.0,,
StationTank,fuel_level_change,fuel_level_change,2040.0,,506.0,,
StationTank,fuel_level_change,fuel_level_change,2041.0,,516.0,,
StationTank,fuel_level_change,fuel_level_change,2042.0,,526.0,,
StationTank,fuel_level_change,fuel_level_change,2043.0,,536.0,,
StationTank,fuel_level_change,fuel_level_change,2044.0,,546.0,,
StationTank,fuel_level_change,fuel_level_change,2045.0,,556.0,,
StationTank,fuel_level_change,fuel_level_change,2046.0,,566.0,,
StationTank,fuel_level_change,fuel_level_change,2047.0,,576.0,,
StationTank,fuel_level_change,fuel_level_change,2048.0,,586.0,,
Truck 1,arrival_departure,depart,2049.0,,,,
StationTank,fuel_level_change,fuel_level_change,2049.0,,596.0,,
Car 35,resource_use_end,payment_ends,2050.0,2.0,,23.0,50.0
Car 35,resource_use,pumping_begins,2050.0,2.0,,23.0,50.0
StationTank,fuel_level_change,fuel_level_change,2050.0,,596.0,,
StationTank,fuel_level_change,fuel_level_change,2051.0,,596.0,,
StationTank,fuel_level_change,fuel_level_change,2052.0,,596.0,,
StationTank,fuel_level_change,fuel_level_change,2053.0,,596.0,,
StationTank,fuel_level_change,fuel_level_change,2054.0,,596.0,,
StationTank,fuel_level_change,fuel_level_change,2055.0,,596.0,,
StationTank,fuel_level_change,fuel_level_change,2056.0,,596.0,,
StationTank,fuel_level_change,fuel_level_change,2057.0,,596.0,,
StationTank,fuel_level_change,fuel_level_change,2058.0,,596.0,,
StationTank,fuel_level_change,fuel_level_change,2059.0,,596.0,,
StationTank,fuel_level_change,fuel_level_change,2060.0,,596.0,,
StationTank,fuel_level_change,fuel_level_change,2061.0,,596.0,,
StationTank,fuel_level_change,fuel_level_change,2062.0,,596.0,,
StationTank,fuel_level_change,fuel_level_change,2063.0,,596.0,,
StationTank,fuel_level_change,fuel_level_change,2064.0,,596.0,,
StationTank,fuel_level_change,fuel_level_change,2065.0,,596.0,,
StationTank,fuel_level_change,fuel_level_change,2066.0,,596.0,,
StationTank,fuel_level_change,fuel_level_change,2067.0,,596.0,,
StationTank,fuel_level_change,fuel_level_change,2068.0,,596.0,,
StationTank,fuel_level_change,fuel_level_change,2069.0,,596.0,,
StationTank,fuel_level_change,fuel_level_change,2070.0,,596.0,,
StationTank,fuel_level_change,fuel_level_change,2071.0,,596.0,,
StationTank,fuel_level_change,fuel_level_change,2072.0,,596.0,,
StationTank,fuel_level_change,fuel_level_change,2073.0,,596.0,,
StationTank,fuel_level_change,fuel_level_change,2074.0,,596.0,,
Car 36,resource_use_end,pumping_ends,2075.0,1.0,,11.0,50.0
Car 36,arrival_departure,depart,2075.0,,,,
StationTank,fuel_level_change,fuel_level_change,2075.0,,596.0,,
Car 37,resource_use,payment_begins,2075.0,1.0,,17.0,50.0
StationTank,fuel_level_change,fuel_level_change,2076.0,,563.0,,
Car 35,resource_use_end,pumping_ends,2077.0,2.0,,23.0,50.0
Car 35,arrival_departure,depart,2077.0,,,,
StationTank,fuel_level_change,fuel_level_change,2077.0,,563.0,,
Car 38,resource_use,payment_begins,2077.0,2.0,,9.0,50.0
StationTank,fuel_level_change,fuel_level_change,2078.0,,522.0,,
StationTank,fuel_level_change,fuel_level_change,2079.0,,522.0,,
StationTank,fuel_level_change,fuel_level_change,2080.0,,522.0,,
StationTank,fuel_level_change,fuel_level_change,2081.0,,522.0,,
StationTank,fuel_level_change,fuel_level_change,2082.0,,522.0,,
StationTank,fuel_level_change,fuel_level_change,2083.0,,522.0,,
StationTank,fuel_level_change,fuel_level_change,2084.0,,522.0,,
StationTank,fuel_level_change,fuel_level_change,2085.0,,522.0,,
Car 42,arrival_departure,arrival,2086.0,,,,
Car 42,queue,pump_queue_wait_begins,2086.0,,,16.0,50.0
StationTank,fuel_level_change,fuel_level_change,2086.0,,522.0,,
StationTank,fuel_level_change,fuel_level_change,2087.0,,522.0,,
StationTank,fuel_level_change,fuel_level_change,2088.0,,522.0,,
StationTank,fuel_level_change,fuel_level_change,2089.0,,522.0,,
StationTank,fuel_level_change,fuel_level_change,2090.0,,522.0,,
StationTank,fuel_level_change,fuel_level_change,2091.0,,522.0,,
StationTank,fuel_level_change,fuel_level_change,2092.0,,522.0,,
StationTank,fuel_level_change,fuel_level_change,2093.0,,522.0,,
StationTank,fuel_level_change,fuel_level_change,2094.0,,522.0,,
StationTank,fuel_level_change,fuel_level_change,2095.0,,522.0,,
StationTank,fuel_level_change,fuel_level_change,2096.0,,522.0,,
StationTank,fuel_level_change,fuel_level_change,2097.0,,522.0,,
StationTank,fuel_level_change,fuel_level_change,2098.0,,522.0,,
StationTank,fuel_level_change,fuel_level_change,2099.0,,522.0,,
StationTank,fuel_level_change,fuel_level_change,2100.0,,522.0,,
StationTank,fuel_level_change,fuel_level_change,2101.0,,522.0,,
StationTank,fuel_level_change,fuel_level_change,2102.0,,522.0,,
StationTank,fuel_level_change,fuel_level_change,2103.0,,522.0,,
StationTank,fuel_level_change,fuel_level_change,2104.0,,522.0,,
StationTank,fuel_level_change,fuel_level_change,2105.0,,522.0,,
StationTank,fuel_level_change,fuel_level_change,2106.0,,522.0,,
StationTank,fuel_level_change,fuel_level_change,2107.0,,522.0,,
StationTank,fuel_level_change,fuel_level_change,2108.0,,522.0,,
StationTank,fuel_level_change,fuel_level_change,2109.0,,522.0,,
StationTank,fuel_level_change,fuel_level_change,2110.0,,522.0,,
StationTank,fuel_level_change,fuel_level_change,2111.0,,522.0,,
StationTank,fuel_level_change,fuel_level_change,2112.0,,522.0,,
StationTank,fuel_level_change,fuel_level_change,2113.0,,522.0,,
StationTank,fuel_level_change,fuel_level_change,2114.0,,522.0,,
StationTank,fuel_level_change,fuel_level_change,2115.0,,522.0,,
StationTank,fuel_level_change,fuel_level_change,2116.0,,522.0,,
StationTank,fuel_level_change,fuel_level_change,2117.0,,522.0,,
StationTank,fuel_level_change,fuel_level_change,2118.0,,522.0,,
StationTank,fuel_level_change,fuel_level_change,2119.0,,522.0,,
StationTank,fuel_level_change,fuel_level_change,2120.0,,522.0,,
StationTank,fuel_level_change,fuel_level_change,2121.0,,522.0,,
StationTank,fuel_level_change,fuel_level_change,2122.0,,522.0,,
StationTank,fuel_level_change,fuel_level_change,2123.0,,522.0,,
StationTank,fuel_level_change,fuel_level_change,2124.0,,522.0,,
StationTank,fuel_level_change,fuel_level_change,2125.0,,522.0,,
StationTank,fuel_level_change,fuel_level_change,2126.0,,522.0,,
StationTank,fuel_level_change,fuel_level_change,2127.0,,522.0,,
StationTank,fuel_level_change,fuel_level_change,2128.0,,522.0,,
StationTank,fuel_level_change,fuel_level_change,2129.0,,522.0,,
StationTank,fuel_level_change,fuel_level_change,2130.0,,522.0,,
StationTank,fuel_level_change,fuel_level_change,2131.0,,522.0,,
StationTank,fuel_level_change,fuel_level_change,2132.0,,522.0,,
StationTank,fuel_level_change,fuel_level_change,2133.0,,522.0,,
StationTank,fuel_level_change,fuel_level_change,2134.0,,522.0,,
StationTank,fuel_level_change,fuel_level_change,2135.0,,522.0,,
StationTank,fuel_level_change,fuel_level_change,2136.0,,522.0,,
StationTank,fuel_level_change,fuel_level_change,2137.0,,522.0,,
StationTank,fuel_level_change,fuel_level_change,2138.0,,522.0,,
StationTank,fuel_level_change,fuel_level_change,2139.0,,522.0,,
StationTank,fuel_level_change,fuel_level_change,2140.0,,522.0,,
StationTank,fuel_level_change,fuel_level_change,2141.0,,522.0,,
StationTank,fuel_level_change,fuel_level_change,2142.0,,522.0,,
StationTank,fuel_level_change,fuel_level_change,2143.0,,522.0,,
Car 38,resource_use_end,payment_ends,2144.0,2.0,,9.0,50.0
Car 38,resource_use,pumping_begins,2144.0,2.0,,9.0,50.0
StationTank,fuel_level_change,fuel_level_change,2144.0,,522.0,,
StationTank,fuel_level_change,fuel_level_change,2145.0,,522.0,,
StationTank,fuel_level_change,fuel_level_change,2146.0,,522.0,,
StationTank,fuel_level_change,fuel_level_change,2147.0,,522.0,,
StationTank,fuel_level_change,fuel_level_change,2148.0,,522.0,,
StationTank,fuel_level_change,fuel_level_change,2149.0,,522.0,,
StationTank,fuel_level_change,fuel_level_change,2150.0,,522.0,,
StationTank,fuel_level_change,fuel_level_change,2151.0,,522.0,,
Car 43,arrival_departure,arrival,2152.0,,,,
Car 43,queue,pump_queue_wait_begins,2152.0,,,9.0,50.0
StationTank,fuel_level_change,fuel_level_change,2152.0,,522.0,,
StationTank,fuel_level_change,fuel_level_change,2153.0,,522.0,,
StationTank,fuel_level_change,fuel_level_change,2154.0,,522.0,,
StationTank,fuel_level_change,fuel_level_change,2155.0,,522.0,,
StationTank,fuel_level_change,fuel_level_change,2156.0,,522.0,,
StationTank,fuel_level_change,fuel_level_change,2157.0,,522.0,,
StationTank,fuel_level_change,fuel_level_change,2158.0,,522.0,,
StationTank,fuel_level_change,fuel_level_change,2159.0,,522.0,,
StationTank,fuel_level_change,fuel_level_change,2160.0,,522.0,,
StationTank,fuel_level_change,fuel_level_change,2161.0,,522.0,,
Car 37,resource_use_end,payment_ends,2162.0,1.0,,17.0,50.0
Car 37,resource_use,pumping_begins,2162.0,1.0,,17.0,50.0
StationTank,fuel_level_change,fuel_level_change,2162.0,,522.0,,
StationTank,fuel_level_change,fuel_level_change,2163.0,,522.0,,
StationTank,fuel_level_change,fuel_level_change,2164.0,,522.0,,
StationTank,fuel_level_change,fuel_level_change,2165.0,,522.0,,
StationTank,fuel_level_change,fuel_level_change,2166.0,,522.0,,
StationTank,fuel_level_change,fuel_level_change,2167.0,,522.0,,
StationTank,fuel_level_change,fuel_level_change,2168.0,,522.0,,
StationTank,fuel_level_change,fuel_level_change,2169.0,,522.0,,
StationTank,fuel_level_change,fuel_level_change,2170.0,,522.0,,
StationTank,fuel_level_change,fuel_level_change,2171.0,,522.0,,
StationTank,fuel_level_change,fuel_level_change,2172.0,,522.0,,
StationTank,fuel_level_change,fuel_level_change,2173.0,,522.0,,
StationTank,fuel_level_change,fuel_level_change,2174.0,,522.0,,
StationTank,fuel_level_change,fuel_level_change,2175.0,,522.0,,
StationTank,fuel_level_change,fuel_level_change,2176.0,,522.0,,
StationTank,fuel_level_change,fuel_level_change,2177.0,,522.0,,
StationTank,fuel_level_change,fuel_level_change,2178.0,,522.0,,
StationTank,fuel_level_change,fuel_level_change,2179.0,,522.0,,
StationTank,fuel_level_change,fuel_level_change,2180.0,,522.0,,
StationTank,fuel_level_change,fuel_level_change,2181.0,,522.0,,
StationTank,fuel_level_change,fuel_level_change,2182.0,,522.0,,
StationTank,fuel_level_change,fuel_level_change,2183.0,,522.0,,
StationTank,fuel_level_change,fuel_level_change,2184.0,,522.0,,
Car 38,resource_use_end,pumping_ends,2185.0,2.0,,9.0,50.0
Car 38,arrival_departure,depart,2185.0,,,,
StationTank,fuel_level_change,fuel_level_change,2185.0,,522.0,,
Car 39,resource_use,payment_begins,2185.0,2.0,,9.0,50.0
StationTank,fuel_level_change,fuel_level_change,2186.0,,481.0,,
StationTank,fuel_level_change,fuel_level_change,2187.0,,481.0,,
StationTank,fuel_level_change,fuel_level_change,2188.0,,481.0,,
StationTank,fuel_level_change,fuel_level_change,2189.0,,481.0,,
StationTank,fuel_level_change,fuel_level_change,2190.0,,481.0,,
StationTank,fuel_level_change,fuel_level_change,2191.0,,481.0,,
StationTank,fuel_level_change,fuel_level_change,2192.0,,481.0,,
StationTank,fuel_level_change,fuel_level_change,2193.0,,481.0,,
StationTank,fuel_level_change,fuel_level_change,2194.0,,481.0,,
Car 44,arrival_departure,arrival,2195.0,,,,
Car 44,queue,pump_queue_wait_begins,2195.0,,,7.0,50.0
Car 37,resource_use_end,pumping_ends,2195.0,1.0,,17.0,50.0
Car 37,arrival_departure,depart,2195.0,,,,
StationTank,fuel_level_change,fuel_level_change,2195.0,,481.0,,
Car 40,resource_use,payment_begins,2195.0,1.0,,22.0,50.0
StationTank,fuel_level_change,fuel_level_change,2196.0,,453.0,,
StationTank,fuel_level_change,fuel_level_change,2197.0,,453.0,,
StationTank,fuel_level_change,fuel_level_change,2198.0,,453.0,,
StationTank,fuel_level_change,fuel_level_change,2199.0,,453.0,,
StationTank,fuel_level_change,fuel_level_change,2200.0,,453.0,,
StationTank,fuel_level_change,fuel_level_change,2201.0,,453.0,,
StationTank,fuel_level_change,fuel_level_change,2202.0,,453.0,,
StationTank,fuel_level_change,fuel_level_change,2203.0,,453.0,,
StationTank,fuel_level_change,fuel_level_change,2204.0,,453.0,,
StationTank,fuel_level_change,fuel_level_change,2205.0,,453.0,,
StationTank,fuel_level_change,fuel_level_change,2206.0,,453.0,,
StationTank,fuel_level_change,fuel_level_change,2207.0,,453.0,,
StationTank,fuel_level_change,fuel_level_change,2208.0,,453.0,,
StationTank,fuel_level_change,fuel_level_change,2209.0,,453.0,,
StationTank,fuel_level_change,fuel_level_change,2210.0,,453.0,,
StationTank,fuel_level_change,fuel_level_change,2211.0,,453.0,,
StationTank,fuel_level_change,fuel_level_change,2212.0,,453.0,,
StationTank,fuel_level_change,fuel_level_change,2213.0,,453.0,,
StationTank,fuel_level_change,fuel_level_change,2214.0,,453.0,,
StationTank,fuel_level_change,fuel_level_change,2215.0,,453.0,,
StationTank,fuel_level_change,fuel_level_change,2216.0,,453.0,,
StationTank,fuel_level_change,fuel_level_change,2217.0,,453.0,,
StationTank,fuel_level_change,fuel_level_change,2218.0,,453.0,,
StationTank,fuel_level_change,fuel_level_change,2219.0,,453.0,,
StationTank,fuel_level_change,fuel_level_change,2220.0,,453.0,,
StationTank,fuel_level_change,fuel_level_change,2221.0,,453.0,,
StationTank,fuel_level_change,fuel_level_change,2222.0,,453.0,,
StationTank,fuel_level_change,fuel_level_change,2223.0,,453.0,,
StationTank,fuel_level_change,fuel_level_change,2224.0,,453.0,,
StationTank,fuel_level_change,fuel_level_change,2225.0,,453.0,,
StationTank,fuel_level_change,fuel_level_change,2226.0,,453.0,,
StationTank,fuel_level_change,fuel_level_change,2227.0,,453.0,,
StationTank,fuel_level_change,fuel_level_change,2228.0,,453.0,,
StationTank,fuel_level_change,fuel_level_change,2229.0,,453.0,,
StationTank,fuel_level_change,fuel_level_change,2230.0,,453.0,,
StationTank,fuel_level_change,fuel_level_change,2231.0,,453.0,,
StationTank,fuel_level_change,fuel_level_change,2232.0,,453.0,,
StationTank,fuel_level_change,fuel_level_change,2233.0,,453.0,,
StationTank,fuel_level_change,fuel_level_change,2234.0,,453.0,,
StationTank,fuel_level_change,fuel_level_change,2235.0,,453.0,,
StationTank,fuel_level_change,fuel_level_change,2236.0,,453.0,,
StationTank,fuel_level_change,fuel_level_change,2237.0,,453.0,,
StationTank,fuel_level_change,fuel_level_change,2238.0,,453.0,,
StationTank,fuel_level_change,fuel_level_change,2239.0,,453.0,,
StationTank,fuel_level_change,fuel_level_change,2240.0,,453.0,,
StationTank,fuel_level_change,fuel_level_change,2241.0,,453.0,,
StationTank,fuel_level_change,fuel_level_change,2242.0,,453.0,,
StationTank,fuel_level_change,fuel_level_change,2243.0,,453.0,,
StationTank,fuel_level_change,fuel_level_change,2244.0,,453.0,,
StationTank,fuel_level_change,fuel_level_change,2245.0,,453.0,,
StationTank,fuel_level_change,fuel_level_change,2246.0,,453.0,,
Car 39,resource_use_end,payment_ends,2247.0,2.0,,9.0,50.0
Car 39,resource_use,pumping_begins,2247.0,2.0,,9.0,50.0
StationTank,fuel_level_change,fuel_level_change,2247.0,,453.0,,
StationTank,fuel_level_change,fuel_level_change,2248.0,,453.0,,
StationTank,fuel_level_change,fuel_level_change,2249.0,,453.0,,
StationTank,fuel_level_change,fuel_level_change,2250.0,,453.0,,
StationTank,fuel_level_change,fuel_level_change,2251.0,,453.0,,
StationTank,fuel_level_change,fuel_level_change,2252.0,,453.0,,
StationTank,fuel_level_change,fuel_level_change,2253.0,,453.0,,
StationTank,fuel_level_change,fuel_level_change,2254.0,,453.0,,
StationTank,fuel_level_change,fuel_level_change,2255.0,,453.0,,
StationTank,fuel_level_change,fuel_level_change,2256.0,,453.0,,
StationTank,fuel_level_change,fuel_level_change,2257.0,,453.0,,
StationTank,fuel_level_change,fuel_level_change,2258.0,,453.0,,
StationTank,fuel_level_change,fuel_level_change,2259.0,,453.0,,
StationTank,fuel_level_change,fuel_level_change,2260.0,,453.0,,
StationTank,fuel_level_change,fuel_level_change,2261.0,,453.0,,
StationTank,fuel_level_change,fuel_level_change,2262.0,,453.0,,
StationTank,fuel_level_change,fuel_level_change,2263.0,,453.0,,
StationTank,fuel_level_change,fuel_level_change,2264.0,,453.0,,
StationTank,fuel_level_change,fuel_level_change,2265.0,,453.0,,
StationTank,fuel_level_change,fuel_level_change,2266.0,,453.0,,
StationTank,fuel_level_change,fuel_level_change,2267.0,,453.0,,
StationTank,fuel_level_change,fuel_level_change,2268.0,,453.0,,
StationTank,fuel_level_change,fuel_level_change,2269.0,,453.0,,
StationTank,fuel_level_change,fuel_level_change,2270.0,,453.0,,
StationTank,fuel_level_change,fuel_level_change,2271.0,,453.0,,
StationTank,fuel_level_change,fuel_level_change,2272.0,,453.0,,
Car 45,arrival_departure,arrival,2273.0,,,,
Car 45,queue,pump_queue_wait_begins,2273.0,,,8.0,50.0
Car 40,resource_use_end,payment_ends,2273.0,1.0,,22.0,50.0
Car 40,resource_use,pumping_begins,2273.0,1.0,,22.0,50.0
StationTank,fuel_level_change,fuel_level_change,2273.0,,453.0,,
StationTank,fuel_level_change,fuel_level_change,2274.0,,453.0,,
StationTank,fuel_level_change,fuel_level_change,2275.0,,453.0,,
StationTank,fuel_level_change,fuel_level_change,2276.0,,453.0,,
StationTank,fuel_level_change,fuel_level_change,2277.0,,453.0,,
StationTank,fuel_level_change,fuel_level_change,2278.0,,453.0,,
StationTank,fuel_level_change,fuel_level_change,2279.0,,453.0,,
StationTank,fuel_level_change,fuel_level_change,2280.0,,453.0,,
StationTank,fuel_level_change,fuel_level_change,2281.0,,453.0,,
StationTank,fuel_level_change,fuel_level_change,2282.0,,453.0,,
StationTank,fuel_level_change,fuel_level_change,2283.0,,453.0,,
StationTank,fuel_level_change,fuel_level_change,2284.0,,453.0,,
StationTank,fuel_level_change,fuel_level_change,2285.0,,453.0,,
StationTank,fuel_level_change,fuel_level_change,2286.0,,453.0,,
StationTank,fuel_level_change,fuel_level_change,2287.0,,453.0,,
Car 39,resource_use_end,pumping_ends,2288.0,2.0,,9.0,50.0
Car 39,arrival_departure,depart,2288.0,,,,
StationTank,fuel_level_change,fuel_level_change,2288.0,,453.0,,
Car 41,resource_use,payment_begins,2288.0,2.0,,18.0,50.0
StationTank,fuel_level_change,fuel_level_change,2289.0,,421.0,,
StationTank,fuel_level_change,fuel_level_change,2290.0,,421.0,,
StationTank,fuel_level_change,fuel_level_change,2291.0,,421.0,,
StationTank,fuel_level_change,fuel_level_change,2292.0,,421.0,,
StationTank,fuel_level_change,fuel_level_change,2293.0,,421.0,,
Car 46,arrival_departure,arrival,2294.0,,,,
Car 46,queue,pump_queue_wait_begins,2294.0,,,18.0,50.0
StationTank,fuel_level_change,fuel_level_change,2294.0,,421.0,,
StationTank,fuel_level_change,fuel_level_change,2295.0,,421.0,,
StationTank,fuel_level_change,fuel_level_change,2296.0,,421.0,,
StationTank,fuel_level_change,fuel_level_change,2297.0,,421.0,,
StationTank,fuel_level_change,fuel_level_change,2298.0,,421.0,,
StationTank,fuel_level_change,fuel_level_change,2299.0,,421.0,,
StationTank,fuel_level_change,fuel_level_change,2300.0,,421.0,,
Car 40,resource_use_end,pumping_ends,2301.0,1.0,,22.0,50.0
Car 40,arrival_departure,depart,2301.0,,,,
StationTank,fuel_level_change,fuel_level_change,2301.0,,421.0,,
Car 42,resource_use,payment_begins,2301.0,1.0,,16.0,50.0
StationTank,fuel_level_change,fuel_level_change,2302.0,,387.0,,
StationTank,fuel_level_change,fuel_level_change,2303.0,,387.0,,
StationTank,fuel_level_change,fuel_level_change,2304.0,,387.0,,
StationTank,fuel_level_change,fuel_level_change,2305.0,,387.0,,
StationTank,fuel_level_change,fuel_level_change,2306.0,,387.0,,
StationTank,fuel_level_change,fuel_level_change,2307.0,,387.0,,
StationTank,fuel_level_change,fuel_level_change,2308.0,,387.0,,
StationTank,fuel_level_change,fuel_level_change,2309.0,,387.0,,
StationTank,fuel_level_change,fuel_level_change,2310.0,,387.0,,
StationTank,fuel_level_change,fuel_level_change,2311.0,,387.0,,
StationTank,fuel_level_change,fuel_level_change,2312.0,,387.0,,
StationTank,fuel_level_change,fuel_level_change,2313.0,,387.0,,
StationTank,fuel_level_change,fuel_level_change,2314.0,,387.0,,
StationTank,fuel_level_change,fuel_level_change,2315.0,,387.0,,
StationTank,fuel_level_change,fuel_level_change,2316.0,,387.0,,
StationTank,fuel_level_change,fuel_level_change,2317.0,,387.0,,
StationTank,fuel_level_change,fuel_level_change,2318.0,,387.0,,
StationTank,fuel_level_change,fuel_level_change,2319.0,,387.0,,
StationTank,fuel_level_change,fuel_level_change,2320.0,,387.0,,
StationTank,fuel_level_change,fuel_level_change,2321.0,,387.0,,
StationTank,fuel_level_change,fuel_level_change,2322.0,,387.0,,
StationTank,fuel_level_change,fuel_level_change,2323.0,,387.0,,
StationTank,fuel_level_change,fuel_level_change,2324.0,,387.0,,
StationTank,fuel_level_change,fuel_level_change,2325.0,,387.0,,
StationTank,fuel_level_change,fuel_level_change,2326.0,,387.0,,
Car 41,resource_use_end,payment_ends,2327.0,2.0,,18.0,50.0
Car 41,resource_use,pumping_begins,2327.0,2.0,,18.0,50.0
StationTank,fuel_level_change,fuel_level_change,2327.0,,387.0,,
StationTank,fuel_level_change,fuel_level_change,2328.0,,387.0,,
Car 47,arrival_departure,arrival,2329.0,,,,
Car 47,queue,pump_queue_wait_begins,2329.0,,,17.0,50.0
StationTank,fuel_level_change,fuel_level_change,2329.0,,387.0,,
StationTank,fuel_level_change,fuel_level_change,2330.0,,387.0,,
StationTank,fuel_level_change,fuel_level_change,2331.0,,387.0,,
StationTank,fuel_level_change,fuel_level_change,2332.0,,387.0,,
StationTank,fuel_level_change,fuel_level_change,2333.0,,387.0,,
StationTank,fuel_level_change,fuel_level_change,2334.0,,387.0,,
StationTank,fuel_level_change,fuel_level_change,2335.0,,387.0,,
StationTank,fuel_level_change,fuel_level_change,2336.0,,387.0,,
StationTank,fuel_level_change,fuel_level_change,2337.0,,387.0,,
StationTank,fuel_level_change,fuel_level_change,2338.0,,387.0,,
StationTank,fuel_level_change,fuel_level_change,2339.0,,387.0,,
StationTank,fuel_level_change,fuel_level_change,2340.0,,387.0,,
StationTank,fuel_level_change,fuel_level_change,2341.0,,387.0,,
StationTank,fuel_level_change,fuel_level_change,2342.0,,387.0,,
StationTank,fuel_level_change,fuel_level_change,2343.0,,387.0,,
StationTank,fuel_level_change,fuel_level_change,2344.0,,387.0,,
StationTank,fuel_level_change,fuel_level_change,2345.0,,387.0,,
StationTank,fuel_level_change,fuel_level_change,2346.0,,387.0,,
StationTank,fuel_level_change,fuel_level_change,2347.0,,387.0,,
StationTank,fuel_level_change,fuel_level_change,2348.0,,387.0,,
StationTank,fuel_level_change,fuel_level_change,2349.0,,387.0,,
StationTank,fuel_level_change,fuel_level_change,2350.0,,387.0,,
StationTank,fuel_level_change,fuel_level_change,2351.0,,387.0,,
Car 48,arrival_departure,arrival,2352.0,,,,
Car 48,queue,pump_queue_wait_begins,2352.0,,,24.0,50.0
StationTank,fuel_level_change,fuel_level_change,2352.0,,387.0,,
StationTank,fuel_level_change,fuel_level_change,2353.0,,387.0,,
StationTank,fuel_level_change,fuel_level_change,2354.0,,387.0,,
StationTank,fuel_level_change,fuel_level_change,2355.0,,387.0,,
StationTank,fuel_level_change,fuel_level_change,2356.0,,387.0,,
StationTank,fuel_level_change,fuel_level_change,2357.0,,387.0,,
StationTank,fuel_level_change,fuel_level_change,2358.0,,387.0,,
Car 41,resource_use_end,pumping_ends,2359.0,2.0,,18.0,50.0
Car 41,arrival_departure,depart,2359.0,,,,
StationTank,fuel_level_change,fuel_level_change,2359.0,,387.0,,
Car 43,resource_use,payment_begins,2359.0,2.0,,9.0,50.0
StationTank,fuel_level_change,fuel_level_change,2360.0,,346.0,,
StationTank,fuel_level_change,fuel_level_change,2361.0,,346.0,,
StationTank,fuel_level_change,fuel_level_change,2362.0,,346.0,,
StationTank,fuel_level_change,fuel_level_change,2363.0,,346.0,,
StationTank,fuel_level_change,fuel_level_change,2364.0,,346.0,,
StationTank,fuel_level_change,fuel_level_change,2365.0,,346.0,,
StationTank,fuel_level_change,fuel_level_change,2366.0,,346.0,,
StationTank,fuel_level_change,fuel_level_change,2367.0,,346.0,,
StationTank,fuel_level_change,fuel_level_change,2368.0,,346.0,,
Car 42,resource_use_end,payment_ends,2369.0,1.0,,16.0,50.0
Car 42,resource_use,pumping_begins,2369.0,1.0,,16.0,50.0
StationTank,fuel_level_change,fuel_level_change,2369.0,,346.0,,
StationTank,fuel_level_change,fuel_level_change,2370.0,,346.0,,
StationTank,fuel_level_change,fuel_level_change,2371.0,,346.0,,
StationTank,fuel_level_change,fuel_level_change,2372.0,,346.0,,
StationTank,fuel_level_change,fuel_level_change,2373.0,,346.0,,
StationTank,fuel_level_change,fuel_level_change,2374.0,,346.0,,
StationTank,fuel_level_change,fuel_level_change,2375.0,,346.0,,
StationTank,fuel_level_change,fuel_level_change,2376.0,,346.0,,
StationTank,fuel_level_change,fuel_level_change,2377.0,,346.0,,
StationTank,fuel_level_change,fuel_level_change,2378.0,,346.0,,
StationTank,fuel_level_change,fuel_level_change,2379.0,,346.0,,
StationTank,fuel_level_change,fuel_level_change,2380.0,,346.0,,
StationTank,fuel_level_change,fuel_level_change,2381.0,,346.0,,
StationTank,fuel_level_change,fuel_level_change,2382.0,,346.0,,
StationTank,fuel_level_change,fuel_level_change,2383.0,,346.0,,
StationTank,fuel_level_change,fuel_level_change,2384.0,,346.0,,
StationTank,fuel_level_change,fuel_level_change,2385.0,,346.0,,
StationTank,fuel_level_change,fuel_level_change,2386.0,,346.0,,
StationTank,fuel_level_change,fuel_level_change,2387.0,,346.0,,
StationTank,fuel_level_change,fuel_level_change,2388.0,,346.0,,
StationTank,fuel_level_change,fuel_level_change,2389.0,,346.0,,
StationTank,fuel_level_change,fuel_level_change,2390.0,,346.0,,
StationTank,fuel_level_change,fuel_level_change,2391.0,,346.0,,
StationTank,fuel_level_change,fuel_level_change,2392.0,,346.0,,
StationTank,fuel_level_change,fuel_level_change,2393.0,,346.0,,
StationTank,fuel_level_change,fuel_level_change,2394.0,,346.0,,
StationTank,fuel_level_change,fuel_level_change,2395.0,,346.0,,
StationTank,fuel_level_change,fuel_level_change,2396.0,,346.0,,
StationTank,fuel_level_change,fuel_level_change,2397.0,,346.0,,
StationTank,fuel_level_change,fuel_level_change,2398.0,,346.0,,
StationTank,fuel_level_change,fuel_level_change,2399.0,,346.0,,
StationTank,fuel_level_change,fuel_level_change,2400.0,,346.0,,
StationTank,fuel_level_change,fuel_level_change,2401.0,,346.0,,
StationTank,fuel_level_change,fuel_level_change,2402.0,,346.0,,
Car 42,resource_use_end,pumping_ends,2403.0,1.0,,16.0,50.0
Car 42,arrival_departure,depart,2403.0,,,,
StationTank,fuel_level_change,fuel_level_change,2403.0,,346.0,,
Car 44,resource_use,payment_begins,2403.0,1.0,,7.0,50.0
StationTank,fuel_level_change,fuel_level_change,2404.0,,303.0,,
StationTank,fuel_level_change,fuel_level_change,2405.0,,303.0,,
StationTank,fuel_level_change,fuel_level_change,2406.0,,303.0,,
StationTank,fuel_level_change,fuel_level_change,2407.0,,303.0,,
StationTank,fuel_level_change,fuel_level_change,2408.0,,303.0,,
StationTank,fuel_level_change,fuel_level_change,2409.0,,303.0,,
StationTank,fuel_level_change,fuel_level_change,2410.0,,303.0,,
StationTank,fuel_level_change,fuel_level_change,2411.0,,303.0,,
StationTank,fuel_level_change,fuel_level_change,2412.0,,303.0,,
StationTank,fuel_level_change,fuel_level_change,2413.0,,303.0,,
StationTank,fuel_level_change,fuel_level_change,2414.0,,303.0,,
Car 49,arrival_departure,arrival,2415.0,,,,
Car 49,queue,pump_queue_wait_begins,2415.0,,,22.0,50.0
StationTank,fuel_level_change,fuel_level_change,2415.0,,303.0,,
StationTank,fuel_level_change,fuel_level_change,2416.0,,303.0,,
StationTank,fuel_level_change,fuel_level_change,2417.0,,303.0,,
Car 43,resource_use_end,payment_ends,2418.0,2.0,,9.0,50.0
Car 43,resource_use,pumping_begins,2418.0,2.0,,9.0,50.0
StationTank,fuel_level_change,fuel_level_change,2418.0,,303.0,,
StationTank,fuel_level_change,fuel_level_change,2419.0,,303.0,,
StationTank,fuel_level_change,fuel_level_change,2420.0,,303.0,,
StationTank,fuel_level_change,fuel_level_change,2421.0,,303.0,,
StationTank,fuel_level_change,fuel_level_change,2422.0,,303.0,,
StationTank,fuel_level_change,fuel_level_change,2423.0,,303.0,,
StationTank,fuel_level_change,fuel_level_change,2424.0,,303.0,,
StationTank,fuel_level_change,fuel_level_change,2425.0,,303.0,,
StationTank,fuel_level_change,fuel_level_change,2426.0,,303.0,,
StationTank,fuel_level_change,fuel_level_change,2427.0,,303.0,,
StationTank,fuel_level_change,fuel_level_change,2428.0,,303.0,,
StationTank,fuel_level_change,fuel_level_change,2429.0,,303.0,,
StationTank,fuel_level_change,fuel_level_change,2430.0,,303.0,,
StationTank,fuel_level_change,fuel_level_change,2431.0,,303.0,,
StationTank,fuel_level_change,fuel_level_change,2432.0,,303.0,,
StationTank,fuel_level_change,fuel_level_change,2433.0,,303.0,,
StationTank,fuel_level_change,fuel_level_change,2434.0,,303.0,,
StationTank,fuel_level_change,fuel_level_change,2435.0,,303.0,,
StationTank,fuel_level_change,fuel_level_change,2436.0,,303.0,,
StationTank,fuel_level_change,fuel_level_change,2437.0,,303.0,,
StationTank,fuel_level_change,fuel_level_change,2438.0,,303.0,,
StationTank,fuel_level_change,fuel_level_change,2439.0,,303.0,,
StationTank,fuel_level_change,fuel_level_change,2440.0,,303.0,,
StationTank,fuel_level_change,fuel_level_change,2441.0,,303.0,,
StationTank,fuel_level_change,fuel_level_change,2442.0,,303.0,,
StationTank,fuel_level_change,fuel_level_change,2443.0,,303.0,,
StationTank,fuel_level_change,fuel_level_change,2444.0,,303.0,,
StationTank,fuel_level_change,fuel_level_change,2445.0,,303.0,,
StationTank,fuel_level_change,fuel_level_change,2446.0,,303.0,,
StationTank,fuel_level_change,fuel_level_change,2447.0,,303.0,,
StationTank,fuel_level_change,fuel_level_change,2448.0,,303.0,,
StationTank,fuel_level_change,fuel_level_change,2449.0,,303.0,,
StationTank,fuel_level_change,fuel_level_change,2450.0,,303.0,,
StationTank,fuel_level_change,fuel_level_change,2451.0,,303.0,,
StationTank,fuel_level_change,fuel_level_change,2452.0,,303.0,,
StationTank,fuel_level_change,fuel_level_change,2453.0,,303.0,,
StationTank,fuel_level_change,fuel_level_change,2454.0,,303.0,,
StationTank,fuel_level_change,fuel_level_change,2455.0,,303.0,,
StationTank,fuel_level_change,fuel_level_change,2456.0,,303.0,,
StationTank,fuel_level_change,fuel_level_change,2457.0,,303.0,,
StationTank,fuel_level_change,fuel_level_change,2458.0,,303.0,,
Car 43,resource_use_end,pumping_ends,2459.0,2.0,,9.0,50.0
Car 43,arrival_departure,depart,2459.0,,,,
StationTank,fuel_level_change,fuel_level_change,2459.0,,303.0,,
Car 45,resource_use,payment_begins,2459.0,2.0,,8.0,50.0
StationTank,fuel_level_change,fuel_level_change,2460.0,,261.0,,
StationTank,fuel_level_change,fuel_level_change,2461.0,,261.0,,
Car 50,arrival_departure,arrival,2462.0,,,,
Car 50,queue,pump_queue_wait_begins,2462.0,,,8.0,50.0
StationTank,fuel_level_change,fuel_level_change,2462.0,,261.0,,
StationTank,fuel_level_change,fuel_level_change,2463.0,,261.0,,
StationTank,fuel_level_change,fuel_level_change,2464.0,,261.0,,
StationTank,fuel_level_change,fuel_level_change,2465.0,,261.0,,
Car 44,resource_use_end,payment_ends,2466.0,1.0,,7.0,50.0
Car 44,resource_use,pumping_begins,2466.0,1.0,,7.0,50.0
StationTank,fuel_level_change,fuel_level_change,2466.0,,261.0,,
StationTank,fuel_level_change,fuel_level_change,2467.0,,261.0,,
StationTank,fuel_level_change,fuel_level_change,2468.0,,261.0,,
StationTank,fuel_level_change,fuel_level_change,2469.0,,261.0,,
StationTank,fuel_level_change,fuel_level_change,2470.0,,261.0,,
StationTank,fuel_level_change,fuel_level_change,2471.0,,261.0,,
StationTank,fuel_level_change,fuel_level_change,2472.0,,261.0,,
StationTank,fuel_level_change,fuel_level_change,2473.0,,261.0,,
StationTank,fuel_level_change,fuel_level_change,2474.0,,261.0,,
StationTank,fuel_level_change,fuel_level_change,2475.0,,261.0,,
StationTank,fuel_level_change,fuel_level_change,2476.0,,261.0,,
StationTank,fuel_level_change,fuel_level_change,2477.0,,261.0,,
Car 51,arrival_departure,arrival,2478.0,,,,
Car 51,queue,pump_queue_wait_begins,2478.0,,,13.0,50.0
StationTank,fuel_level_change,fuel_level_change,2478.0,,261.0,,
StationTank,fuel_level_change,fuel_level_change,2479.0,,261.0,,
StationTank,fuel_level_change,fuel_level_change,2480.0,,261.0,,
StationTank,fuel_level_change,fuel_level_change,2481.0,,261.0,,
StationTank,fuel_level_change,fuel_level_change,2482.0,,261.0,,
StationTank,fuel_level_change,fuel_level_change,2483.0,,261.0,,
StationTank,fuel_level_change,fuel_level_change,2484.0,,261.0,,
StationTank,fuel_level_change,fuel_level_change,2485.0,,261.0,,
StationTank,fuel_level_change,fuel_level_change,2486.0,,261.0,,
StationTank,fuel_level_change,fuel_level_change,2487.0,,261.0,,
StationTank,fuel_level_change,fuel_level_change,2488.0,,261.0,,
StationTank,fuel_level_change,fuel_level_change,2489.0,,261.0,,
StationTank,fuel_level_change,fuel_level_change,2490.0,,261.0,,
StationTank,fuel_level_change,fuel_level_change,2491.0,,261.0,,
StationTank,fuel_level_change,fuel_level_change,2492.0,,261.0,,
StationTank,fuel_level_change,fuel_level_change,2493.0,,261.0,,
StationTank,fuel_level_change,fuel_level_change,2494.0,,261.0,,
StationTank,fuel_level_change,fuel_level_change,2495.0,,261.0,,
StationTank,fuel_level_change,fuel_level_change,2496.0,,261.0,,
StationTank,fuel_level_change,fuel_level_change,2497.0,,261.0,,
StationTank,fuel_level_change,fuel_level_change,2498.0,,261.0,,
StationTank,fuel_level_change,fuel_level_change,2499.0,,261.0,,
StationTank,fuel_level_change,fuel_level_change,2500.0,,261.0,,
StationTank,fuel_level_change,fuel_level_change,2501.0,,261.0,,
StationTank,fuel_level_change,fuel_level_change,2502.0,,261.0,,
StationTank,fuel_level_change,fuel_level_change,2503.0,,261.0,,
StationTank,fuel_level_change,fuel_level_change,2504.0,,261.0,,
StationTank,fuel_level_change,fuel_level_change,2505.0,,261.0,,
StationTank,fuel_level_change,fuel_level_change,2506.0,,261.0,,
StationTank,fuel_level_change,fuel_level_change,2507.0,,261.0,,
StationTank,fuel_level_change,fuel_level_change,2508.0,,261.0,,
Car 44,resource_use_end,pumping_ends,2509.0,1.0,,7.0,50.0
Car 44,arrival_departure,depart,2509.0,,,,
StationTank,fuel_level_change,fuel_level_change,2509.0,,261.0,,
Car 46,resource_use,payment_begins,2509.0,1.0,,18.0,50.0
StationTank,fuel_level_change,fuel_level_change,2510.0,,229.0,,
StationTank,fuel_level_change,fuel_level_change,2511.0,,229.0,,
StationTank,fuel_level_change,fuel_level_change,2512.0,,229.0,,
StationTank,fuel_level_change,fuel_level_change,2513.0,,229.0,,
StationTank,fuel_level_change,fuel_level_change,2514.0,,229.0,,
StationTank,fuel_level_change,fuel_level_change,2515.0,,229.0,,
StationTank,fuel_level_change,fuel_level_change,2516.0,,229.0,,
StationTank,fuel_level_change,fuel_level_change,2517.0,,229.0,,
StationTank,fuel_level_change,fuel_level_change,2518.0,,229.0,,
StationTank,fuel_level_change,fuel_level_change,2519.0,,229.0,,
StationTank,fuel_level_change,fuel_level_change,2520.0,,229.0,,
StationTank,fuel_level_change,fuel_level_change,2521.0,,229.0,,
StationTank,fuel_level_change,fuel_level_change,2522.0,,229.0,,
StationTank,fuel_level_change,fuel_level_change,2523.0,,229.0,,
StationTank,fuel_level_change,fuel_level_change,2524.0,,229.0,,
StationTank,fuel_level_change,fuel_level_change,2525.0,,229.0,,
StationTank,fuel_level_change,fuel_level_change,2526.0,,229.0,,
StationTank,fuel_level_change,fuel_level_change,2527.0,,229.0,,
StationTank,fuel_level_change,fuel_level_change,2528.0,,229.0,,
StationTank,fuel_level_change,fuel_level_change,2529.0,,229.0,,
StationTank,fuel_level_change,fuel_level_change,2530.0,,229.0,,
StationTank,fuel_level_change,fuel_level_change,2531.0,,229.0,,
StationTank,fuel_level_change,fuel_level_change,2532.0,,229.0,,
StationTank,fuel_level_change,fuel_level_change,2533.0,,229.0,,
StationTank,fuel_level_change,fuel_level_change,2534.0,,229.0,,
StationTank,fuel_level_change,fuel_level_change,2535.0,,229.0,,
StationTank,fuel_level_change,fuel_level_change,2536.0,,229.0,,
StationTank,fuel_level_change,fuel_level_change,2537.0,,229.0,,
StationTank,fuel_level_change,fuel_level_change,2538.0,,229.0,,
StationTank,fuel_level_change,fuel_level_change,2539.0,,229.0,,
StationTank,fuel_level_change,fuel_level_change,2540.0,,229.0,,
StationTank,fuel_level_change,fuel_level_change,2541.0,,229.0,,
StationTank,fuel_level_change,fuel_level_change,2542.0,,229.0,,
StationTank,fuel_level_change,fuel_level_change,2543.0,,229.0,,
Car 45,resource_use_end,payment_ends,2544.0,2.0,,8.0,50.0
Car 45,resource_use,pumping_begins,2544.0,2.0,,8.0,50.0
StationTank,fuel_level_change,fuel_level_change,2544.0,,229.0,,
StationTank,fuel_level_change,fuel_level_change,2545.0,,229.0,,
StationTank,fuel_level_change,fuel_level_change,2546.0,,229.0,,
StationTank,fuel_level_change,fuel_level_change,2547.0,,229.0,,
StationTank,fuel_level_change,fuel_level_change,2548.0,,229.0,,
StationTank,fuel_level_change,fuel_level_change,2549.0,,229.0,,
StationTank,fuel_level_change,fuel_level_change,2550.0,,229.0,,
StationTank,fuel_level_change,fuel_level_change,2551.0,,229.0,,
StationTank,fuel_level_change,fuel_level_change,2552.0,,229.0,,
StationTank,fuel_level_change,fuel_level_change,2553.0,,229.0,,
StationTank,fuel_level_change,fuel_level_change,2554.0,,229.0,,
StationTank,fuel_level_change,fuel_level_change,2555.0,,229.0,,
StationTank,fuel_level_change,fuel_level_change,2556.0,,229.0,,
StationTank,fuel_level_change,fuel_level_change,2557.0,,229.0,,
StationTank,fuel_level_change,fuel_level_change,2558.0,,229.0,,
StationTank,fuel_level_change,fuel_level_change,2559.0,,229.0,,
StationTank,fuel_level_change,fuel_level_change,2560.0,,229.0,,
Car 52,arrival_departure,arrival,2561.0,,,,
Car 52,queue,pump_queue_wait_begins,2561.0,,,8.0,50.0
StationTank,fuel_level_change,fuel_level_change,2561.0,,229.0,,
StationTank,fuel_level_change,fuel_level_change,2562.0,,229.0,,
StationTank,fuel_level_change,fuel_level_change,2563.0,,229.0,,
StationTank,fuel_level_change,fuel_level_change,2564.0,,229.0,,
StationTank,fuel_level_change,fuel_level_change,2565.0,,229.0,,
StationTank,fuel_level_change,fuel_level_change,2566.0,,229.0,,
StationTank,fuel_level_change,fuel_level_change,2567.0,,229.0,,
StationTank,fuel_level_change,fuel_level_change,2568.0,,229.0,,
StationTank,fuel_level_change,fuel_level_change,2569.0,,229.0,,
StationTank,fuel_level_change,fuel_level_change,2570.0,,229.0,,
StationTank,fuel_level_change,fuel_level_change,2571.0,,229.0,,
StationTank,fuel_level_change,fuel_level_change,2572.0,,229.0,,
StationTank,fuel_level_change,fuel_level_change,2573.0,,229.0,,
StationTank,fuel_level_change,fuel_level_change,2574.0,,229.0,,
StationTank,fuel_level_change,fuel_level_change,2575.0,,229.0,,
StationTank,fuel_level_change,fuel_level_change,2576.0,,229.0,,
StationTank,fuel_level_change,fuel_level_change,2577.0,,229.0,,
StationTank,fuel_level_change,fuel_level_change,2578.0,,229.0,,
StationTank,fuel_level_change,fuel_level_change,2579.0,,229.0,,
StationTank,fuel_level_change,fuel_level_change,2580.0,,229.0,,
StationTank,fuel_level_change,fuel_level_change,2581.0,,229.0,,
StationTank,fuel_level_change,fuel_level_change,2582.0,,229.0,,
StationTank,fuel_level_change,fuel_level_change,2583.0,,229.0,,
StationTank,fuel_level_change,fuel_level_change,2584.0,,229.0,,
StationTank,fuel_level_change,fuel_level_change,2585.0,,229.0,,
Car 45,resource_use_end,pumping_ends,2586.0,2.0,,8.0,50.0
Car 45,arrival_departure,depart,2586.0,,,,
StationTank,fuel_level_change,fuel_level_change,2586.0,,229.0,,
Car 47,resource_use,payment_begins,2586.0,2.0,,17.0,50.0
StationTank,fuel_level_change,fuel_level_change,2587.0,,196.0,,
Car 46,resource_use_end,payment_ends,2588.0,1.0,,18.0,50.0
Car 46,resource_use,pumping_begins,2588.0,1.0,,18.0,50.0
StationTank,fuel_level_change,fuel_level_change,2588.0,,196.0,,
StationTank,fuel_level_change,fuel_level_change,2589.0,,196.0,,
StationTank,fuel_level_change,fuel_level_change,2590.0,,196.0,,
StationTank,fuel_level_change,fuel_level_change,2591.0,,196.0,,
StationTank,fuel_level_change,fuel_level_change,2592.0,,196.0,,
StationTank,fuel_level_change,fuel_level_change,2593.0,,196.0,,
StationTank,fuel_level_change,fuel_level_change,2594.0,,196.0,,
StationTank,fuel_level_change,fuel_level_change,2595.0,,196.0,,
StationTank,fuel_level_change,fuel_level_change,2596.0,,196.0,,
StationTank,fuel_level_change,fuel_level_change,2597.0,,196.0,,
StationTank,fuel_level_change,fuel_level_change,2598.0,,196.0,,
StationTank,fuel_level_change,fuel_level_change,2599.0,,196.0,,
StationTank,fuel_level_change,fuel_level_change,2600.0,,196.0,,
StationTank,fuel_level_change,fuel_level_change,2601.0,,196.0,,
StationTank,fuel_level_change,fuel_level_change,2602.0,,196.0,,
StationTank,fuel_level_change,fuel_level_change,2603.0,,196.0,,
StationTank,fuel_level_change,fuel_level_change,2604.0,,196.0,,
StationTank,fuel_level_change,fuel_level_change,2605.0,,196.0,,
StationTank,fuel_level_change,fuel_level_change,2606.0,,196.0,,
StationTank,fuel_level_change,fuel_level_change,2607.0,,196.0,,
StationTank,fuel_level_change,fuel_level_change,2608.0,,196.0,,
StationTank,fuel_level_change,fuel_level_change,2609.0,,196.0,,
StationTank,fuel_level_change,fuel_level_change,2610.0,,196.0,,
StationTank,fuel_level_change,fuel_level_change,2611.0,,196.0,,
StationTank,fuel_level_change,fuel_level_change,2612.0,,196.0,,
StationTank,fuel_level_change,fuel_level_change,2613.0,,196.0,,
StationTank,fuel_level_change,fuel_level_change,2614.0,,196.0,,
StationTank,fuel_level_change,fuel_level_change,2615.0,,196.0,,
StationTank,fuel_level_change,fuel_level_change,2616.0,,196.0,,
StationTank,fuel_level_change,fuel_level_change,2617.0,,196.0,,
StationTank,fuel_level_change,fuel_level_change,2618.0,,196.0,,
Car 53,arrival_departure,arrival,2619.0,,,,
Car 53,queue,pump_queue_wait_begins,2619.0,,,10.0,50.0
StationTank,fuel_level_change,fuel_level_change,2619.0,,196.0,,
Car 46,resource_use_end,pumping_ends,2620.0,1.0,,18.0,50.0
Car 46,arrival_departure,depart,2620.0,,,,
StationTank,fuel_level_change,fuel_level_change,2620.0,,196.0,,
Car 48,resource_use,payment_begins,2620.0,1.0,,24.0,50.0
StationTank,fuel_level_change,fuel_level_change,2621.0,,170.0,,
StationTank,fuel_level_change,fuel_level_change,2622.0,,170.0,,
StationTank,fuel_level_change,fuel_level_change,2623.0,,170.0,,
StationTank,fuel_level_change,fuel_level_change,2624.0,,170.0,,
StationTank,fuel_level_change,fuel_level_change,2625.0,,170.0,,
StationTank,fuel_level_change,fuel_level_change,2626.0,,170.0,,
StationTank,fuel_level_change,fuel_level_change,2627.0,,170.0,,
StationTank,fuel_level_change,fuel_level_change,2628.0,,170.0,,
StationTank,fuel_level_change,fuel_level_change,2629.0,,170.0,,
StationTank,fuel_level_change,fuel_level_change,2630.0,,170.0,,
StationTank,fuel_level_change,fuel_level_change,2631.0,,170.0,,
StationTank,fuel_level_change,fuel_level_change,2632.0,,170.0,,
StationTank,fuel_level_change,fuel_level_change,2633.0,,170.0,,
Car 47,resource_use_end,payment_ends,2634.0,2.0,,17.0,50.0
Car 47,resource_use,pumping_begins,2634.0,2.0,,17.0,50.0
StationTank,fuel_level_change,fuel_level_change,2634.0,,170.0,,
StationTank,fuel_level_change,fuel_level_change,2635.0,,170.0,,
StationTank,fuel_level_change,fuel_level_change,2636.0,,170.0,,
StationTank,fuel_level_change,fuel_level_change,2637.0,,170.0,,
StationTank,fuel_level_change,fuel_level_change,2638.0,,170.0,,
StationTank,fuel_level_change,fuel_level_change,2639.0,,170.0,,
StationTank,fuel_level_change,fuel_level_change,2640.0,,170.0,,
StationTank,fuel_level_change,fuel_level_change,2641.0,,170.0,,
StationTank,fuel_level_change,fuel_level_change,2642.0,,170.0,,
StationTank,fuel_level_change,fuel_level_change,2643.0,,170.0,,
StationTank,fuel_level_change,fuel_level_change,2644.0,,170.0,,
StationTank,fuel_level_change,fuel_level_change,2645.0,,170.0,,
StationTank,fuel_level_change,fuel_level_change,2646.0,,170.0,,
StationTank,fuel_level_change,fuel_level_change,2647.0,,170.0,,
StationTank,fuel_level_change,fuel_level_change,2648.0,,170.0,,
StationTank,fuel_level_change,fuel_level_change,2649.0,,170.0,,
StationTank,fuel_level_change,fuel_level_change,2650.0,,170.0,,
StationTank,fuel_level_change,fuel_level_change,2651.0,,170.0,,
StationTank,fuel_level_change,fuel_level_change,2652.0,,170.0,,
StationTank,fuel_level_change,fuel_level_change,2653.0,,170.0,,
StationTank,fuel_level_change,fuel_level_change,2654.0,,170.0,,
StationTank,fuel_level_change,fuel_level_change,2655.0,,170.0,,
StationTank,fuel_level_change,fuel_level_change,2656.0,,170.0,,
StationTank,fuel_level_change,fuel_level_change,2657.0,,170.0,,
StationTank,fuel_level_change,fuel_level_change,2658.0,,170.0,,
StationTank,fuel_level_change,fuel_level_change,2659.0,,170.0,,
StationTank,fuel_level_change,fuel_level_change,2660.0,,170.0,,
StationTank,fuel_level_change,fuel_level_change,2661.0,,170.0,,
StationTank,fuel_level_change,fuel_level_change,2662.0,,170.0,,
StationTank,fuel_level_change,fuel_level_change,2663.0,,170.0,,
StationTank,fuel_level_change,fuel_level_change,2664.0,,170.0,,
StationTank,fuel_level_change,fuel_level_change,2665.0,,170.0,,
StationTank,fuel_level_change,fuel_level_change,2666.0,,170.0,,
Car 47,resource_use_end,pumping_ends,2667.0,2.0,,17.0,50.0
Car 47,arrival_departure,depart,2667.0,,,,
StationTank,fuel_level_change,fuel_level_change,2667.0,,170.0,,
Car 49,resource_use,payment_begins,2667.0,2.0,,22.0,50.0
StationTank,fuel_level_change,fuel_level_change,2668.0,,142.0,,
StationTank,fuel_level_change,fuel_level_change,2669.0,,142.0,,
StationTank,fuel_level_change,fuel_level_change,2670.0,,142.0,,
StationTank,fuel_level_change,fuel_level_change,2671.0,,142.0,,
StationTank,fuel_level_change,fuel_level_change,2672.0,,142.0,,
StationTank,fuel_level_change,fuel_level_change,2673.0,,142.0,,
StationTank,fuel_level_change,fuel_level_change,2674.0,,142.0,,
StationTank,fuel_level_change,fuel_level_change,2675.0,,142.0,,
StationTank,fuel_level_change,fuel_level_change,2676.0,,142.0,,
StationTank,fuel_level_change,fuel_level_change,2677.0,,142.0,,
StationTank,fuel_level_change,fuel_level_change,2678.0,,142.0,,
Car 48,resource_use_end,payment_ends,2679.0,1.0,,24.0,50.0
Car 48,resource_use,pumping_begins,2679.0,1.0,,24.0,50.0
StationTank,fuel_level_change,fuel_level_change,2679.0,,142.0,,
StationTank,fuel_level_change,fuel_level_change,2680.0,,142.0,,
StationTank,fuel_level_change,fuel_level_change,2681.0,,142.0,,
StationTank,fuel_level_change,fuel_level_change,2682.0,,142.0,,
StationTank,fuel_level_change,fuel_level_change,2683.0,,142.0,,
StationTank,fuel_level_change,fuel_level_change,2684.0,,142.0,,
StationTank,fuel_level_change,fuel_level_change,2685.0,,142.0,,
StationTank,fuel_level_change,fuel_level_change,2686.0,,142.0,,
StationTank,fuel_level_change,fuel_level_change,2687.0,,142.0,,
StationTank,fuel_level_change,fuel_level_change,2688.0,,142.0,,
Car 54,arrival_departure,arrival,2689.0,,,,
Car 54,queue,pump_queue_wait_begins,2689.0,,,21.0,50.0
StationTank,fuel_level_change,fuel_level_change,2689.0,,142.0,,
StationTank,fuel_level_change,fuel_level_change,2690.0,,142.0,,
StationTank,fuel_level_change,fuel_level_change,2691.0,,142.0,,
StationTank,fuel_level_change,fuel_level_change,2692.0,,142.0,,
StationTank,fuel_level_change,fuel_level_change,2693.0,,142.0,,
StationTank,fuel_level_change,fuel_level_change,2694.0,,142.0,,
StationTank,fuel_level_change,fuel_level_change,2695.0,,142.0,,
StationTank,fuel_level_change,fuel_level_change,2696.0,,142.0,,
Car 49,resource_use_end,payment_ends,2697.0,2.0,,22.0,50.0
Car 49,resource_use,pumping_begins,2697.0,2.0,,22.0,50.0
StationTank,fuel_level_change,fuel_level_change,2697.0,,142.0,,
StationTank,fuel_level_change,fuel_level_change,2698.0,,142.0,,
StationTank,fuel_level_change,fuel_level_change,2699.0,,142.0,,
StationTank,fuel_level_change,fuel_level_change,2700.0,,142.0,,
StationTank,fuel_level_change,fuel_level_change,2701.0,,142.0,,
StationTank,fuel_level_change,fuel_level_change,2702.0,,142.0,,
StationTank,fuel_level_change,fuel_level_change,2703.0,,142.0,,
StationTank,fuel_level_change,fuel_level_change,2704.0,,142.0,,
Car 48,resource_use_end,pumping_ends,2705.0,1.0,,24.0,50.0
Car 48,arrival_departure,depart,2705.0,,,,
StationTank,fuel_level_change,fuel_level_change,2705.0,,142.0,,
Car 50,resource_use,payment_begins,2705.0,1.0,,8.0,50.0
StationTank,fuel_level_change,fuel_level_change,2706.0,,100.0,,
StationTank,fuel_level_change,fuel_level_change,2707.0,,100.0,,
StationTank,fuel_level_change,fuel_level_change,2708.0,,100.0,,
StationTank,fuel_level_change,fuel_level_change,2709.0,,100.0,,
StationTank,fuel_level_change,fuel_level_change,2710.0,,100.0,,
StationTank,fuel_level_change,fuel_level_change,2711.0,,100.0,,
StationTank,fuel_level_change,fuel_level_change,2712.0,,100.0,,
StationTank,fuel_level_change,fuel_level_change,2713.0,,100.0,,
StationTank,fuel_level_change,fuel_level_change,2714.0,,100.0,,
StationTank,fuel_level_change,fuel_level_change,2715.0,,100.0,,
StationTank,fuel_level_change,fuel_level_change,2716.0,,100.0,,
StationTank,fuel_level_change,fuel_level_change,2717.0,,100.0,,
StationTank,fuel_level_change,fuel_level_change,2718.0,,100.0,,
StationTank,fuel_level_change,fuel_level_change,2719.0,,100.0,,
StationTank,fuel_level_change,fuel_level_change,2720.0,,100.0,,
StationTank,fuel_level_change,fuel_level_change,2721.0,,100.0,,
StationTank,fuel_level_change,fuel_level_change,2722.0,,100.0,,
StationTank,fuel_level_change,fuel_level_change,2723.0,,100.0,,
StationTank,fuel_level_change,fuel_level_change,2724.0,,100.0,,
Car 49,resource_use_end,pumping_ends,2725.0,2.0,,22.0,50.0
Car 49,arrival_departure,depart,2725.0,,,,
StationTank,fuel_level_change,fuel_level_change,2725.0,,100.0,,
Car 51,resource_use,payment_begins,2725.0,2.0,,13.0,50.0
StationTank,fuel_level_change,fuel_level_change,2726.0,,63.0,,
StationTank,fuel_level_change,fuel_level_change,2727.0,,63.0,,
StationTank,fuel_level_change,fuel_level_change,2728.0,,63.0,,
StationTank,fuel_level_change,fuel_level_change,2729.0,,63.0,,
StationTank,fuel_level_change,fuel_level_change,2730.0,,63.0,,
StationTank,fuel_level_change,fuel_level_change,2731.0,,63.0,,
StationTank,fuel_level_change,fuel_level_change,2732.0,,63.0,,
StationTank,fuel_level_change,fuel_level_change,2733.0,,63.0,,
StationTank,fuel_level_change,fuel_level_change,2734.0,,63.0,,
StationTank,fuel_level_change,fuel_level_change,2735.0,,63.0,,
StationTank,fuel_level_change,fuel_level_change,2736.0,,63.0,,
Car 55,arrival_departure,arrival,2737.0,,,,
Car 55,queue,pump_queue_wait_begins,2737.0,,,8.0,50.0
StationTank,fuel_level_change,fuel_level_change,2737.0,,63.0,,
StationTank,fuel_level_change,fuel_level_change,2738.0,,63.0,,
StationTank,fuel_level_change,fuel_level_change,2739.0,,63.0,,
StationTank,fuel_level_change,fuel_level_change,2740.0,,63.0,,
StationTank,fuel_level_change,fuel_level_change,2741.0,,63.0,,
StationTank,fuel_level_change,fuel_level_change,2742.0,,63.0,,
StationTank,fuel_level_change,fuel_level_change,2743.0,,63.0,,
StationTank,fuel_level_change,fuel_level_change,2744.0,,63.0,,
StationTank,fuel_level_change,fuel_level_change,2745.0,,63.0,,
StationTank,fuel_level_change,fuel_level_change,2746.0,,63.0,,
StationTank,fuel_level_change,fuel_level_change,2747.0,,63.0,,
StationTank,fuel_level_change,fuel_level_change,2748.0,,63.0,,
StationTank,fuel_level_change,fuel_level_change,2749.0,,63.0,,
StationTank,fuel_level_change,fuel_level_change,2750.0,,63.0,,
StationTank,fuel_level_change,fuel_level_change,2751.0,,63.0,,
StationTank,fuel_level_change,fuel_level_change,2752.0,,63.0,,
StationTank,fuel_level_change,fuel_level_change,2753.0,,63.0,,
StationTank,fuel_level_change,fuel_level_change,2754.0,,63.0,,
StationTank,fuel_level_change,fuel_level_change,2755.0,,63.0,,
StationTank,fuel_level_change,fuel_level_change,2756.0,,63.0,,
StationTank,fuel_level_change,fuel_level_change,2757.0,,63.0,,
StationTank,fuel_level_change,fuel_level_change,2758.0,,63.0,,
StationTank,fuel_level_change,fuel_level_change,2759.0,,63.0,,
StationTank,fuel_level_change,fuel_level_change,2760.0,,63.0,,
StationTank,fuel_level_change,fuel_level_change,2761.0,,63.0,,
StationTank,fuel_level_change,fuel_level_change,2762.0,,63.0,,
StationTank,fuel_level_change,fuel_level_change,2763.0,,63.0,,
StationTank,fuel_level_change,fuel_level_change,2764.0,,63.0,,
StationTank,fuel_level_change,fuel_level_change,2765.0,,63.0,,
Car 51,resource_use_end,payment_ends,2766.0,2.0,,13.0,50.0
Car 51,resource_use,pumping_begins,2766.0,2.0,,13.0,50.0
StationTank,fuel_level_change,fuel_level_change,2766.0,,63.0,,
StationTank,fuel_level_change,fuel_level_change,2767.0,,63.0,,
StationTank,fuel_level_change,fuel_level_change,2768.0,,63.0,,
Call 2,arrival_departure,arrival,2769.0,,,,
Call 2,queue,calling_truck,2769.0,,,,
StationTank,fuel_level_change,fuel_level_change,2769.0,,63.0,,
StationTank,fuel_level_change,fuel_level_change,2770.0,,63.0,,
StationTank,fuel_level_change,fuel_level_change,2771.0,,63.0,,
StationTank,fuel_level_change,fuel_level_change,2772.0,,63.0,,
StationTank,fuel_level_change,fuel_level_change,2773.0,,63.0,,
StationTank,fuel_level_change,fuel_level_change,2774.0,,63.0,,
StationTank,fuel_level_change,fuel_level_change,2775.0,,63.0,,
StationTank,fuel_level_change,fuel_level_change,2776.0,,63.0,,
StationTank,fuel_level_change,fuel_level_change,2777.0,,63.0,,
StationTank,fuel_level_change,fuel_level_change,2778.0,,63.0,,
StationTank,fuel_level_change,fuel_level_change,2779.0,,63.0,,
StationTank,fuel_level_change,fuel_level_change,2780.0,,63.0,,
StationTank,fuel_level_change,fuel_level_change,2781.0,,63.0,,
StationTank,fuel_level_change,fuel_level_change,2782.0,,63.0,,
Car 50,resource_use_end,payment_ends,2783.0,1.0,,8.0,50.0
Car 50,resource_use,pumping_begins,2783.0,1.0,,8.0,50.0
StationTank,fuel_level_change,fuel_level_change,2783.0,,63.0,,
StationTank,fuel_level_change,fuel_level_change,2784.0,,63.0,,
StationTank,fuel_level_change,fuel_level_change,2785.0,,63.0,,
StationTank,fuel_level_change,fuel_level_change,2786.0,,63.0,,
StationTank,fuel_level_change,fuel_level_change,2787.0,,63.0,,
StationTank,fuel_level_change,fuel_level_change,2788.0,,63.0,,
StationTank,fuel_level_change,fuel_level_change,2789.0,,63.0,,
StationTank,fuel_level_change,fuel_level_change,2790.0,,63.0,,
StationTank,fuel_level_change,fuel_level_change,2791.0,,63.0,,
StationTank,fuel_level_change,fuel_level_change,2792.0,,63.0,,
StationTank,fuel_level_change,fuel_level_change,2793.0,,63.0,,
StationTank,fuel_level_change,fuel_level_change,2794.0,,63.0,,
StationTank,fuel_level_change,fuel_level_change,2795.0,,63.0,,
StationTank,fuel_level_change,fuel_level_change,2796.0,,63.0,,
StationTank,fuel_level_change,fuel_level_change,2797.0,,63.0,,
StationTank,fuel_level_change,fuel_level_change,2798.0,,63.0,,
StationTank,fuel_level_change,fuel_level_change,2799.0,,63.0,,
StationTank,fuel_level_change,fuel_level_change,2800.0,,63.0,,
StationTank,fuel_level_change,fuel_level_change,2801.0,,63.0,,
StationTank,fuel_level_change,fuel_level_change,2802.0,,63.0,,
Car 51,resource_use_end,pumping_ends,2803.0,2.0,,13.0,50.0
Car 51,arrival_departure,depart,2803.0,,,,
StationTank,fuel_level_change,fuel_level_change,2803.0,,63.0,,
Car 52,resource_use,payment_begins,2803.0,2.0,,8.0,50.0
StationTank,fuel_level_change,fuel_level_change,2804.0,,21.0,,
StationTank,fuel_level_change,fuel_level_change,2805.0,,21.0,,
StationTank,fuel_level_change,fuel_level_change,2806.0,,21.0,,
StationTank,fuel_level_change,fuel_level_change,2807.0,,21.0,,
StationTank,fuel_level_change,fuel_level_change,2808.0,,21.0,,
StationTank,fuel_level_change,fuel_level_change,2809.0,,21.0,,
StationTank,fuel_level_change,fuel_level_change,2810.0,,21.0,,
StationTank,fuel_level_change,fuel_level_change,2811.0,,21.0,,
StationTank,fuel_level_change,fuel_level_change,2812.0,,21.0,,
StationTank,fuel_level_change,fuel_level_change,2813.0,,21.0,,
StationTank,fuel_level_change,fuel_level_change,2814.0,,21.0,,
StationTank,fuel_level_change,fuel_level_change,2815.0,,21.0,,
Car 56,arrival_departure,arrival,2816.0,,,,
Car 56,queue,pump_queue_wait_begins,2816.0,,,25.0,50.0
StationTank,fuel_level_change,fuel_level_change,2816.0,,21.0,,
StationTank,fuel_level_change,fuel_level_change,2817.0,,21.0,,
StationTank,fuel_level_change,fuel_level_change,2818.0,,21.0,,
StationTank,fuel_level_change,fuel_level_change,2819.0,,21.0,,
StationTank,fuel_level_change,fuel_level_change,2820.0,,21.0,,
StationTank,fuel_level_change,fuel_level_change,2821.0,,21.0,,
StationTank,fuel_level_change,fuel_level_change,2822.0,,21.0,,
StationTank,fuel_level_change,fuel_level_change,2823.0,,21.0,,
StationTank,fuel_level_change,fuel_level_change,2824.0,,21.0,,
Car 50,resource_use_end,pumping_ends,2825.0,1.0,,8.0,50.0
Car 50,arrival_departure,depart,2825.0,,,,
StationTank,fuel_level_change,fuel_level_change,2825.0,,21.0,,
StationTank,fuel_level_change,fuel_level_change,2826.0,,21.0,,
StationTank,fuel_level_change,fuel_level_change,2827.0,,21.0,,
StationTank,fuel_level_change,fuel_level_change,2828.0,,21.0,,
StationTank,fuel_level_change,fuel_level_change,2829.0,,21.0,,
StationTank,fuel_level_change,fuel_level_change,2830.0,,21.0,,
StationTank,fuel_level_change,fuel_level_change,2831.0,,21.0,,
StationTank,fuel_level_change,fuel_level_change,2832.0,,21.0,,
StationTank,fuel_level_change,fuel_level_change,2833.0,,21.0,,
StationTank,fuel_level_change,fuel_level_change,2834.0,,21.0,,
StationTank,fuel_level_change,fuel_level_change,2835.0,,21.0,,
StationTank,fuel_level_change,fuel_level_change,2836.0,,21.0,,
StationTank,fuel_level_change,fuel_level_change,2837.0,,21.0,,
StationTank,fuel_level_change,fuel_level_change,2838.0,,21.0,,
StationTank,fuel_level_change,fuel_level_change,2839.0,,21.0,,
StationTank,fuel_level_change,fuel_level_change,2840.0,,21.0,,
StationTank,fuel_level_change,fuel_level_change,2841.0,,21.0,,
StationTank,fuel_level_change,fuel_level_change,2842.0,,21.0,,
StationTank,fuel_level_change,fuel_level_change,2843.0,,21.0,,
StationTank,fuel_level_change,fuel_level_change,2844.0,,21.0,,
StationTank,fuel_level_change,fuel_level_change,2845.0,,21.0,,
StationTank,fuel_level_change,fuel_level_change,2846.0,,21.0,,
StationTank,fuel_level_change,fuel_level_change,2847.0,,21.0,,
StationTank,fuel_level_change,fuel_level_change,2848.0,,21.0,,
StationTank,fuel_level_change,fuel_level_change,2849.0,,21.0,,
StationTank,fuel_level_change,fuel_level_change,2850.0,,21.0,,
StationTank,fuel_level_change,fuel_level_change,2851.0,,21.0,,
StationTank,fuel_level_change,fuel_level_change,2852.0,,21.0,,
StationTank,fuel_level_change,fuel_level_change,2853.0,,21.0,,
StationTank,fuel_level_change,fuel_level_change,2854.0,,21.0,,
StationTank,fuel_level_change,fuel_level_change,2855.0,,21.0,,
StationTank,fuel_level_change,fuel_level_change,2856.0,,21.0,,
StationTank,fuel_level_change,fuel_level_change,2857.0,,21.0,,
StationTank,fuel_level_change,fuel_level_change,2858.0,,21.0,,
StationTank,fuel_level_change,fuel_level_change,2859.0,,21.0,,
StationTank,fuel_level_change,fuel_level_change,2860.0,,21.0,,
StationTank,fuel_level_change,fuel_level_change,2861.0,,21.0,,
StationTank,fuel_level_change,fuel_level_change,2862.0,,21.0,,
StationTank,fuel_level_change,fuel_level_change,2863.0,,21.0,,
StationTank,fuel_level_change,fuel_level_change,2864.0,,21.0,,
StationTank,fuel_level_change,fuel_level_change,2865.0,,21.0,,
StationTank,fuel_level_change,fuel_level_change,2866.0,,21.0,,
StationTank,fuel_level_change,fuel_level_change,2867.0,,21.0,,
StationTank,fuel_level_change,fuel_level_change,2868.0,,21.0,,
Car 57,arrival_departure,arrival,2869.0,,,,
Car 57,queue,pump_queue_wait_begins,2869.0,,,24.0,50.0
StationTank,fuel_level_change,fuel_level_change,2869.0,,21.0,,
StationTank,fuel_level_change,fuel_level_change,2870.0,,21.0,,
StationTank,fuel_level_change,fuel_level_change,2871.0,,21.0,,
StationTank,fuel_level_change,fuel_level_change,2872.0,,21.0,,
StationTank,fuel_level_change,fuel_level_change,2873.0,,21.0,,
StationTank,fuel_level_change,fuel_level_change,2874.0,,21.0,,
StationTank,fuel_level_change,fuel_level_change,2875.0,,21.0,,
StationTank,fuel_level_change,fuel_level_change,2876.0,,21.0,,
StationTank,fuel_level_change,fuel_level_change,2877.0,,21.0,,
StationTank,fuel_level_change,fuel_level_change,2878.0,,21.0,,
StationTank,fuel_level_change,fuel_level_change,2879.0,,21.0,,
StationTank,fuel_level_change,fuel_level_change,2880.0,,21.0,,
StationTank,fuel_level_change,fuel_level_change,2881.0,,21.0,,
StationTank,fuel_level_change,fuel_level_change,2882.0,,21.0,,
StationTank,fuel_level_change,fuel_level_change,2883.0,,21.0,,
StationTank,fuel_level_change,fuel_level_change,2884.0,,21.0,,
StationTank,fuel_level_change,fuel_level_change,2885.0,,21.0,,
StationTank,fuel_level_change,fuel_level_change,2886.0,,21.0,,
StationTank,fuel_level_change,fuel_level_change,2887.0,,21.0,,
Car 52,resource_use_end,payment_ends,2888.0,2.0,,8.0,50.0
Car 52,resource_use,pumping_begins,2888.0,2.0,,8.0,50.0
StationTank,fuel_level_change,fuel_level_change,2888.0,,21.0,,
StationTank,fuel_level_change,fuel_level_change,2889.0,,21.0,,
StationTank,fuel_level_change,fuel_level_change,2890.0,,21.0,,
StationTank,fuel_level_change,fuel_level_change,2891.0,,21.0,,
StationTank,fuel_level_change,fuel_level_change,2892.0,,21.0,,
StationTank,fuel_level_change,fuel_level_change,2893.0,,21.0,,
StationTank,fuel_level_change,fuel_level_change,2894.0,,21.0,,
StationTank,fuel_level_change,fuel_level_change,2895.0,,21.0,,
StationTank,fuel_level_change,fuel_level_change,2896.0,,21.0,,
StationTank,fuel_level_change,fuel_level_change,2897.0,,21.0,,
StationTank,fuel_level_change,fuel_level_change,2898.0,,21.0,,
StationTank,fuel_level_change,fuel_level_change,2899.0,,21.0,,
StationTank,fuel_level_change,fuel_level_change,2900.0,,21.0,,
StationTank,fuel_level_change,fuel_level_change,2901.0,,21.0,,
StationTank,fuel_level_change,fuel_level_change,2902.0,,21.0,,
StationTank,fuel_level_change,fuel_level_change,2903.0,,21.0,,
StationTank,fuel_level_change,fuel_level_change,2904.0,,21.0,,
StationTank,fuel_level_change,fuel_level_change,2905.0,,21.0,,
StationTank,fuel_level_change,fuel_level_change,2906.0,,21.0,,
StationTank,fuel_level_change,fuel_level_change,2907.0,,21.0,,
StationTank,fuel_level_change,fuel_level_change,2908.0,,21.0,,
StationTank,fuel_level_change,fuel_level_change,2909.0,,21.0,,
StationTank,fuel_level_change,fuel_level_change,2910.0,,21.0,,
StationTank,fuel_level_change,fuel_level_change,2911.0,,21.0,,
StationTank,fuel_level_change,fuel_level_change,2912.0,,21.0,,
StationTank,fuel_level_change,fuel_level_change,2913.0,,21.0,,
StationTank,fuel_level_change,fuel_level_change,2914.0,,21.0,,
StationTank,fuel_level_change,fuel_level_change,2915.0,,21.0,,
StationTank,fuel_level_change,fuel_level_change,2916.0,,21.0,,
StationTank,fuel_level_change,fuel_level_change,2917.0,,21.0,,
StationTank,fuel_level_change,fuel_level_change,2918.0,,21.0,,
StationTank,fuel_level_change,fuel_level_change,2919.0,,21.0,,
StationTank,fuel_level_change,fuel_level_change,2920.0,,21.0,,
StationTank,fuel_level_change,fuel_level_change,2921.0,,21.0,,
StationTank,fuel_level_change,fuel_level_change,2922.0,,21.0,,
StationTank,fuel_level_change,fuel_level_change,2923.0,,21.0,,
StationTank,fuel_level_change,fuel_level_change,2924.0,,21.0,,
StationTank,fuel_level_change,fuel_level_change,2925.0,,21.0,,
StationTank,fuel_level_change,fuel_level_change,2926.0,,21.0,,
StationTank,fuel_level_change,fuel_level_change,2927.0,,21.0,,
StationTank,fuel_level_change,fuel_level_change,2928.0,,21.0,,
StationTank,fuel_level_change,fuel_level_change,2929.0,,21.0,,
Car 52,resource_use_end,pumping_ends,2930.0,2.0,,8.0,50.0
Car 52,arrival_departure,depart,2930.0,,,,
StationTank,fuel_level_change,fuel_level_change,2930.0,,21.0,,
StationTank,fuel_level_change,fuel_level_change,2931.0,,21.0,,
StationTank,fuel_level_change,fuel_level_change,2932.0,,21.0,,
StationTank,fuel_level_change,fuel_level_change,2933.0,,21.0,,
StationTank,fuel_level_change,fuel_level_change,2934.0,,21.0,,
StationTank,fuel_level_change,fuel_level_change,2935.0,,21.0,,
StationTank,fuel_level_change,fuel_level_change,2936.0,,21.0,,
StationTank,fuel_level_change,fuel_level_change,2937.0,,21.0,,
StationTank,fuel_level_change,fuel_level_change,2938.0,,21.0,,
StationTank,fuel_level_change,fuel_level_change,2939.0,,21.0,,
StationTank,fuel_level_change,fuel_level_change,2940.0,,21.0,,
StationTank,fuel_level_change,fuel_level_change,2941.0,,21.0,,
StationTank,fuel_level_change,fuel_level_change,2942.0,,21.0,,
StationTank,fuel_level_change,fuel_level_change,2943.0,,21.0,,
StationTank,fuel_level_change,fuel_level_change,2944.0,,21.0,,
StationTank,fuel_level_change,fuel_level_change,2945.0,,21.0,,
StationTank,fuel_level_change,fuel_level_change,2946.0,,21.0,,
StationTank,fuel_level_change,fuel_level_change,2947.0,,21.0,,
Car 58,arrival_departure,arrival,2948.0,,,,
Car 58,queue,pump_queue_wait_begins,2948.0,,,9.0,50.0
StationTank,fuel_level_change,fuel_level_change,2948.0,,21.0,,
StationTank,fuel_level_change,fuel_level_change,2949.0,,21.0,,
StationTank,fuel_level_change,fuel_level_change,2950.0,,21.0,,
StationTank,fuel_level_change,fuel_level_change,2951.0,,21.0,,
StationTank,fuel_level_change,fuel_level_change,2952.0,,21.0,,
StationTank,fuel_level_change,fuel_level_change,2953.0,,21.0,,
StationTank,fuel_level_change,fuel_level_change,2954.0,,21.0,,
StationTank,fuel_level_change,fuel_level_change,2955.0,,21.0,,
StationTank,fuel_level_change,fuel_level_change,2956.0,,21.0,,
StationTank,fuel_level_change,fuel_level_change,2957.0,,21.0,,
StationTank,fuel_level_change,fuel_level_change,2958.0,,21.0,,
StationTank,fuel_level_change,fuel_level_change,2959.0,,21.0,,
StationTank,fuel_level_change,fuel_level_change,2960.0,,21.0,,
StationTank,fuel_level_change,fuel_level_change,2961.0,,21.0,,
StationTank,fuel_level_change,fuel_level_change,2962.0,,21.0,,
StationTank,fuel_level_change,fuel_level_change,2963.0,,21.0,,
StationTank,fuel_level_change,fuel_level_change,2964.0,,21.0,,
StationTank,fuel_level_change,fuel_level_change,2965.0,,21.0,,
StationTank,fuel_level_change,fuel_level_change,2966.0,,21.0,,
StationTank,fuel_level_change,fuel_level_change,2967.0,,21.0,,
StationTank,fuel_level_change,fuel_level_change,2968.0,,21.0,,
StationTank,fuel_level_change,fuel_level_change,2969.0,,21.0,,
StationTank,fuel_level_change,fuel_level_change,2970.0,,21.0,,
StationTank,fuel_level_change,fuel_level_change,2971.0,,21.0,,
StationTank,fuel_level_change,fuel_level_change,2972.0,,21.0,,
StationTank,fuel_level_change,fuel_level_change,2973.0,,21.0,,
StationTank,fuel_level_change,fuel_level_change,2974.0,,21.0,,
StationTank,fuel_level_change,fuel_level_change,2975.0,,21.0,,
StationTank,fuel_level_change,fuel_level_change,2976.0,,21.0,,
StationTank,fuel_level_change,fuel_level_change,2977.0,,21.0,,
StationTank,fuel_level_change,fuel_level_change,2978.0,,21.0,,
StationTank,fuel_level_change,fuel_level_change,2979.0,,21.0,,
StationTank,fuel_level_change,fuel_level_change,2980.0,,21.0,,
StationTank,fuel_level_change,fuel_level_change,2981.0,,21.0,,
StationTank,fuel_level_change,fuel_level_change,2982.0,,21.0,,
StationTank,fuel_level_change,fuel_level_change,2983.0,,21.0,,
StationTank,fuel_level_change,fuel_level_change,2984.0,,21.0,,
StationTank,fuel_level_change,fuel_level_change,2985.0,,21.0,,
StationTank,fuel_level_change,fuel_level_change,2986.0,,21.0,,
StationTank,fuel_level_change,fuel_level_change,2987.0,,21.0,,
Car 59,arrival_departure,arrival,2988.0,,,,
Car 59,queue,pump_queue_wait_begins,2988.0,,,10.0,50.0
StationTank,fuel_level_change,fuel_level_change,2988.0,,21.0,,
StationTank,fuel_level_change,fuel_level_change,2989.0,,21.0,,
StationTank,fuel_level_change,fuel_level_change,2990.0,,21.0,,
StationTank,fuel_level_change,fuel_level_change,2991.0,,21.0,,
StationTank,fuel_level_change,fuel_level_change,2992.0,,21.0,,
StationTank,fuel_level_change,fuel_level_change,2993.0,,21.0,,
StationTank,fuel_level_change,fuel_level_change,2994.0,,21.0,,
StationTank,fuel_level_change,fuel_level_change,2995.0,,21.0,,
StationTank,fuel_level_change,fuel_level_change,2996.0,,21.0,,
StationTank,fuel_level_change,fuel_level_change,2997.0,,21.0,,
StationTank,fuel_level_change,fuel_level_change,2998.0,,21.0,,
StationTank,fuel_level_change,fuel_level_change,2999.0,,21.0,,
StationTank,fuel_level_change,fuel_level_change,3000.0,,21.0,,
StationTank,fuel_level_change,fuel_level_change,3001.0,,21.0,,
StationTank,fuel_level_change,fuel_level_change,3002.0,,21.0,,
StationTank,fuel_level_change,fuel_level_change,3003.0,,21.0,,
StationTank,fuel_level_change,fuel_level_change,3004.0,,21.0,,
StationTank,fuel_level_change,fuel_level_change,3005.0,,21.0,,
StationTank,fuel_level_change,fuel_level_change,3006.0,,21.0,,
StationTank,fuel_level_change,fuel_level_change,3007.0,,21.0,,
StationTank,fuel_level_change,fuel_level_change,3008.0,,21.0,,
StationTank,fuel_level_change,fuel_level_change,3009.0,,21.0,,
StationTank,fuel_level_change,fuel_level_change,3010.0,,21.0,,
StationTank,fuel_level_change,fuel_level_change,3011.0,,21.0,,
StationTank,fuel_level_change,fuel_level_change,3012.0,,21.0,,
StationTank,fuel_level_change,fuel_level_change,3013.0,,21.0,,
StationTank,fuel_level_change,fuel_level_change,3014.0,,21.0,,
StationTank,fuel_level_change,fuel_level_change,3015.0,,21.0,,
StationTank,fuel_level_change,fuel_level_change,3016.0,,21.0,,
StationTank,fuel_level_change,fuel_level_change,3017.0,,21.0,,
StationTank,fuel_level_change,fuel_level_change,3018.0,,21.0,,
StationTank,fuel_level_change,fuel_level_change,3019.0,,21.0,,
StationTank,fuel_level_change,fuel_level_change,3020.0,,21.0,,
StationTank,fuel_level_change,fuel_level_change,3021.0,,21.0,,
StationTank,fuel_level_change,fuel_level_change,3022.0,,21.0,,
StationTank,fuel_level_change,fuel_level_change,3023.0,,21.0,,
StationTank,fuel_level_change,fuel_level_change,3024.0,,21.0,,
StationTank,fuel_level_change,fuel_level_change,3025.0,,21.0,,
StationTank,fuel_level_change,fuel_level_change,3026.0,,21.0,,
StationTank,fuel_level_change,fuel_level_change,3027.0,,21.0,,
StationTank,fuel_level_change,fuel_level_change,3028.0,,21.0,,
StationTank,fuel_level_change,fuel_level_change,3029.0,,21.0,,
StationTank,fuel_level_change,fuel_level_change,3030.0,,21.0,,
StationTank,fuel_level_change,fuel_level_change,3031.0,,21.0,,
StationTank,fuel_level_change,fuel_level_change,3032.0,,21.0,,
StationTank,fuel_level_change,fuel_level_change,3033.0,,21.0,,
StationTank,fuel_level_change,fuel_level_change,3034.0,,21.0,,
StationTank,fuel_level_change,fuel_level_change,3035.0,,21.0,,
StationTank,fuel_level_change,fuel_level_change,3036.0,,21.0,,
StationTank,fuel_level_change,fuel_level_change,3037.0,,21.0,,
StationTank,fuel_level_change,fuel_level_change,3038.0,,21.0,,
StationTank,fuel_level_change,fuel_level_change,3039.0,,21.0,,
StationTank,fuel_level_change,fuel_level_change,3040.0,,21.0,,
StationTank,fuel_level_change,fuel_level_change,3041.0,,21.0,,
StationTank,fuel_level_change,fuel_level_change,3042.0,,21.0,,
StationTank,fuel_level_change,fuel_level_change,3043.0,,21.0,,
StationTank,fuel_level_change,fuel_level_change,3044.0,,21.0,,
StationTank,fuel_level_change,fuel_level_change,3045.0,,21.0,,
StationTank,fuel_level_change,fuel_level_change,3046.0,,21.0,,
StationTank,fuel_level_change,fuel_level_change,3047.0,,21.0,,
StationTank,fuel_level_change,fuel_level_change,3048.0,,21.0,,
StationTank,fuel_level_change,fuel_level_change,3049.0,,21.0,,
Car 60,arrival_departure,arrival,3050.0,,,,
Car 60,queue,pump_queue_wait_begins,3050.0,,,21.0,50.0
StationTank,fuel_level_change,fuel_level_change,3050.0,,21.0,,
StationTank,fuel_level_change,fuel_level_change,3051.0,,21.0,,
StationTank,fuel_level_change,fuel_level_change,3052.0,,21.0,,
StationTank,fuel_level_change,fuel_level_change,3053.0,,21.0,,
StationTank,fuel_level_change,fuel_level_change,3054.0,,21.0,,
StationTank,fuel_level_change,fuel_level_change,3055.0,,21.0,,
StationTank,fuel_level_change,fuel_level_change,3056.0,,21.0,,
StationTank,fuel_level_change,fuel_level_change,3057.0,,21.0,,
StationTank,fuel_level_change,fuel_level_change,3058.0,,21.0,,
StationTank,fuel_level_change,fuel_level_change,3059.0,,21.0,,
StationTank,fuel_level_change,fuel_level_change,3060.0,,21.0,,
StationTank,fuel_level_change,fuel_level_change,3061.0,,21.0,,
StationTank,fuel_level_change,fuel_level_change,3062.0,,21.0,,
StationTank,fuel_level_change,fuel_level_change,3063.0,,21.0,,
StationTank,fuel_level_change,fuel_level_change,3064.0,,21.0,,
StationTank,fuel_level_change,fuel_level_change,3065.0,,21.0,,
StationTank,fuel_level_change,fuel_level_change,3066.0,,21.0,,
StationTank,fuel_level_change,fuel_level_change,3067.0,,21.0,,
StationTank,fuel_level_change,fuel_level_change,3068.0,,21.0,,
Call 2,arrival_departure,depart,3069.0,,,,
Truck 2,arrival_departure,arrival,3069.0,,,,
Truck 2,queue,refuelling,3069.0,,,,
StationTank,fuel_level_change,fuel_level_change,3069.0,,21.0,,
StationTank,fuel_level_change,fuel_level_change,3070.0,,31.0,,
StationTank,fuel_level_change,fuel_level_change,3071.0,,41.0,,
Car 53,resource_use,payment_begins,3071.0,1.0,,10.0,50.0
StationTank,fuel_level_change,fuel_level_change,3072.0,,11.0,,
StationTank,fuel_level_change,fuel_level_change,3073.0,,21.0,,
StationTank,fuel_level_change,fuel_level_change,3074.0,,31.0,,
Car 54,resource_use,payment_begins,3074.0,2.0,,21.0,50.0
StationTank,fuel_level_change,fuel_level_change,3075.0,,12.0,,
StationTank,fuel_level_change,fuel_level_change,3076.0,,22.0,,
StationTank,fuel_level_change,fuel_level_change,3077.0,,32.0,,
StationTank,fuel_level_change,fuel_level_change,3078.0,,42.0,,
StationTank,fuel_level_change,fuel_level_change,3079.0,,52.0,,
StationTank,fuel_level_change,fuel_level_change,3080.0,,62.0,,
StationTank,fuel_level_change,fuel_level_change,3081.0,,72.0,,
StationTank,fuel_level_change,fuel_level_change,3082.0,,82.0,,
StationTank,fuel_level_change,fuel_level_change,3083.0,,92.0,,
StationTank,fuel_level_change,fuel_level_change,3084.0,,102.0,,
StationTank,fuel_level_change,fuel_level_change,3085.0,,112.0,,
StationTank,fuel_level_change,fuel_level_change,3086.0,,122.0,,
StationTank,fuel_level_change,fuel_level_change,3087.0,,132.0,,
StationTank,fuel_level_change,fuel_level_change,3088.0,,142.0,,
StationTank,fuel_level_change,fuel_level_change,3089.0,,152.0,,
StationTank,fuel_level_change,fuel_level_change,3090.0,,162.0,,
StationTank,fuel_level_change,fuel_level_change,3091.0,,172.0,,
StationTank,fuel_level_change,fuel_level_change,3092.0,,182.0,,
StationTank,fuel_level_change,fuel_level_change,3093.0,,192.0,,
StationTank,fuel_level_change,fuel_level_change,3094.0,,202.0,,
StationTank,fuel_level_change,fuel_level_change,3095.0,,212.0,,
StationTank,fuel_level_change,fuel_level_change,3096.0,,222.0,,
StationTank,fuel_level_change,fuel_level_change,3097.0,,232.0,,
StationTank,fuel_level_change,fuel_level_change,3098.0,,242.0,,
StationTank,fuel_level_change,fuel_level_change,3099.0,,252.0,,
StationTank,fuel_level_change,fuel_level_change,3100.0,,262.0,,
StationTank,fuel_level_change,fuel_level_change,3101.0,,272.0,,
StationTank,fuel_level_change,fuel_level_change,3102.0,,282.0,,
StationTank,fuel_level_change,fuel_level_change,3103.0,,292.0,,
Car 54,resource_use_end,payment_ends,3104.0,2.0,,21.0,50.0
Car 54,resource_use,pumping_begins,3104.0,2.0,,21.0,50.0
StationTank,fuel_level_change,fuel_level_change,3104.0,,302.0,,
StationTank,fuel_level_change,fuel_level_change,3105.0,,312.0,,
StationTank,fuel_level_change,fuel_level_change,3106.0,,322.0,,
StationTank,fuel_level_change,fuel_level_change,3107.0,,332.0,,
StationTank,fuel_level_change,fuel_level_change,3108.0,,342.0,,
StationTank,fuel_level_change,fuel_level_change,3109.0,,352.0,,
StationTank,fuel_level_change,fuel_level_change,3110.0,,362.0,,
StationTank,fuel_level_change,fuel_level_change,3111.0,,372.0,,
StationTank,fuel_level_change,fuel_level_change,3112.0,,382.0,,
StationTank,fuel_level_change,fuel_level_change,3113.0,,392.0,,
StationTank,fuel_level_change,fuel_level_change,3114.0,,402.0,,
StationTank,fuel_level_change,fuel_level_change,3115.0,,412.0,,
StationTank,fuel_level_change,fuel_level_change,3116.0,,422.0,,
StationTank,fuel_level_change,fuel_level_change,3117.0,,432.0,,
StationTank,fuel_level_change,fuel_level_change,3118.0,,442.0,,
StationTank,fuel_level_change,fuel_level_change,3119.0,,452.0,,
StationTank,fuel_level_change,fuel_level_change,3120.0,,462.0,,
StationTank,fuel_level_change,fuel_level_change,3121.0,,472.0,,
StationTank,fuel_level_change,fuel_level_change,3122.0,,482.0,,
StationTank,fuel_level_change,fuel_level_change,3123.0,,492.0,,
StationTank,fuel_level_change,fuel_level_change,3124.0,,502.0,,
StationTank,fuel_level_change,fuel_level_change,3125.0,,512.0,,
StationTank,fuel_level_change,fuel_level_change,3126.0,,522.0,,
StationTank,fuel_level_change,fuel_level_change,3127.0,,532.0,,
StationTank,fuel_level_change,fuel_level_change,3128.0,,542.0,,
StationTank,fuel_level_change,fuel_level_change,3129.0,,552.0,,
StationTank,fuel_level_change,fuel_level_change,3130.0,,562.0,,
StationTank,fuel_level_change,fuel_level_change,3131.0,,572.0,,
StationTank,fuel_level_change,fuel_level_change,3132.0,,582.0,,
Car 54,resource_use_end,pumping_ends,3133.0,2.0,,21.0,50.0
Car 54,arrival_departure,depart,3133.0,,,,
Truck 2,arrival_departure,depart,3133.0,,,,
StationTank,fuel_level_change,fuel_level_change,3133.0,,592.0,,
Car 55,resource_use,payment_begins,3133.0,2.0,,8.0,50.0
Car 61,arrival_departure,arrival,3134.0,,,,
Car 61,queue,pump_queue_wait_begins,3134.0,,,20.0,50.0
StationTank,fuel_level_change,fuel_level_change,3134.0,,550.0,,
StationTank,fuel_level_change,fuel_level_change,3135.0,,550.0,,
StationTank,fuel_level_change,fuel_level_change,3136.0,,550.0,,
StationTank,fuel_level_change,fuel_level_change,3137.0,,550.0,,
StationTank,fuel_level_change,fuel_level_change,3138.0,,550.0,,
StationTank,fuel_level_change,fuel_level_change,3139.0,,550.0,,
StationTank,fuel_level_change,fuel_level_change,3140.0,,550.0,,
StationTank,fuel_level_change,fuel_level_change,3141.0,,550.0,,
StationTank,fuel_level_change,fuel_level_change,3142.0,,550.0,,
StationTank,fuel_level_change,fuel_level_change,3143.0,,550.0,,
StationTank,fuel_level_change,fuel_level_change,3144.0,,550.0,,
StationTank,fuel_level_change,fuel_level_change,3145.0,,550.0,,
StationTank,fuel_level_change,fuel_level_change,3146.0,,550.0,,
StationTank,fuel_level_change,fuel_level_change,3147.0,,550.0,,
StationTank,fuel_level_change,fuel_level_change,3148.0,,550.0,,
StationTank,fuel_level_change,fuel_level_change,3149.0,,550.0,,
StationTank,fuel_level_change,fuel_level_change,3150.0,,550.0,,
StationTank,fuel_level_change,fuel_level_change,3151.0,,550.0,,
StationTank,fuel_level_change,fuel_level_change,3152.0,,550.0,,
StationTank,fuel_level_change,fuel_level_change,3153.0,,550.0,,
StationTank,fuel_level_change,fuel_level_change,3154.0,,550.0,,
StationTank,fuel_level_change,fuel_level_change,3155.0,,550.0,,
StationTank,fuel_level_change,fuel_level_change,3156.0,,550.0,,
StationTank,fuel_level_change,fuel_level_change,3157.0,,550.0,,
StationTank,fuel_level_change,fuel_level_change,3158.0,,550.0,,
Car 53,resource_use_end,payment_ends,3159.0,1.0,,10.0,50.0
Car 53,resource_use,pumping_begins,3159.0,1.0,,10.0,50.0
StationTank,fuel_level_change,fuel_level_change,3159.0,,550.0,,
StationTank,fuel_level_change,fuel_level_change,3160.0,,550.0,,
StationTank,fuel_level_change,fuel_level_change,3161.0,,550.0,,
StationTank,fuel_level_change,fuel_level_change,3162.0,,550.0,,
StationTank,fuel_level_change,fuel_level_change,3163.0,,550.0,,
StationTank,fuel_level_change,fuel_level_change,3164.0,,550.0,,
StationTank,fuel_level_change,fuel_level_change,3165.0,,550.0,,
StationTank,fuel_level_change,fuel_level_change,3166.0,,550.0,,
StationTank,fuel_level_change,fuel_level_change,3167.0,,550.0,,
StationTank,fuel_level_change,fuel_level_change,3168.0,,550.0,,
StationTank,fuel_level_change,fuel_level_change,3169.0,,550.0,,
StationTank,fuel_level_change,fuel_level_change,3170.0,,550.0,,
StationTank,fuel_level_change,fuel_level_change,3171.0,,550.0,,
StationTank,fuel_level_change,fuel_level_change,3172.0,,550.0,,
StationTank,fuel_level_change,fuel_level_change,3173.0,,550.0,,
StationTank,fuel_level_change,fuel_level_change,3174.0,,550.0,,
StationTank,fuel_level_change,fuel_level_change,3175.0,,550.0,,
StationTank,fuel_level_change,fuel_level_change,3176.0,,550.0,,
StationTank,fuel_level_change,fuel_level_change,3177.0,,550.0,,
StationTank,fuel_level_change,fuel_level_change,3178.0,,550.0,,
StationTank,fuel_level_change,fuel_level_change,3179.0,,550.0,,
StationTank,fuel_level_change,fuel_level_change,3180.0,,550.0,,
StationTank,fuel_level_change,fuel_level_change,3181.0,,550.0,,
StationTank,fuel_level_change,fuel_level_change,3182.0,,550.0,,
StationTank,fuel_level_change,fuel_level_change,3183.0,,550.0,,
StationTank,fuel_level_change,fuel_level_change,3184.0,,550.0,,
StationTank,fuel_level_change,fuel_level_change,3185.0,,550.0,,
StationTank,fuel_level_change,fuel_level_change,3186.0,,550.0,,
StationTank,fuel_level_change,fuel_level_change,3187.0,,550.0,,
StationTank,fuel_level_change,fuel_level_change,3188.0,,550.0,,
StationTank,fuel_level_change,fuel_level_change,3189.0,,550.0,,
Car 62,arrival_departure,arrival,3190.0,,,,
Car 62,queue,pump_queue_wait_begins,3190.0,,,8.0,50.0
StationTank,fuel_level_change,fuel_level_change,3190.0,,550.0,,
StationTank,fuel_level_change,fuel_level_change,3191.0,,550.0,,
StationTank,fuel_level_change,fuel_level_change,3192.0,,550.0,,
StationTank,fuel_level_change,fuel_level_change,3193.0,,550.0,,
StationTank,fuel_level_change,fuel_level_change,3194.0,,550.0,,
StationTank,fuel_level_change,fuel_level_change,3195.0,,550.0,,
StationTank,fuel_level_change,fuel_level_change,3196.0,,550.0,,
StationTank,fuel_level_change,fuel_level_change,3197.0,,550.0,,
StationTank,fuel_level_change,fuel_level_change,3198.0,,550.0,,
Car 53,resource_use_end,pumping_ends,3199.0,1.0,,10.0,50.0
Car 53,arrival_departure,depart,3199.0,,,,
StationTank,fuel_level_change,fuel_level_change,3199.0,,550.0,,
Car 56,resource_use,payment_begins,3199.0,1.0,,25.0,50.0
StationTank,fuel_level_change,fuel_level_change,3200.0,,525.0,,
Car 55,resource_use_end,payment_ends,3201.0,2.0,,8.0,50.0
Car 55,resource_use,pumping_begins,3201.0,2.0,,8.0,50.0
StationTank,fuel_level_change,fuel_level_change,3201.0,,525.0,,
StationTank,fuel_level_change,fuel_level_change,3202.0,,525.0,,
StationTank,fuel_level_change,fuel_level_change,3203.0,,525.0,,
StationTank,fuel_level_change,fuel_level_change,3204.0,,525.0,,
StationTank,fuel_level_change,fuel_level_change,3205.0,,525.0,,
StationTank,fuel_level_change,fuel_level_change,3206.0,,525.0,,
Car 63,arrival_departure,arrival,3207.0,,,,
Car 63,queue,pump_queue_wait_begins,3207.0,,,14.0,50.0
StationTank,fuel_level_change,fuel_level_change,3207.0,,525.0,,
StationTank,fuel_level_change,fuel_level_change,3208.0,,525.0,,
StationTank,fuel_level_change,fuel_level_change,3209.0,,525.0,,
StationTank,fuel_level_change,fuel_level_change,3210.0,,525.0,,
StationTank,fuel_level_change,fuel_level_change,3211.0,,525.0,,
StationTank,fuel_level_change,fuel_level_change,3212.0,,525.0,,
StationTank,fuel_level_change,fuel_level_change,3213.0,,525.0,,
StationTank,fuel_level_change,fuel_level_change,3214.0,,525.0,,
StationTank,fuel_level_change,fuel_level_change,3215.0,,525.0,,
StationTank,fuel_level_change,fuel_level_change,3216.0,,525.0,,
StationTank,fuel_level_change,fuel_level_change,3217.0,,525.0,,
StationTank,fuel_level_change,fuel_level_change,3218.0,,525.0,,
StationTank,fuel_level_change,fuel_level_change,3219.0,,525.0,,
StationTank,fuel_level_change,fuel_level_change,3220.0,,525.0,,
StationTank,fuel_level_change,fuel_level_change,3221.0,,525.0,,
StationTank,fuel_level_change,fuel_level_change,3222.0,,525.0,,
StationTank,fuel_level_change,fuel_level_change,3223.0,,525.0,,
StationTank,fuel_level_change,fuel_level_change,3224.0,,525.0,,
StationTank,fuel_level_change,fuel_level_change,3225.0,,525.0,,
StationTank,fuel_level_change,fuel_level_change,3226.0,,525.0,,
StationTank,fuel_level_change,fuel_level_change,3227.0,,525.0,,
StationTank,fuel_level_change,fuel_level_change,3228.0,,525.0,,
StationTank,fuel_level_change,fuel_level_change,3229.0,,525.0,,
StationTank,fuel_level_change,fuel_level_change,3230.0,,525.0,,
StationTank,fuel_level_change,fuel_level_change,3231.0,,525.0,,
StationTank,fuel_level_change,fuel_level_change,3232.0,,525.0,,
StationTank,fuel_level_change,fuel_level_change,3233.0,,525.0,,
StationTank,fuel_level_change,fuel_level_change,3234.0,,525.0,,
StationTank,fuel_level_change,fuel_level_change,3235.0,,525.0,,
StationTank,fuel_level_change,fuel_level_change,3236.0,,525.0,,
StationTank,fuel_level_change,fuel_level_change,3237.0,,525.0,,
StationTank,fuel_level_change,fuel_level_change,3238.0,,525.0,,
StationTank,fuel_level_change,fuel_level_change,3239.0,,525.0,,
StationTank,fuel_level_change,fuel_level_change,3240.0,,525.0,,
StationTank,fuel_level_change,fuel_level_change,3241.0,,525.0,,
StationTank,fuel_level_change,fuel_level_change,3242.0,,525.0,,
Car 55,resource_use_end,pumping_ends,3243.0,2.0,,8.0,50.0
Car 55,arrival_departure,depart,3243.0,,,,
StationTank,fuel_level_change,fuel_level_change,3243.0,,525.0,,
Car 57,resource_use,payment_begins,3243.0,2.0,,24.0,50.0
StationTank,fuel_level_change,fuel_level_change,3244.0,,499.0,,
StationTank,fuel_level_change,fuel_level_change,3245.0,,499.0,,
StationTank,fuel_level_change,fuel_level_change,3246.0,,499.0,,
StationTank,fuel_level_change,fuel_level_change,3247.0,,499.0,,
StationTank,fuel_level_change,fuel_level_change,3248.0,,499.0,,
StationTank,fuel_level_change,fuel_level_change,3249.0,,499.0,,
StationTank,fuel_level_change,fuel_level_change,3250.0,,499.0,,
StationTank,fuel_level_change,fuel_level_change,3251.0,,499.0,,
StationTank,fuel_level_change,fuel_level_change,3252.0,,499.0,,
StationTank,fuel_level_change,fuel_level_change,3253.0,,499.0,,
StationTank,fuel_level_change,fuel_level_change,3254.0,,499.0,,
StationTank,fuel_level_change,fuel_level_change,3255.0,,499.0,,
StationTank,fuel_level_change,fuel_level_change,3256.0,,499.0,,
StationTank,fuel_level_change,fuel_level_change,3257.0,,499.0,,
StationTank,fuel_level_change,fuel_level_change,3258.0,,499.0,,
StationTank,fuel_level_change,fuel_level_change,3259.0,,499.0,,
StationTank,fuel_level_change,fuel_level_change,3260.0,,499.0,,
StationTank,fuel_level_change,fuel_level_change,3261.0,,499.0,,
StationTank,fuel_level_change,fuel_level_change,3262.0,,499.0,,
StationTank,fuel_level_change,fuel_level_change,3263.0,,499.0,,
StationTank,fuel_level_change,fuel_level_change,3264.0,,499.0,,
StationTank,fuel_level_change,fuel_level_change,3265.0,,499.0,,
StationTank,fuel_level_change,fuel_level_change,3266.0,,499.0,,
StationTank,fuel_level_change,fuel_level_change,3267.0,,499.0,,
Car 64,arrival_departure,arrival,3268.0,,,,
Car 64,queue,pump_queue_wait_begins,3268.0,,,12.0,50.0
StationTank,fuel_level_change,fuel_level_change,3268.0,,499.0,,
StationTank,fuel_level_change,fuel_level_change,3269.0,,499.0,,
StationTank,fuel_level_change,fuel_level_change,3270.0,,499.0,,
StationTank,fuel_level_change,fuel_level_change,3271.0,,499.0,,
StationTank,fuel_level_change,fuel_level_change,3272.0,,499.0,,
StationTank,fuel_level_change,fuel_level_change,3273.0,,499.0,,
StationTank,fuel_level_change,fuel_level_change,3274.0,,499.0,,
StationTank,fuel_level_change,fuel_level_change,3275.0,,499.0,,
StationTank,fuel_level_change,fuel_level_change,3276.0,,499.0,,
StationTank,fuel_level_change,fuel_level_change,3277.0,,499.0,,
StationTank,fuel_level_change,fuel_level_change,3278.0,,499.0,,
StationTank,fuel_level_change,fuel_level_change,3279.0,,499.0,,
StationTank,fuel_level_change,fuel_level_change,3280.0,,499.0,,
StationTank,fuel_level_change,fuel_level_change,3281.0,,499.0,,
StationTank,fuel_level_change,fuel_level_change,3282.0,,499.0,,
StationTank,fuel_level_change,fuel_level_change,3283.0,,499.0,,
StationTank,fuel_level_change,fuel_level_change,3284.0,,499.0,,
StationTank,fuel_level_change,fuel_level_change,3285.0,,499.0,,
StationTank,fuel_level_change,fuel_level_change,3286.0,,499.0,,
StationTank,fuel_level_change,fuel_level_change,3287.0,,499.0,,
Car 56,resource_use_end,payment_ends,3288.0,1.0,,25.0,50.0
Car 56,resource_use,pumping_begins,3288.0,1.0,,25.0,50.0
Car 57,resource_use_end,payment_ends,3288.0,2.0,,24.0,50.0
Car 57,resource_use,pumping_begins,3288.0,2.0,,24.0,50.0
StationTank,fuel_level_change,fuel_level_change,3288.0,,499.0,,
StationTank,fuel_level_change,fuel_level_change,3289.0,,499.0,,
Car 65,arrival_departure,arrival,3290.0,,,,
Car 65,queue,pump_queue_wait_begins,3290.0,,,7.0,50.0
StationTank,fuel_level_change,fuel_level_change,3290.0,,499.0,,
StationTank,fuel_level_change,fuel_level_change,3291.0,,499.0,,
StationTank,fuel_level_change,fuel_level_change,3292.0,,499.0,,
StationTank,fuel_level_change,fuel_level_change,3293.0,,499.0,,
StationTank,fuel_level_change,fuel_level_change,3294.0,,499.0,,
StationTank,fuel_level_change,fuel_level_change,3295.0,,499.0,,
StationTank,fuel_level_change,fuel_level_change,3296.0,,499.0,,
StationTank,fuel_level_change,fuel_level_change,3297.0,,499.0,,
StationTank,fuel_level_change,fuel_level_change,3298.0,,499.0,,
StationTank,fuel_level_change,fuel_level_change,3299.0,,499.0,,
StationTank,fuel_level_change,fuel_level_change,3300.0,,499.0,,
StationTank,fuel_level_change,fuel_level_change,3301.0,,499.0,,
StationTank,fuel_level_change,fuel_level_change,3302.0,,499.0,,
StationTank,fuel_level_change,fuel_level_change,3303.0,,499.0,,
StationTank,fuel_level_change,fuel_level_change,3304.0,,499.0,,
StationTank,fuel_level_change,fuel_level_change,3305.0,,499.0,,
StationTank,fuel_level_change,fuel_level_change,3306.0,,499.0,,
StationTank,fuel_level_change,fuel_level_change,3307.0,,499.0,,
StationTank,fuel_level_change,fuel_level_change,3308.0,,499.0,,
StationTank,fuel_level_change,fuel_level_change,3309.0,,499.0,,
StationTank,fuel_level_change,fuel_level_change,3310.0,,499.0,,
StationTank,fuel_level_change,fuel_level_change,3311.0,,499.0,,
StationTank,fuel_level_change,fuel_level_change,3312.0,,499.0,,
Car 56,resource_use_end,pumping_ends,3313.0,1.0,,25.0,50.0
Car 56,arrival_departure,depart,3313.0,,,,
StationTank,fuel_level_change,fuel_level_change,3313.0,,499.0,,
Car 58,resource_use,payment_begins,3313.0,1.0,,9.0,50.0
Car 57,resource_use_end,pumping_ends,3314.0,2.0,,24.0,50.0
Car 57,arrival_departure,depart,3314.0,,,,
StationTank,fuel_level_change,fuel_level_change,3314.0,,458.0,,
Car 59,resource_use,payment_begins,3314.0,2.0,,10.0,50.0
StationTank,fuel_level_change,fuel_level_change,3315.0,,418.0,,
StationTank,fuel_level_change,fuel_level_change,3316.0,,418.0,,
StationTank,fuel_level_change,fuel_level_change,3317.0,,418.0,,
StationTank,fuel_level_change,fuel_level_change,3318.0,,418.0,,
StationTank,fuel_level_change,fuel_level_change,3319.0,,418.0,,
StationTank,fuel_level_change,fuel_level_change,3320.0,,418.0,,
StationTank,fuel_level_change,fuel_level_change,3321.0,,418.0,,
StationTank,fuel_level_change,fuel_level_change,3322.0,,418.0,,
StationTank,fuel_level_change,fuel_level_change,3323.0,,418.0,,
StationTank,fuel_level_change,fuel_level_change,3324.0,,418.0,,
StationTank,fuel_level_change,fuel_level_change,3325.0,,418.0,,
StationTank,fuel_level_change,fuel_level_change,3326.0,,418.0,,
StationTank,fuel_level_change,fuel_level_change,3327.0,,418.0,,
StationTank,fuel_level_change,fuel_level_change,3328.0,,418.0,,
StationTank,fuel_level_change,fuel_level_change,3329.0,,418.0,,
StationTank,fuel_level_change,fuel_level_change,3330.0,,418.0,,
StationTank,fuel_level_change,fuel_level_change,3331.0,,418.0,,
StationTank,fuel_level_change,fuel_level_change,3332.0,,418.0,,
StationTank,fuel_level_change,fuel_level_change,3333.0,,418.0,,
StationTank,fuel_level_change,fuel_level_change,3334.0,,418.0,,
StationTank,fuel_level_change,fuel_level_change,3335.0,,418.0,,
StationTank,fuel_level_change,fuel_level_change,3336.0,,418.0,,
StationTank,fuel_level_change,fuel_level_change,3337.0,,418.0,,
StationTank,fuel_level_change,fuel_level_change,3338.0,,418.0,,
StationTank,fuel_level_change,fuel_level_change,3339.0,,418.0,,
StationTank,fuel_level_change,fuel_level_change,3340.0,,418.0,,
StationTank,fuel_level_change,fuel_level_change,3341.0,,418.0,,
StationTank,fuel_level_change,fuel_level_change,3342.0,,418.0,,
StationTank,fuel_level_change,fuel_level_change,3343.0,,418.0,,
StationTank,fuel_level_change,fuel_level_change,3344.0,,418.0,,
StationTank,fuel_level_change,fuel_level_change,3345.0,,418.0,,
StationTank,fuel_level_change,fuel_level_change,3346.0,,418.0,,
StationTank,fuel_level_change,fuel_level_change,3347.0,,418.0,,
Car 58,resource_use_end,payment_ends,3348.0,1.0,,9.0,50.0
Car 58,resource_use,pumping_begins,3348.0,1.0,,9.0,50.0
StationTank,fuel_level_change,fuel_level_change,3348.0,,418.0,,
StationTank,fuel_level_change,fuel_level_change,3349.0,,418.0,,
StationTank,fuel_level_change,fuel_level_change,3350.0,,418.0,,
StationTank,fuel_level_change,fuel_level_change,3351.0,,418.0,,
StationTank,fuel_level_change,fuel_level_change,3352.0,,418.0,,
StationTank,fuel_level_change,fuel_level_change,3353.0,,418.0,,
StationTank,fuel_level_change,fuel_level_change,3354.0,,418.0,,
StationTank,fuel_level_change,fuel_level_change,3355.0,,418.0,,
StationTank,fuel_level_change,fuel_level_change,3356.0,,418.0,,
StationTank,fuel_level_change,fuel_level_change,3357.0,,418.0,,
StationTank,fuel_level_change,fuel_level_change,3358.0,,418.0,,
StationTank,fuel_level_change,fuel_level_change,3359.0,,418.0,,
StationTank,fuel_level_change,fuel_level_change,3360.0,,418.0,,
StationTank,fuel_level_change,fuel_level_change,3361.0,,418.0,,
StationTank,fuel_level_change,fuel_level_change,3362.0,,418.0,,
StationTank,fuel_level_change,fuel_level_change,3363.0,,418.0,,
StationTank,fuel_level_change,fuel_level_change,3364.0,,418.0,,
StationTank,fuel_level_change,fuel_level_change,3365.0,,418.0,,
StationTank,fuel_level_change,fuel_level_change,3366.0,,418.0,,
StationTank,fuel_level_change,fuel_level_change,3367.0,,418.0,,
StationTank,fuel_level_change,fuel_level_change,3368.0,,418.0,,
StationTank,fuel_level_change,fuel_level_change,3369.0,,418.0,,
StationTank,fuel_level_change,fuel_level_change,3370.0,,418.0,,
StationTank,fuel_level_change,fuel_level_change,3371.0,,418.0,,
StationTank,fuel_level_change,fuel_level_change,3372.0,,418.0,,
StationTank,fuel_level_change,fuel_level_change,3373.0,,418.0,,
StationTank,fuel_level_change,fuel_level_change,3374.0,,418.0,,
StationTank,fuel_level_change,fuel_level_change,3375.0,,418.0,,
StationTank,fuel_level_change,fuel_level_change,3376.0,,418.0,,
Car 66,arrival_departure,arrival,3377.0,,,,
Car 66,queue,pump_queue_wait_begins,3377.0,,,7.0,50.0
StationTank,fuel_level_change,fuel_level_change,3377.0,,418.0,,
StationTank,fuel_level_change,fuel_level_change,3378.0,,418.0,,
StationTank,fuel_level_change,fuel_level_change,3379.0,,418.0,,
StationTank,fuel_level_change,fuel_level_change,3380.0,,418.0,,
StationTank,fuel_level_change,fuel_level_change,3381.0,,418.0,,
StationTank,fuel_level_change,fuel_level_change,3382.0,,418.0,,
StationTank,fuel_level_change,fuel_level_change,3383.0,,418.0,,
StationTank,fuel_level_change,fuel_level_change,3384.0,,418.0,,
StationTank,fuel_level_change,fuel_level_change,3385.0,,418.0,,
StationTank,fuel_level_change,fuel_level_change,3386.0,,418.0,,
StationTank,fuel_level_change,fuel_level_change,3387.0,,418.0,,
StationTank,fuel_level_change,fuel_level_change,3388.0,,418.0,,
Car 58,resource_use_end,pumping_ends,3389.0,1.0,,9.0,50.0
Car 58,arrival_departure,depart,3389.0,,,,
StationTank,fuel_level_change,fuel_level_change,3389.0,,418.0,,
Car 60,resource_use,payment_begins,3389.0,1.0,,21.0,50.0
Car 59,resource_use_end,payment_ends,3390.0,2.0,,10.0,50.0
Car 59,resource_use,pumping_begins,3390.0,2.0,,10.0,50.0
StationTank,fuel_level_change,fuel_level_change,3390.0,,389.0,,
StationTank,fuel_level_change,fuel_level_change,3391.0,,389.0,,
StationTank,fuel_level_change,fuel_level_change,3392.0,,389.0,,
StationTank,fuel_level_change,fuel_level_change,3393.0,,389.0,,
StationTank,fuel_level_change,fuel_level_change,3394.0,,389.0,,
StationTank,fuel_level_change,fuel_level_change,3395.0,,389.0,,
StationTank,fuel_level_change,fuel_level_change,3396.0,,389.0,,
StationTank,fuel_level_change,fuel_level_change,3397.0,,389.0,,
StationTank,fuel_level_change,fuel_level_change,3398.0,,389.0,,
StationTank,fuel_level_change,fuel_level_change,3399.0,,389.0,,
StationTank,fuel_level_change,fuel_level_change,3400.0,,389.0,,
StationTank,fuel_level_change,fuel_level_change,3401.0,,389.0,,
StationTank,fuel_level_change,fuel_level_change,3402.0,,389.0,,
StationTank,fuel_level_change,fuel_level_change,3403.0,,389.0,,
StationTank,fuel_level_change,fuel_level_change,3404.0,,389.0,,
StationTank,fuel_level_change,fuel_level_change,3405.0,,389.0,,
StationTank,fuel_level_change,fuel_level_change,3406.0,,389.0,,
StationTank,fuel_level_change,fuel_level_change,3407.0,,389.0,,
StationTank,fuel_level_change,fuel_level_change,3408.0,,389.0,,
StationTank,fuel_level_change,fuel_level_change,3409.0,,389.0,,
StationTank,fuel_level_change,fuel_level_change,3410.0,,389.0,,
StationTank,fuel_level_change,fuel_level_change,3411.0,,389.0,,
StationTank,fuel_level_change,fuel_level_change,3412.0,,389.0,,
StationTank,fuel_level_change,fuel_level_change,3413.0,,389.0,,
StationTank,fuel_level_change,fuel_level_change,3414.0,,389.0,,
StationTank,fuel_level_change,fuel_level_change,3415.0,,389.0,,
StationTank,fuel_level_change,fuel_level_change,3416.0,,389.0,,
StationTank,fuel_level_change,fuel_level_change,3417.0,,389.0,,
StationTank,fuel_level_change,fuel_level_change,3418.0,,389.0,,
StationTank,fuel_level_change,fuel_level_change,3419.0,,389.0,,
StationTank,fuel_level_change,fuel_level_change,3420.0,,389.0,,
StationTank,fuel_level_change,fuel_level_change,3421.0,,389.0,,
StationTank,fuel_level_change,fuel_level_change,3422.0,,389.0,,
StationTank,fuel_level_change,fuel_level_change,3423.0,,389.0,,
StationTank,fuel_level_change,fuel_level_change,3424.0,,389.0,,
StationTank,fuel_level_change,fuel_level_change,3425.0,,389.0,,
StationTank,fuel_level_change,fuel_level_change,3426.0,,389.0,,
StationTank,fuel_level_change,fuel_level_change,3427.0,,389.0,,
StationTank,fuel_level_change,fuel_level_change,3428.0,,389.0,,
StationTank,fuel_level_change,fuel_level_change,3429.0,,389.0,,
Car 59,resource_use_end,pumping_ends,3430.0,2.0,,10.0,50.0
Car 59,arrival_departure,depart,3430.0,,,,
StationTank,fuel_level_change,fuel_level_change,3430.0,,389.0,,
Car 61,resource_use,payment_begins,3430.0,2.0,,20.0,50.0
StationTank,fuel_level_change,fuel_level_change,3431.0,,359.0,,
StationTank,fuel_level_change,fuel_level_change,3432.0,,359.0,,
StationTank,fuel_level_change,fuel_level_change,3433.0,,359.0,,
StationTank,fuel_level_change,fuel_level_change,3434.0,,359.0,,
StationTank,fuel_level_change,fuel_level_change,3435.0,,359.0,,
StationTank,fuel_level_change,fuel_level_change,3436.0,,359.0,,
StationTank,fuel_level_change,fuel_level_change,3437.0,,359.0,,
StationTank,fuel_level_change,fuel_level_change,3438.0,,359.0,,
StationTank,fuel_level_change,fuel_level_change,3439.0,,359.0,,
StationTank,fuel_level_change,fuel_level_change,3440.0,,359.0,,
StationTank,fuel_level_change,fuel_level_change,3441.0,,359.0,,
StationTank,fuel_level_change,fuel_level_change,3442.0,,359.0,,
StationTank,fuel_level_change,fuel_level_change,3443.0,,359.0,,
StationTank,fuel_level_change,fuel_level_change,3444.0,,359.0,,
StationTank,fuel_level_change,fuel_level_change,3445.0,,359.0,,
StationTank,fuel_level_change,fuel_level_change,3446.0,,359.0,,
StationTank,fuel_level_change,fuel_level_change,3447.0,,359.0,,
StationTank,fuel_level_change,fuel_level_change,3448.0,,359.0,,
StationTank,fuel_level_change,fuel_level_change,3449.0,,359.0,,
StationTank,fuel_level_change,fuel_level_change,3450.0,,359.0,,
StationTank,fuel_level_change,fuel_level_change,3451.0,,359.0,,
StationTank,fuel_level_change,fuel_level_change,3452.0,,359.0,,
StationTank,fuel_level_change,fuel_level_change,3453.0,,359.0,,
Car 67,arrival_departure,arrival,3454.0,,,,
Car 67,queue,pump_queue_wait_begins,3454.0,,,9.0,50.0
StationTank,fuel_level_change,fuel_level_change,3454.0,,359.0,,
StationTank,fuel_level_change,fuel_level_change,3455.0,,359.0,,
StationTank,fuel_level_change,fuel_level_change,3456.0,,359.0,,
StationTank,fuel_level_change,fuel_level_change,3457.0,,359.0,,
StationTank,fuel_level_change,fuel_level_change,3458.0,,359.0,,
StationTank,fuel_level_change,fuel_level_change,3459.0,,359.0,,
StationTank,fuel_level_change,fuel_level_change,3460.0,,359.0,,
StationTank,fuel_level_change,fuel_level_change,3461.0,,359.0,,
StationTank,fuel_level_change,fuel_level_change,3462.0,,359.0,,
StationTank,fuel_level_change,fuel_level_change,3463.0,,359.0,,
StationTank,fuel_level_change,fuel_level_change,3464.0,,359.0,,
StationTank,fuel_level_change,fuel_level_change,3465.0,,359.0,,
StationTank,fuel_level_change,fuel_level_change,3466.0,,359.0,,
Car 60,resource_use_end,payment_ends,3467.0,1.0,,21.0,50.0
Car 60,resource_use,pumping_begins,3467.0,1.0,,21.0,50.0
StationTank,fuel_level_change,fuel_level_change,3467.0,,359.0,,
StationTank,fuel_level_change,fuel_level_change,3468.0,,359.0,,
StationTank,fuel_level_change,fuel_level_change,3469.0,,359.0,,
StationTank,fuel_level_change,fuel_level_change,3470.0,,359.0,,
StationTank,fuel_level_change,fuel_level_change,3471.0,,359.0,,
StationTank,fuel_level_change,fuel_level_change,3472.0,,359.0,,
StationTank,fuel_level_change,fuel_level_change,3473.0,,359.0,,
StationTank,fuel_level_change,fuel_level_change,3474.0,,359.0,,
StationTank,fuel_level_change,fuel_level_change,3475.0,,359.0,,
StationTank,fuel_level_change,fuel_level_change,3476.0,,359.0,,
StationTank,fuel_level_change,fuel_level_change,3477.0,,359.0,,
StationTank,fuel_level_change,fuel_level_change,3478.0,,359.0,,
StationTank,fuel_level_change,fuel_level_change,3479.0,,359.0,,
StationTank,fuel_level_change,fuel_level_change,3480.0,,359.0,,
StationTank,fuel_level_change,fuel_level_change,3481.0,,359.0,,
StationTank,fuel_level_change,fuel_level_change,3482.0,,359.0,,
StationTank,fuel_level_change,fuel_level_change,3483.0,,359.0,,
StationTank,fuel_level_change,fuel_level_change,3484.0,,359.0,,
Car 68,arrival_departure,arrival,3485.0,,,,
Car 68,queue,pump_queue_wait_begins,3485.0,,,22.0,50.0
StationTank,fuel_level_change,fuel_level_change,3485.0,,359.0,,
StationTank,fuel_level_change,fuel_level_change,3486.0,,359.0,,
StationTank,fuel_level_change,fuel_level_change,3487.0,,359.0,,
StationTank,fuel_level_change,fuel_level_change,3488.0,,359.0,,
StationTank,fuel_level_change,fuel_level_change,3489.0,,359.0,,
StationTank,fuel_level_change,fuel_level_change,3490.0,,359.0,,
StationTank,fuel_level_change,fuel_level_change,3491.0,,359.0,,
StationTank,fuel_level_change,fuel_level_change,3492.0,,359.0,,
StationTank,fuel_level_change,fuel_level_change,3493.0,,359.0,,
Car 61,resource_use_end,payment_ends,3494.0,2.0,,20.0,50.0
Car 61,resource_use,pumping_begins,3494.0,2.0,,20.0,50.0
StationTank,fuel_level_change,fuel_level_change,3494.0,,359.0,,
StationTank,fuel_level_change,fuel_level_change,3495.0,,359.0,,
Car 60,resource_use_end,pumping_ends,3496.0,1.0,,21.0,50.0
Car 60,arrival_departure,depart,3496.0,,,,
StationTank,fuel_level_change,fuel_level_change,3496.0,,359.0,,
Car 62,resource_use,payment_begins,3496.0,1.0,,8.0,50.0
StationTank,fuel_level_change,fuel_level_change,3497.0,,317.0,,
StationTank,fuel_level_change,fuel_level_change,3498.0,,317.0,,
StationTank,fuel_level_change,fuel_level_change,3499.0,,317.0,,
StationTank,fuel_level_change,fuel_level_change,3500.0,,317.0,,
StationTank,fuel_level_change,fuel_level_change,3501.0,,317.0,,
StationTank,fuel_level_change,fuel_level_change,3502.0,,317.0,,
StationTank,fuel_level_change,fuel_level_change,3503.0,,317.0,,
StationTank,fuel_level_change,fuel_level_change,3504.0,,317.0,,
StationTank,fuel_level_change,fuel_level_change,3505.0,,317.0,,
StationTank,fuel_level_change,fuel_level_change,3506.0,,317.0,,
StationTank,fuel_level_change,fuel_level_change,3507.0,,317.0,,
StationTank,fuel_level_change,fuel_level_change,3508.0,,317.0,,
StationTank,fuel_level_change,fuel_level_change,3509.0,,317.0,,
StationTank,fuel_level_change,fuel_level_change,3510.0,,317.0,,
StationTank,fuel_level_change,fuel_level_change,3511.0,,317.0,,
StationTank,fuel_level_change,fuel_level_change,3512.0,,317.0,,
StationTank,fuel_level_change,fuel_level_change,3513.0,,317.0,,
StationTank,fuel_level_change,fuel_level_change,3514.0,,317.0,,
StationTank,fuel_level_change,fuel_level_change,3515.0,,317.0,,
StationTank,fuel_level_change,fuel_level_change,3516.0,,317.0,,
StationTank,fuel_level_change,fuel_level_change,3517.0,,317.0,,
StationTank,fuel_level_change,fuel_level_change,3518.0,,317.0,,
StationTank,fuel_level_change,fuel_level_change,3519.0,,317.0,,
StationTank,fuel_level_change,fuel_level_change,3520.0,,317.0,,
StationTank,fuel_level_change,fuel_level_change,3521.0,,317.0,,
StationTank,fuel_level_change,fuel_level_change,3522.0,,317.0,,
StationTank,fuel_level_change,fuel_level_change,3523.0,,317.0,,
Car 61,resource_use_end,pumping_ends,3524.0,2.0,,20.0,50.0
Car 61,arrival_departure,depart,3524.0,,,,
StationTank,fuel_level_change,fuel_level_change,3524.0,,317.0,,
Car 63,resource_use,payment_begins,3524.0,2.0,,14.0,50.0
StationTank,fuel_level_change,fuel_level_change,3525.0,,281.0,,
StationTank,fuel_level_change,fuel_level_change,3526.0,,281.0,,
StationTank,fuel_level_change,fuel_level_change,3527.0,,281.0,,
StationTank,fuel_level_change,fuel_level_change,3528.0,,281.0,,
StationTank,fuel_level_change,fuel_level_change,3529.0,,281.0,,
StationTank,fuel_level_change,fuel_level_change,3530.0,,281.0,,
StationTank,fuel_level_change,fuel_level_change,3531.0,,281.0,,
StationTank,fuel_level_change,fuel_level_change,3532.0,,281.0,,
StationTank,fuel_level_change,fuel_level_change,3533.0,,281.0,,
StationTank,fuel_level_change,fuel_level_change,3534.0,,281.0,,
StationTank,fuel_level_change,fuel_level_change,3535.0,,281.0,,
Car 62,resource_use_end,payment_ends,3536.0,1.0,,8.0,50.0
Car 62,resource_use,pumping_begins,3536.0,1.0,,8.0,50.0
StationTank,fuel_level_change,fuel_level_change,3536.0,,281.0,,
StationTank,fuel_level_change,fuel_level_change,3537.0,,281.0,,
StationTank,fuel_level_change,fuel_level_change,3538.0,,281.0,,
StationTank,fuel_level_change,fuel_level_change,3539.0,,281.0,,
StationTank,fuel_level_change,fuel_level_change,3540.0,,281.0,,
StationTank,fuel_level_change,fuel_level_change,3541.0,,281.0,,
StationTank,fuel_level_change,fuel_level_change,3542.0,,281.0,,
StationTank,fuel_level_change,fuel_level_change,3543.0,,281.0,,
StationTank,fuel_level_change,fuel_level_change,3544.0,,281.0,,
StationTank,fuel_level_change,fuel_level_change,3545.0,,281.0,,
StationTank,fuel_level_change,fuel_level_change,3546.0,,281.0,,
StationTank,fuel_level_change,fuel_level_change,3547.0,,281.0,,
StationTank,fuel_level_change,fuel_level_change,3548.0,,281.0,,
StationTank,fuel_level_change,fuel_level_change,3549.0,,281.0,,
StationTank,fuel_level_change,fuel_level_change,3550.0,,281.0,,
StationTank,fuel_level_change,fuel_level_change,3551.0,,281.0,,
StationTank,fuel_level_change,fuel_level_change,3552.0,,281.0,,
StationTank,fuel_level_change,fuel_level_change,3553.0,,281.0,,
StationTank,fuel_level_change,fuel_level_change,3554.0,,281.0,,
StationTank,fuel_level_change,fuel_level_change,3555.0,,281.0,,
StationTank,fuel_level_change,fuel_level_change,3556.0,,281.0,,
StationTank,fuel_level_change,fuel_level_change,3557.0,,281.0,,
StationTank,fuel_level_change,fuel_level_change,3558.0,,281.0,,
StationTank,fuel_level_change,fuel_level_change,3559.0,,281.0,,
Car 69,arrival_departure,arrival,3560.0,,,,
Car 69,queue,pump_queue_wait_begins,3560.0,,,24.0,50.0
StationTank,fuel_level_change,fuel_level_change,3560.0,,281.0,,
StationTank,fuel_level_change,fuel_level_change,3561.0,,281.0,,
StationTank,fuel_level_change,fuel_level_change,3562.0,,281.0,,
StationTank,fuel_level_change,fuel_level_change,3563.0,,281.0,,
StationTank,fuel_level_change,fuel_level_change,3564.0,,281.0,,
StationTank,fuel_level_change,fuel_level_change,3565.0,,281.0,,
StationTank,fuel_level_change,fuel_level_change,3566.0,,281.0,,
StationTank,fuel_level_change,fuel_level_change,3567.0,,281.0,,
StationTank,fuel_level_change,fuel_level_change,3568.0,,281.0,,
StationTank,fuel_level_change,fuel_level_change,3569.0,,281.0,,
Car 63,resource_use_end,payment_ends,3570.0,2.0,,14.0,50.0
Car 63,resource_use,pumping_begins,3570.0,2.0,,14.0,50.0
StationTank,fuel_level_change,fuel_level_change,3570.0,,281.0,,
StationTank,fuel_level_change,fuel_level_change,3571.0,,281.0,,
StationTank,fuel_level_change,fuel_level_change,3572.0,,281.0,,
StationTank,fuel_level_change,fuel_level_change,3573.0,,281.0,,
StationTank,fuel_level_change,fuel_level_change,3574.0,,281.0,,
StationTank,fuel_level_change,fuel_level_change,3575.0,,281.0,,
StationTank,fuel_level_change,fuel_level_change,3576.0,,281.0,,
StationTank,fuel_level_change,fuel_level_change,3577.0,,281.0,,
Car 62,resource_use_end,pumping_ends,3578.0,1.0,,8.0,50.0
Car 62,arrival_departure,depart,3578.0,,,,
StationTank,fuel_level_change,fuel_level_change,3578.0,,281.0,,
Car 64,resource_use,payment_begins,3578.0,1.0,,12.0,50.0
StationTank,fuel_level_change,fuel_level_change,3579.0,,243.0,,
StationTank,fuel_level_change,fuel_level_change,3580.0,,243.0,,
StationTank,fuel_level_change,fuel_level_change,3581.0,,243.0,,
StationTank,fuel_level_change,fuel_level_change,3582.0,,243.0,,
StationTank,fuel_level_change,fuel_level_change,3583.0,,243.0,,
StationTank,fuel_level_change,fuel_level_change,3584.0,,243.0,,
StationTank,fuel_level_change,fuel_level_change,3585.0,,243.0,,
StationTank,fuel_level_change,fuel_level_change,3586.0,,243.0,,
StationTank,fuel_level_change,fuel_level_change,3587.0,,243.0,,
StationTank,fuel_level_change,fuel_level_change,3588.0,,243.0,,
StationTank,fuel_level_change,fuel_level_change,3589.0,,243.0,,
StationTank,fuel_level_change,fuel_level_change,3590.0,,243.0,,
StationTank,fuel_level_change,fuel_level_change,3591.0,,243.0,,
StationTank,fuel_level_change,fuel_level_change,3592.0,,243.0,,
StationTank,fuel_level_change,fuel_level_change,3593.0,,243.0,,
StationTank,fuel_level_change,fuel_level_change,3594.0,,243.0,,
StationTank,fuel_level_change,fuel_level_change,3595.0,,243.0,,
StationTank,fuel_level_change,fuel_level_change,3596.0,,243.0,,
StationTank,fuel_level_change,fuel_level_change,3597.0,,243.0,,
StationTank,fuel_level_change,fuel_level_change,3598.0,,243.0,,
StationTank,fuel_level_change,fuel_level_change,3599.0,,243.0,,
StationTank,fuel_level_change,fuel_level_change,3600.0,,243.0,,
StationTank,fuel_level_change,fuel_level_change,3601.0,,243.0,,
StationTank,fuel_level_change,fuel_level_change,3602.0,,243.0,,
StationTank,fuel_level_change,fuel_level_change,3603.0,,243.0,,
StationTank,fuel_level_change,fuel_level_change,3604.0,,243.0,,
StationTank,fuel_level_change,fuel_level_change,3605.0,,243.0,,
Car 63,resource_use_end,pumping_ends,3606.0,2.0,,14.0,50.0
Car 63,arrival_departure,depart,3606.0,,,,
StationTank,fuel_level_change,fuel_level_change,3606.0,,243.0,,
Car 65,resource_use,payment_begins,3606.0,2.0,,7.0,50.0
StationTank,fuel_level_change,fuel_level_change,3607.0,,200.0,,
StationTank,fuel_level_change,fuel_level_change,3608.0,,200.0,,
StationTank,fuel_level_change,fuel_level_change,3609.0,,200.0,,
StationTank,fuel_level_change,fuel_level_change,3610.0,,200.0,,
StationTank,fuel_level_change,fuel_level_change,3611.0,,200.0,,
StationTank,fuel_level_change,fuel_level_change,3612.0,,200.0,,
StationTank,fuel_level_change,fuel_level_change,3613.0,,200.0,,
StationTank,fuel_level_change,fuel_level_change,3614.0,,200.0,,
StationTank,fuel_level_change,fuel_level_change,3615.0,,200.0,,
StationTank,fuel_level_change,fuel_level_change,3616.0,,200.0,,
StationTank,fuel_level_change,fuel_level_change,3617.0,,200.0,,
StationTank,fuel_level_change,fuel_level_change,3618.0,,200.0,,
StationTank,fuel_level_change,fuel_level_change,3619.0,,200.0,,
StationTank,fuel_level_change,fuel_level_change,3620.0,,200.0,,
StationTank,fuel_level_change,fuel_level_change,3621.0,,200.0,,
StationTank,fuel_level_change,fuel_level_change,3622.0,,200.0,,
StationTank,fuel_level_change,fuel_level_change,3623.0,,200.0,,
StationTank,fuel_level_change,fuel_level_change,3624.0,,200.0,,
StationTank,fuel_level_change,fuel_level_change,3625.0,,200.0,,
StationTank,fuel_level_change,fuel_level_change,3626.0,,200.0,,
StationTank,fuel_level_change,fuel_level_change,3627.0,,200.0,,
StationTank,fuel_level_change,fuel_level_change,3628.0,,200.0,,
StationTank,fuel_level_change,fuel_level_change,3629.0,,200.0,,
StationTank,fuel_level_change,fuel_level_change,3630.0,,200.0,,
StationTank,fuel_level_change,fuel_level_change,3631.0,,200.0,,
StationTank,fuel_level_change,fuel_level_change,3632.0,,200.0,,
StationTank,fuel_level_change,fuel_level_change,3633.0,,200.0,,
StationTank,fuel_level_change,fuel_level_change,3634.0,,200.0,,
Car 64,resource_use_end,payment_ends,3635.0,1.0,,12.0,50.0
Car 64,resource_use,pumping_begins,3635.0,1.0,,12.0,50.0
StationTank,fuel_level_change,fuel_level_change,3635.0,,200.0,,
StationTank,fuel_level_change,fuel_level_change,3636.0,,200.0,,
StationTank,fuel_level_change,fuel_level_change,3637.0,,200.0,,
StationTank,fuel_level_change,fuel_level_change,3638.0,,200.0,,
StationTank,fuel_level_change,fuel_level_change,3639.0,,200.0,,
StationTank,fuel_level_change,fuel_level_change,3640.0,,200.0,,
StationTank,fuel_level_change,fuel_level_change,3641.0,,200.0,,
Car 70,arrival_departure,arrival,3642.0,,,,
Car 70,queue,pump_queue_wait_begins,3642.0,,,11.0,50.0
StationTank,fuel_level_change,fuel_level_change,3642.0,,200.0,,
StationTank,fuel_level_change,fuel_level_change,3643.0,,200.0,,
StationTank,fuel_level_change,fuel_level_change,3644.0,,200.0,,
StationTank,fuel_level_change,fuel_level_change,3645.0,,200.0,,
StationTank,fuel_level_change,fuel_level_change,3646.0,,200.0,,
StationTank,fuel_level_change,fuel_level_change,3647.0,,200.0,,
StationTank,fuel_level_change,fuel_level_change,3648.0,,200.0,,
Car 65,resource_use_end,payment_ends,3649.0,2.0,,7.0,50.0
Car 65,resource_use,pumping_begins,3649.0,2.0,,7.0,50.0
StationTank,fuel_level_change,fuel_level_change,3649.0,,200.0,,
StationTank,fuel_level_change,fuel_level_change,3650.0,,200.0,,
StationTank,fuel_level_change,fuel_level_change,3651.0,,200.0,,
StationTank,fuel_level_change,fuel_level_change,3652.0,,200.0,,
StationTank,fuel_level_change,fuel_level_change,3653.0,,200.0,,
StationTank,fuel_level_change,fuel_level_change,3654.0,,200.0,,
StationTank,fuel_level_change,fuel_level_change,3655.0,,200.0,,
StationTank,fuel_level_change,fuel_level_change,3656.0,,200.0,,
StationTank,fuel_level_change,fuel_level_change,3657.0,,200.0,,
StationTank,fuel_level_change,fuel_level_change,3658.0,,200.0,,
StationTank,fuel_level_change,fuel_level_change,3659.0,,200.0,,
StationTank,fuel_level_change,fuel_level_change,3660.0,,200.0,,
StationTank,fuel_level_change,fuel_level_change,3661.0,,200.0,,
StationTank,fuel_level_change,fuel_level_change,3662.0,,200.0,,
StationTank,fuel_level_change,fuel_level_change,3663.0,,200.0,,
StationTank,fuel_level_change,fuel_level_change,3664.0,,200.0,,
StationTank,fuel_level_change,fuel_level_change,3665.0,,200.0,,
StationTank,fuel_level_change,fuel_level_change,3666.0,,200.0,,
StationTank,fuel_level_change,fuel_level_change,3667.0,,200.0,,
StationTank,fuel_level_change,fuel_level_change,3668.0,,200.0,,
StationTank,fuel_level_change,fuel_level_change,3669.0,,200.0,,
StationTank,fuel_level_change,fuel_level_change,3670.0,,200.0,,
StationTank,fuel_level_change,fuel_level_change,3671.0,,200.0,,
StationTank,fuel_level_change,fuel_level_change,3672.0,,200.0,,
Car 64,resource_use_end,pumping_ends,3673.0,1.0,,12.0,50.0
Car 64,arrival_departure,depart,3673.0,,,,
StationTank,fuel_level_change,fuel_level_change,3673.0,,200.0,,
Car 66,resource_use,payment_begins,3673.0,1.0,,7.0,50.0
StationTank,fuel_level_change,fuel_level_change,3674.0,,157.0,,
StationTank,fuel_level_change,fuel_level_change,3675.0,,157.0,,
StationTank,fuel_level_change,fuel_level_change,3676.0,,157.0,,
StationTank,fuel_level_change,fuel_level_change,3677.0,,157.0,,
StationTank,fuel_level_change,fuel_level_change,3678.0,,157.0,,
StationTank,fuel_level_change,fuel_level_change,3679.0,,157.0,,
StationTank,fuel_level_change,fuel_level_change,3680.0,,157.0,,
StationTank,fuel_level_change,fuel_level_change,3681.0,,157.0,,
StationTank,fuel_level_change,fuel_level_change,3682.0,,157.0,,
StationTank,fuel_level_change,fuel_level_change,3683.0,,157.0,,
StationTank,fuel_level_change,fuel_level_change,3684.0,,157.0,,
StationTank,fuel_level_change,fuel_level_change,3685.0,,157.0,,
StationTank,fuel_level_change,fuel_level_change,3686.0,,157.0,,
StationTank,fuel_level_change,fuel_level_change,3687.0,,157.0,,
StationTank,fuel_level_change,fuel_level_change,3688.0,,157.0,,
StationTank,fuel_level_change,fuel_level_change,3689.0,,157.0,,
StationTank,fuel_level_change,fuel_level_change,3690.0,,157.0,,
StationTank,fuel_level_change,fuel_level_change,3691.0,,157.0,,
Car 65,resource_use_end,pumping_ends,3692.0,2.0,,7.0,50.0
Car 65,arrival_departure,depart,3692.0,,,,
StationTank,fuel_level_change,fuel_level_change,3692.0,,157.0,,
Car 67,resource_use,payment_begins,3692.0,2.0,,9.0,50.0
StationTank,fuel_level_change,fuel_level_change,3693.0,,116.0,,
StationTank,fuel_level_change,fuel_level_change,3694.0,,116.0,,
StationTank,fuel_level_change,fuel_level_change,3695.0,,116.0,,
StationTank,fuel_level_change,fuel_level_change,3696.0,,116.0,,
StationTank,fuel_level_change,fuel_level_change,3697.0,,116.0,,
StationTank,fuel_level_change,fuel_level_change,3698.0,,116.0,,
StationTank,fuel_level_change,fuel_level_change,3699.0,,116.0,,
StationTank,fuel_level_change,fuel_level_change,3700.0,,116.0,,
StationTank,fuel_level_change,fuel_level_change,3701.0,,116.0,,
StationTank,fuel_level_change,fuel_level_change,3702.0,,116.0,,
StationTank,fuel_level_change,fuel_level_change,3703.0,,116.0,,
StationTank,fuel_level_change,fuel_level_change,3704.0,,116.0,,
StationTank,fuel_level_change,fuel_level_change,3705.0,,116.0,,
StationTank,fuel_level_change,fuel_level_change,3706.0,,116.0,,
StationTank,fuel_level_change,fuel_level_change,3707.0,,116.0,,
StationTank,fuel_level_change,fuel_level_change,3708.0,,116.0,,
StationTank,fuel_level_change,fuel_level_change,3709.0,,116.0,,
StationTank,fuel_level_change,fuel_level_change,3710.0,,116.0,,
StationTank,fuel_level_change,fuel_level_change,3711.0,,116.0,,
StationTank,fuel_level_change,fuel_level_change,3712.0,,116.0,,
StationTank,fuel_level_change,fuel_level_change,3713.0,,116.0,,
StationTank,fuel_level_change,fuel_level_change,3714.0,,116.0,,
StationTank,fuel_level_change,fuel_level_change,3715.0,,116.0,,
StationTank,fuel_level_change,fuel_level_change,3716.0,,116.0,,
StationTank,fuel_level_change,fuel_level_change,3717.0,,116.0,,
StationTank,fuel_level_change,fuel_level_change,3718.0,,116.0,,
StationTank,fuel_level_change,fuel_level_change,3719.0,,116.0,,
StationTank,fuel_level_change,fuel_level_change,3720.0,,116.0,,
StationTank,fuel_level_change,fuel_level_change,3721.0,,116.0,,
StationTank,fuel_level_change,fuel_level_change,3722.0,,116.0,,
StationTank,fuel_level_change,fuel_level_change,3723.0,,116.0,,
StationTank,fuel_level_change,fuel_level_change,3724.0,,116.0,,
StationTank,fuel_level_change,fuel_level_change,3725.0,,116.0,,
Car 71,arrival_departure,arrival,3726.0,,,,
Car 71,queue,pump_queue_wait_begins,3726.0,,,25.0,50.0
StationTank,fuel_level_change,fuel_level_change,3726.0,,116.0,,
StationTank,fuel_level_change,fuel_level_change,3727.0,,116.0,,
StationTank,fuel_level_change,fuel_level_change,3728.0,,116.0,,
StationTank,fuel_level_change,fuel_level_change,3729.0,,116.0,,
StationTank,fuel_level_change,fuel_level_change,3730.0,,116.0,,
StationTank,fuel_level_change,fuel_level_change,3731.0,,116.0,,
StationTank,fuel_level_change,fuel_level_change,3732.0,,116.0,,
Call 3,arrival_departure,arrival,3733.0,,,,
Call 3,queue,calling_truck,3733.0,,,,
StationTank,fuel_level_change,fuel_level_change,3733.0,,116.0,,
StationTank,fuel_level_change,fuel_level_change,3734.0,,116.0,,
StationTank,fuel_level_change,fuel_level_change,3735.0,,116.0,,
StationTank,fuel_level_change,fuel_level_change,3736.0,,116.0,,
StationTank,fuel_level_change,fuel_level_change,3737.0,,116.0,,
StationTank,fuel_level_change,fuel_level_change,3738.0,,116.0,,
StationTank,fuel_level_change,fuel_level_change,3739.0,,116.0,,
StationTank,fuel_level_change,fuel_level_change,3740.0,,116.0,,
Car 67,resource_use_end,payment_ends,3741.0,2.0,,9.0,50.0
Car 67,resource_use,pumping_begins,3741.0,2.0,,9.0,50.0
StationTank,fuel_level_change,fuel_level_change,3741.0,,116.0,,
StationTank,fuel_level_change,fuel_level_change,3742.0,,116.0,,
StationTank,fuel_level_change,fuel_level_change,3743.0,,116.0,,
StationTank,fuel_level_change,fuel_level_change,3744.0,,116.0,,
StationTank,fuel_level_change,fuel_level_change,3745.0,,116.0,,
StationTank,fuel_level_change,fuel_level_change,3746.0,,116.0,,
StationTank,fuel_level_change,fuel_level_change,3747.0,,116.0,,
Car 66,resource_use_end,payment_ends,3748.0,1.0,,7.0,50.0
Car 66,resource_use,pumping_begins,3748.0,1.0,,7.0,50.0
StationTank,fuel_level_change,fuel_level_change,3748.0,,116.0,,
StationTank,fuel_level_change,fuel_level_change,3749.0,,116.0,,
StationTank,fuel_level_change,fuel_level_change,3750.0,,116.0,,
StationTank,fuel_level_change,fuel_level_change,3751.0,,116.0,,
StationTank,fuel_level_change,fuel_level_change,3752.0,,116.0,,
StationTank,fuel_level_change,fuel_level_change,3753.0,,116.0,,
StationTank,fuel_level_change,fuel_level_change,3754.0,,116.0,,
StationTank,fuel_level_change,fuel_level_change,3755.0,,116.0,,
StationTank,fuel_level_change,fuel_level_change,3756.0,,116.0,,
StationTank,fuel_level_change,fuel_level_change,3757.0,,116.0,,
StationTank,fuel_level_change,fuel_level_change,3758.0,,116.0,,
StationTank,fuel_level_change,fuel_level_change,3759.0,,116.0,,
StationTank,fuel_level_change,fuel_level_change,3760.0,,116.0,,
StationTank,fuel_level_change,fuel_level_change,3761.0,,116.0,,
StationTank,fuel_level_change,fuel_level_change,3762.0,,116.0,,
StationTank,fuel_level_change,fuel_level_change,3763.0,,116.0,,
StationTank,fuel_level_change,fuel_level_change,3764.0,,116.0,,
StationTank,fuel_level_change,fuel_level_change,3765.0,,116.0,,
StationTank,fuel_level_change,fuel_level_change,3766.0,,116.0,,
StationTank,fuel_level_change,fuel_level_change,3767.0,,116.0,,
StationTank,fuel_level_change,fuel_level_change,3768.0,,116.0,,
StationTank,fuel_level_change,fuel_level_change,3769.0,,116.0,,
StationTank,fuel_level_change,fuel_level_change,3770.0,,116.0,,
StationTank,fuel_level_change,fuel_level_change,3771.0,,116.0,,
StationTank,fuel_level_change,fuel_level_change,3772.0,,116.0,,
StationTank,fuel_level_change,fuel_level_change,3773.0,,116.0,,
StationTank,fuel_level_change,fuel_level_change,3774.0,,116.0,,
StationTank,fuel_level_change,fuel_level_change,3775.0,,116.0,,
StationTank,fuel_level_change,fuel_level_change,3776.0,,116.0,,
StationTank,fuel_level_change,fuel_level_change,3777.0,,116.0,,
StationTank,fuel_level_change,fuel_level_change,3778.0,,116.0,,
StationTank,fuel_level_change,fuel_level_change,3779.0,,116.0,,
StationTank,fuel_level_change,fuel_level_change,3780.0,,116.0,,
StationTank,fuel_level_change,fuel_level_change,3781.0,,116.0,,
Car 67,resource_use_end,pumping_ends,3782.0,2.0,,9.0,50.0
Car 67,arrival_departure,depart,3782.0,,,,
StationTank,fuel_level_change,fuel_level_change,3782.0,,116.0,,
Car 68,resource_use,payment_begins,3782.0,2.0,,22.0,50.0
StationTank,fuel_level_change,fuel_level_change,3783.0,,88.0,,
StationTank,fuel_level_change,fuel_level_change,3784.0,,88.0,,
StationTank,fuel_level_change,fuel_level_change,3785.0,,88.0,,
StationTank,fuel_level_change,fuel_level_change,3786.0,,88.0,,
StationTank,fuel_level_change,fuel_level_change,3787.0,,88.0,,
StationTank,fuel_level_change,fuel_level_change,3788.0,,88.0,,
StationTank,fuel_level_change,fuel_level_change,3789.0,,88.0,,
StationTank,fuel_level_change,fuel_level_change,3790.0,,88.0,,
Car 66,resource_use_end,pumping_ends,3791.0,1.0,,7.0,50.0
Car 66,arrival_departure,depart,3791.0,,,,
StationTank,fuel_level_change,fuel_level_change,3791.0,,88.0,,
Car 69,resource_use,payment_begins,3791.0,1.0,,24.0,50.0
Car 72,arrival_departure,arrival,3792.0,,,,
Car 72,queue,pump_queue_wait_begins,3792.0,,,19.0,50.0
StationTank,fuel_level_change,fuel_level_change,3792.0,,62.0,,
StationTank,fuel_level_change,fuel_level_change,3793.0,,62.0,,
StationTank,fuel_level_change,fuel_level_change,3794.0,,62.0,,
StationTank,fuel_level_change,fuel_level_change,3795.0,,62.0,,
StationTank,fuel_level_change,fuel_level_change,3796.0,,62.0,,
StationTank,fuel_level_change,fuel_level_change,3797.0,,62.0,,
StationTank,fuel_level_change,fuel_level_change,3798.0,,62.0,,
StationTank,fuel_level_change,fuel_level_change,3799.0,,62.0,,
StationTank,fuel_level_change,fuel_level_change,3800.0,,62.0,,
StationTank,fuel_level_change,fuel_level_change,3801.0,,62.0,,
StationTank,fuel_level_change,fuel_level_change,3802.0,,62.0,,
StationTank,fuel_level_change,fuel_level_change,3803.0,,62.0,,
StationTank,fuel_level_change,fuel_level_change,3804.0,,62.0,,
StationTank,fuel_level_change,fuel_level_change,3805.0,,62.0,,
StationTank,fuel_level_change,fuel_level_change,3806.0,,62.0,,
StationTank,fuel_level_change,fuel_level_change,3807.0,,62.0,,
StationTank,fuel_level_change,fuel_level_change,3808.0,,62.0,,
StationTank,fuel_level_change,fuel_level_change,3809.0,,62.0,,
StationTank,fuel_level_change,fuel_level_change,3810.0,,62.0,,
StationTank,fuel_level_change,fuel_level_change,3811.0,,62.0,,
StationTank,fuel_level_change,fuel_level_change,3812.0,,62.0,,
StationTank,fuel_level_change,fuel_level_change,3813.0,,62.0,,
StationTank,fuel_level_change,fuel_level_change,3814.0,,62.0,,
StationTank,fuel_level_change,fuel_level_change,3815.0,,62.0,,
StationTank,fuel_level_change,fuel_level_change,3816.0,,62.0,,
StationTank,fuel_level_change,fuel_level_change,3817.0,,62.0,,
StationTank,fuel_level_change,fuel_level_change,3818.0,,62.0,,
StationTank,fuel_level_change,fuel_level_change,3819.0,,62.0,,
StationTank,fuel_level_change,fuel_level_change,3820.0,,62.0,,
StationTank,fuel_level_change,fuel_level_change,3821.0,,62.0,,
StationTank,fuel_level_change,fuel_level_change,3822.0,,62.0,,
StationTank,fuel_level_change,fuel_level_change,3823.0,,62.0,,
StationTank,fuel_level_change,fuel_level_change,3824.0,,62.0,,
StationTank,fuel_level_change,fuel_level_change,3825.0,,62.0,,
StationTank,fuel_level_change,fuel_level_change,3826.0,,62.0,,
StationTank,fuel_level_change,fuel_level_change,3827.0,,62.0,,
StationTank,fuel_level_change,fuel_level_change,3828.0,,62.0,,
StationTank,fuel_level_change,fuel_level_change,3829.0,,62.0,,
StationTank,fuel_level_change,fuel_level_change,3830.0,,62.0,,
StationTank,fuel_level_change,fuel_level_change,3831.0,,62.0,,
StationTank,fuel_level_change,fuel_level_change,3832.0,,62.0,,
StationTank,fuel_level_change,fuel_level_change,3833.0,,62.0,,
StationTank,fuel_level_change,fuel_level_change,3834.0,,62.0,,
Car 68,resource_use_end,payment_ends,3835.0,2.0,,22.0,50.0
Car 68,resource_use,pumping_begins,3835.0,2.0,,22.0,50.0
StationTank,fuel_level_change,fuel_level_change,3835.0,,62.0,,
StationTank,fuel_level_change,fuel_level_change,3836.0,,62.0,,
StationTank,fuel_level_change,fuel_level_change,3837.0,,62.0,,
StationTank,fuel_level_change,fuel_level_change,3838.0,,62.0,,
StationTank,fuel_level_change,fuel_level_change,3839.0,,62.0,,
StationTank,fuel_level_change,fuel_level_change,3840.0,,62.0,,
StationTank,fuel_level_change,fuel_level_change,3841.0,,62.0,,
StationTank,fuel_level_change,fuel_level_change,3842.0,,62.0,,
StationTank,fuel_level_change,fuel_level_change,3843.0,,62.0,,
StationTank,fuel_level_change,fuel_level_change,3844.0,,62.0,,
StationTank,fuel_level_change,fuel_level_change,3845.0,,62.0,,
StationTank,fuel_level_change,fuel_level_change,3846.0,,62.0,,
StationTank,fuel_level_change,fuel_level_change,3847.0,,62.0,,
StationTank,fuel_level_change,fuel_level_change,3848.0,,62.0,,
Car 69,resource_use_end,payment_ends,3849.0,1.0,,24.0,50.0
Car 69,resource_use,pumping_begins,3849.0,1.0,,24.0,50.0
StationTank,fuel_level_change,fuel_level_change,3849.0,,62.0,,
StationTank,fuel_level_change,fuel_level_change,3850.0,,62.0,,
StationTank,fuel_level_change,fuel_level_change,3851.0,,62.0,,
StationTank,fuel_level_change,fuel_level_change,3852.0,,62.0,,
StationTank,fuel_level_change,fuel_level_change,3853.0,,62.0,,
StationTank,fuel_level_change,fuel_level_change,3854.0,,62.0,,
StationTank,fuel_level_change,fuel_level_change,3855.0,,62.0,,
StationTank,fuel_level_change,fuel_level_change,3856.0,,62.0,,
StationTank,fuel_level_change,fuel_level_change,3857.0,,62.0,,
StationTank,fuel_level_change,fuel_level_change,3858.0,,62.0,,
StationTank,fuel_level_change,fuel_level_change,3859.0,,62.0,,
StationTank,fuel_level_change,fuel_level_change,3860.0,,62.0,,
StationTank,fuel_level_change,fuel_level_change,3861.0,,62.0,,
StationTank,fuel_level_change,fuel_level_change,3862.0,,62.0,,
Car 68,resource_use_end,pumping_ends,3863.0,2.0,,22.0,50.0
Car 68,arrival_departure,depart,3863.0,,,,
StationTank,fuel_level_change,fuel_level_change,3863.0,,62.0,,
Car 70,resource_use,payment_begins,3863.0,2.0,,11.0,50.0
StationTank,fuel_level_change,fuel_level_change,3864.0,,23.0,,
StationTank,fuel_level_change,fuel_level_change,3865.0,,23.0,,
StationTank,fuel_level_change,fuel_level_change,3866.0,,23.0,,
StationTank,fuel_level_change,fuel_level_change,3867.0,,23.0,,
StationTank,fuel_level_change,fuel_level_change,3868.0,,23.0,,
StationTank,fuel_level_change,fuel_level_change,3869.0,,23.0,,
StationTank,fuel_level_change,fuel_level_change,3870.0,,23.0,,
StationTank,fuel_level_change,fuel_level_change,3871.0,,23.0,,
StationTank,fuel_level_change,fuel_level_change,3872.0,,23.0,,
Car 73,arrival_departure,arrival,3873.0,,,,
Car 73,queue,pump_queue_wait_begins,3873.0,,,12.0,50.0
StationTank,fuel_level_change,fuel_level_change,3873.0,,23.0,,
StationTank,fuel_level_change,fuel_level_change,3874.0,,23.0,,
Car 69,resource_use_end,pumping_ends,3875.0,1.0,,24.0,50.0
Car 69,arrival_departure,depart,3875.0,,,,
StationTank,fuel_level_change,fuel_level_change,3875.0,,23.0,,
StationTank,fuel_level_change,fuel_level_change,3876.0,,23.0,,
StationTank,fuel_level_change,fuel_level_change,3877.0,,23.0,,
StationTank,fuel_level_change,fuel_level_change,3878.0,,23.0,,
StationTank,fuel_level_change,fuel_level_change,3879.0,,23.0,,
StationTank,fuel_level_change,fuel_level_change,3880.0,,23.0,,
StationTank,fuel_level_change,fuel_level_change,3881.0,,23.0,,
StationTank,fuel_level_change,fuel_level_change,3882.0,,23.0,,
StationTank,fuel_level_change,fuel_level_change,3883.0,,23.0,,
StationTank,fuel_level_change,fuel_level_change,3884.0,,23.0,,
StationTank,fuel_level_change,fuel_level_change,3885.0,,23.0,,
StationTank,fuel_level_change,fuel_level_change,3886.0,,23.0,,
StationTank,fuel_level_change,fuel_level_change,3887.0,,23.0,,
StationTank,fuel_level_change,fuel_level_change,3888.0,,23.0,,
StationTank,fuel_level_change,fuel_level_change,3889.0,,23.0,,
StationTank,fuel_level_change,fuel_level_change,3890.0,,23.0,,
StationTank,fuel_level_change,fuel_level_change,3891.0,,23.0,,
StationTank,fuel_level_change,fuel_level_change,3892.0,,23.0,,
StationTank,fuel_level_change,fuel_level_change,3893.0,,23.0,,
StationTank,fuel_level_change,fuel_level_change,3894.0,,23.0,,
StationTank,fuel_level_change,fuel_level_change,3895.0,,23.0,,
StationTank,fuel_level_change,fuel_level_change,3896.0,,23.0,,
StationTank,fuel_level_change,fuel_level_change,3897.0,,23.0,,
StationTank,fuel_level_change,fuel_level_change,3898.0,,23.0,,
StationTank,fuel_level_change,fuel_level_change,3899.0,,23.0,,
Car 70,resource_use_end,payment_ends,3900.0,2.0,,11.0,50.0
Car 70,resource_use,pumping_begins,3900.0,2.0,,11.0,50.0
StationTank,fuel_level_change,fuel_level_change,3900.0,,23.0,,
StationTank,fuel_level_change,fuel_level_change,3901.0,,23.0,,
StationTank,fuel_level_change,fuel_level_change,3902.0,,23.0,,
StationTank,fuel_level_change,fuel_level_change,3903.0,,23.0,,
StationTank,fuel_level_change,fuel_level_change,3904.0,,23.0,,
StationTank,fuel_level_change,fuel_level_change,3905.0,,23.0,,
StationTank,fuel_level_change,fuel_level_change,3906.0,,23.0,,
StationTank,fuel_level_change,fuel_level_change,3907.0,,23.0,,
StationTank,fuel_level_change,fuel_level_change,3908.0,,23.0,,
StationTank,fuel_level_change,fuel_level_change,3909.0,,23.0,,
StationTank,fuel_level_change,fuel_level_change,3910.0,,23.0,,
StationTank,fuel_level_change,fuel_level_change,3911.0,,23.0,,
StationTank,fuel_level_change,fuel_level_change,3912.0,,23.0,,
StationTank,fuel_level_change,fuel_level_change,3913.0,,23.0,,
StationTank,fuel_level_change,fuel_level_change,3914.0,,23.0,,
StationTank,fuel_level_change,fuel_level_change,3915.0,,23.0,,
StationTank,fuel_level_change,fuel_level_change,3916.0,,23.0,,
StationTank,fuel_level_change,fuel_level_change,3917.0,,23.0,,
StationTank,fuel_level_change,fuel_level_change,3918.0,,23.0,,
Car 74,arrival_departure,arrival,3919.0,,,,
Car 74,queue,pump_queue_wait_begins,3919.0,,,15.0,50.0
StationTank,fuel_level_change,fuel_level_change,3919.0,,23.0,,
StationTank,fuel_level_change,fuel_level_change,3920.0,,23.0,,
StationTank,fuel_level_change,fuel_level_change,3921.0,,23.0,,
StationTank,fuel_level_change,fuel_level_change,3922.0,,23.0,,
StationTank,fuel_level_change,fuel_level_change,3923.0,,23.0,,
StationTank,fuel_level_change,fuel_level_change,3924.0,,23.0,,
StationTank,fuel_level_change,fuel_level_change,3925.0,,23.0,,
StationTank,fuel_level_change,fuel_level_change,3926.0,,23.0,,
StationTank,fuel_level_change,fuel_level_change,3927.0,,23.0,,
StationTank,fuel_level_change,fuel_level_change,3928.0,,23.0,,
StationTank,fuel_level_change,fuel_level_change,3929.0,,23.0,,
StationTank,fuel_level_change,fuel_level_change,3930.0,,23.0,,
StationTank,fuel_level_change,fuel_level_change,3931.0,,23.0,,
StationTank,fuel_level_change,fuel_level_change,3932.0,,23.0,,
StationTank,fuel_level_change,fuel_level_change,3933.0,,23.0,,
StationTank,fuel_level_change,fuel_level_change,3934.0,,23.0,,
StationTank,fuel_level_change,fuel_level_change,3935.0,,23.0,,
StationTank,fuel_level_change,fuel_level_change,3936.0,,23.0,,
StationTank,fuel_level_change,fuel_level_change,3937.0,,23.0,,
StationTank,fuel_level_change,fuel_level_change,3938.0,,23.0,,
Car 70,resource_use_end,pumping_ends,3939.0,2.0,,11.0,50.0
Car 70,arrival_departure,depart,3939.0,,,,
StationTank,fuel_level_change,fuel_level_change,3939.0,,23.0,,
StationTank,fuel_level_change,fuel_level_change,3940.0,,23.0,,
StationTank,fuel_level_change,fuel_level_change,3941.0,,23.0,,
Car 75,arrival_departure,arrival,3942.0,,,,
Car 75,queue,pump_queue_wait_begins,3942.0,,,23.0,50.0
StationTank,fuel_level_change,fuel_level_change,3942.0,,23.0,,
StationTank,fuel_level_change,fuel_level_change,3943.0,,23.0,,
StationTank,fuel_level_change,fuel_level_change,3944.0,,23.0,,
StationTank,fuel_level_change,fuel_level_change,3945.0,,23.0,,
StationTank,fuel_level_change,fuel_level_change,3946.0,,23.0,,
StationTank,fuel_level_change,fuel_level_change,3947.0,,23.0,,
StationTank,fuel_level_change,fuel_level_change,3948.0,,23.0,,
StationTank,fuel_level_change,fuel_level_change,3949.0,,23.0,,
StationTank,fuel_level_change,fuel_level_change,3950.0,,23.0,,
StationTank,fuel_level_change,fuel_level_change,3951.0,,23.0,,
StationTank,fuel_level_change,fuel_level_change,3952.0,,23.0,,
StationTank,fuel_level_change,fuel_level_change,3953.0,,23.0,,
StationTank,fuel_level_change,fuel_level_change,3954.0,,23.0,,
StationTank,fuel_level_change,fuel_level_change,3955.0,,23.0,,
StationTank,fuel_level_change,fuel_level_change,3956.0,,23.0,,
StationTank,fuel_level_change,fuel_level_change,3957.0,,23.0,,
StationTank,fuel_level_change,fuel_level_change,3958.0,,23.0,,
Car 76,arrival_departure,arrival,3959.0,,,,
Car 76,queue,pump_queue_wait_begins,3959.0,,,12.0,50.0
StationTank,fuel_level_change,fuel_level_change,3959.0,,23.0,,
StationTank,fuel_level_change,fuel_level_change,3960.0,,23.0,,
StationTank,fuel_level_change,fuel_level_change,3961.0,,23.0,,
StationTank,fuel_level_change,fuel_level_change,3962.0,,23.0,,
StationTank,fuel_level_change,fuel_level_change,3963.0,,23.0,,
StationTank,fuel_level_change,fuel_level_change,3964.0,,23.0,,
StationTank,fuel_level_change,fuel_level_change,3965.0,,23.0,,
StationTank,fuel_level_change,fuel_level_change,3966.0,,23.0,,
StationTank,fuel_level_change,fuel_level_change,3967.0,,23.0,,
StationTank,fuel_level_change,fuel_level_change,3968.0,,23.0,,
StationTank,fuel_level_change,fuel_level_change,3969.0,,23.0,,
StationTank,fuel_level_change,fuel_level_change,3970.0,,23.0,,
StationTank,fuel_level_change,fuel_level_change,3971.0,,23.0,,
StationTank,fuel_level_change,fuel_level_change,3972.0,,23.0,,
StationTank,fuel_level_change,fuel_level_change,3973.0,,23.0,,
StationTank,fuel_level_change,fuel_level_change,3974.0,,23.0,,
StationTank,fuel_level_change,fuel_level_change,3975.0,,23.0,,
StationTank,fuel_level_change,fuel_level_change,3976.0,,23.0,,
StationTank,fuel_level_change,fuel_level_change,3977.0,,23.0,,
StationTank,fuel_level_change,fuel_level_change,3978.0,,23.0,,
StationTank,fuel_level_change,fuel_level_change,3979.0,,23.0,,
StationTank,fuel_level_change,fuel_level_change,3980.0,,23.0,,
StationTank,fuel_level_change,fuel_level_change,3981.0,,23.0,,
StationTank,fuel_level_change,fuel_level_change,3982.0,,23.0,,
StationTank,fuel_level_change,fuel_level_change,3983.0,,23.0,,
StationTank,fuel_level_change,fuel_level_change,3984.0,,23.0,,
StationTank,fuel_level_change,fuel_level_change,3985.0,,23.0,,
StationTank,fuel_level_change,fuel_level_change,3986.0,,23.0,,
StationTank,fuel_level_change,fuel_level_change,3987.0,,23.0,,
StationTank,fuel_level_change,fuel_level_change,3988.0,,23.0,,
StationTank,fuel_level_change,fuel_level_change,3989.0,,23.0,,
StationTank,fuel_level_change,fuel_level_change,3990.0,,23.0,,
StationTank,fuel_level_change,fuel_level_change,3991.0,,23.0,,
StationTank,fuel_level_change,fuel_level_change,3992.0,,23.0,,
StationTank,fuel_level_change,fuel_level_change,3993.0,,23.0,,
StationTank,fuel_level_change,fuel_level_change,3994.0,,23.0,,
StationTank,fuel_level_change,fuel_level_change,3995.0,,23.0,,
StationTank,fuel_level_change,fuel_level_change,3996.0,,23.0,,
StationTank,fuel_level_change,fuel_level_change,3997.0,,23.0,,
StationTank,fuel_level_change,fuel_level_change,3998.0,,23.0,,
StationTank,fuel_level_change,fuel_level_change,3999.0,,23.0,,
StationTank,fuel_level_change,fuel_level_change,4000.0,,23.0,,
StationTank,fuel_level_change,fuel_level_change,4001.0,,23.0,,
StationTank,fuel_level_change,fuel_level_change,4002.0,,23.0,,
StationTank,fuel_level_change,fuel_level_change,4003.0,,23.0,,
StationTank,fuel_level_change,fuel_level_change,4004.0,,23.0,,
StationTank,fuel_level_change,fuel_level_change,4005.0,,23.0,,
StationTank,fuel_level_change,fuel_level_change,4006.0,,23.0,,
StationTank,fuel_level_change,fuel_level_change,4007.0,,23.0,,
StationTank,fuel_level_change,fuel_level_change,4008.0,,23.0,,
StationTank,fuel_level_change,fuel_level_change,4009.0,,23.0,,
StationTank,fuel_level_change,fuel_level_change,4010.0,,23.0,,
StationTank,fuel_level_change,fuel_level_change,4011.0,,23.0,,
StationTank,fuel_level_change,fuel_level_change,4012.0,,23.0,,
StationTank,fuel_level_change,fuel_level_change,4013.0,,23.0,,
StationTank,fuel_level_change,fuel_level_change,4014.0,,23.0,,
StationTank,fuel_level_change,fuel_level_change,4015.0,,23.0,,
StationTank,fuel_level_change,fuel_level_change,4016.0,,23.0,,
StationTank,fuel_level_change,fuel_level_change,4017.0,,23.0,,
StationTank,fuel_level_change,fuel_level_change,4018.0,,23.0,,
StationTank,fuel_level_change,fuel_level_change,4019.0,,23.0,,
StationTank,fuel_level_change,fuel_level_change,4020.0,,23.0,,
StationTank,fuel_level_change,fuel_level_change,4021.0,,23.0,,
StationTank,fuel_level_change,fuel_level_change,4022.0,,23.0,,
StationTank,fuel_level_change,fuel_level_change,4023.0,,23.0,,
StationTank,fuel_level_change,fuel_level_change,4024.0,,23.0,,
StationTank,fuel_level_change,fuel_level_change,4025.0,,23.0,,
StationTank,fuel_level_change,fuel_level_change,4026.0,,23.0,,
StationTank,fuel_level_change,fuel_level_change,4027.0,,23.0,,
StationTank,fuel_level_change,fuel_level_change,4028.0,,23.0,,
StationTank,fuel_level_change,fuel_level_change,4029.0,,23.0,,
StationTank,fuel_level_change,fuel_level_change,4030.0,,23.0,,
StationTank,fuel_level_change,fuel_level_change,4031.0,,23.0,,
StationTank,fuel_level_change,fuel_level_change,4032.0,,23.0,,
Call 3,arrival_departure,depart,4033.0,,,,
Truck 3,arrival_departure,arrival,4033.0,,,,
Truck 3,queue,refuelling,4033.0,,,,
StationTank,fuel_level_change,fuel_level_change,4033.0,,23.0,,
StationTank,fuel_level_change,fuel_level_change,4034.0,,33.0,,
Car 71,resource_use,payment_begins,4034.0,1.0,,25.0,50.0
StationTank,fuel_level_change,fuel_level_change,4035.0,,18.0,,
StationTank,fuel_level_change,fuel_level_change,4036.0,,28.0,,
StationTank,fuel_level_change,fuel_level_change,4037.0,,38.0,,
Car 72,resource_use,payment_begins,4037.0,2.0,,19.0,50.0
StationTank,fuel_level_change,fuel_level_change,4038.0,,17.0,,
StationTank,fuel_level_change,fuel_level_change,4039.0,,27.0,,
StationTank,fuel_level_change,fuel_level_change,4040.0,,37.0,,
StationTank,fuel_level_change,fuel_level_change,4041.0,,47.0,,
StationTank,fuel_level_change,fuel_level_change,4042.0,,57.0,,
StationTank,fuel_level_change,fuel_level_change,4043.0,,67.0,,
Car 77,arrival_departure,arrival,4044.0,,,,
Car 77,queue,pump_queue_wait_begins,4044.0,,,7.0,50.0
StationTank,fuel_level_change,fuel_level_change,4044.0,,77.0,,
StationTank,fuel_level_change,fuel_level_change,4045.0,,87.0,,
StationTank,fuel_level_change,fuel_level_change,4046.0,,97.0,,
StationTank,fuel_level_change,fuel_level_change,4047.0,,107.0,,
StationTank,fuel_level_change,fuel_level_change,4048.0,,117.0,,
StationTank,fuel_level_change,fuel_level_change,4049.0,,127.0,,
StationTank,fuel_level_change,fuel_level_change,4050.0,,137.0,,
StationTank,fuel_level_change,fuel_level_change,4051.0,,147.0,,
StationTank,fuel_level_change,fuel_level_change,4052.0,,157.0,,
StationTank,fuel_level_change,fuel_level_change,4053.0,,167.0,,
StationTank,fuel_level_change,fuel_level_change,4054.0,,177.0,,
StationTank,fuel_level_change,fuel_level_change,4055.0,,187.0,,
StationTank,fuel_level_change,fuel_level_change,4056.0,,197.0,,
StationTank,fuel_level_change,fuel_level_change,4057.0,,207.0,,
StationTank,fuel_level_change,fuel_level_change,4058.0,,217.0,,
Car 78,arrival_departure,arrival,4059.0,,,,
Car 78,queue,pump_queue_wait_begins,4059.0,,,12.0,50.0
StationTank,fuel_level_change,fuel_level_change,4059.0,,227.0,,
StationTank,fuel_level_change,fuel_level_change,4060.0,,237.0,,
StationTank,fuel_level_change,fuel_level_change,4061.0,,247.0,,
StationTank,fuel_level_change,fuel_level_change,4062.0,,257.0,,
StationTank,fuel_level_change,fuel_level_change,4063.0,,267.0,,
StationTank,fuel_level_change,fuel_level_change,4064.0,,277.0,,
StationTank,fuel_level_change,fuel_level_change,4065.0,,287.0,,
StationTank,fuel_level_change,fuel_level_change,4066.0,,297.0,,
StationTank,fuel_level_change,fuel_level_change,4067.0,,307.0,,
StationTank,fuel_level_change,fuel_level_change,4068.0,,317.0,,
StationTank,fuel_level_change,fuel_level_change,4069.0,,327.0,,
StationTank,fuel_level_change,fuel_level_change,4070.0,,337.0,,
StationTank,fuel_level_change,fuel_level_change,4071.0,,347.0,,
StationTank,fuel_level_change,fuel_level_change,4072.0,,357.0,,
StationTank,fuel_level_change,fuel_level_change,4073.0,,367.0,,
StationTank,fuel_level_change,fuel_level_change,4074.0,,377.0,,
StationTank,fuel_level_change,fuel_level_change,4075.0,,387.0,,
StationTank,fuel_level_change,fuel_level_change,4076.0,,397.0,,
StationTank,fuel_level_change,fuel_level_change,4077.0,,407.0,,
StationTank,fuel_level_change,fuel_level_change,4078.0,,417.0,,
StationTank,fuel_level_change,fuel_level_change,4079.0,,427.0,,
StationTank,fuel_level_change,fuel_level_change,4080.0,,437.0,,
Car 72,resource_use_end,payment_ends,4081.0,2.0,,19.0,50.0
Car 72,resource_use,pumping_begins,4081.0,2.0,,19.0,50.0
Car 79,arrival_departure,arrival,4081.0,,,,
Car 79,queue,pump_queue_wait_begins,4081.0,,,6.0,50.0
StationTank,fuel_level_change,fuel_level_change,4081.0,,447.0,,
StationTank,fuel_level_change,fuel_level_change,4082.0,,457.0,,
StationTank,fuel_level_change,fuel_level_change,4083.0,,467.0,,
StationTank,fuel_level_change,fuel_level_change,4084.0,,477.0,,
StationTank,fuel_level_change,fuel_level_change,4085.0,,487.0,,
StationTank,fuel_level_change,fuel_level_change,4086.0,,497.0,,
StationTank,fuel_level_change,fuel_level_change,4087.0,,507.0,,
StationTank,fuel_level_change,fuel_level_change,4088.0,,517.0,,
StationTank,fuel_level_change,fuel_level_change,4089.0,,527.0,,
StationTank,fuel_level_change,fuel_level_change,4090.0,,537.0,,
StationTank,fuel_level_change,fuel_level_change,4091.0,,547.0,,
StationTank,fuel_level_change,fuel_level_change,4092.0,,557.0,,
StationTank,fuel_level_change,fuel_level_change,4093.0,,567.0,,
StationTank,fuel_level_change,fuel_level_change,4094.0,,577.0,,
StationTank,fuel_level_change,fuel_level_change,4095.0,,587.0,,
Truck 3,arrival_departure,depart,4096.0,,,,
StationTank,fuel_level_change,fuel_level_change,4096.0,,597.0,,
StationTank,fuel_level_change,fuel_level_change,4097.0,,597.0,,
StationTank,fuel_level_change,fuel_level_change,4098.0,,597.0,,
StationTank,fuel_level_change,fuel_level_change,4099.0,,597.0,,
StationTank,fuel_level_change,fuel_level_change,4100.0,,597.0,,
Car 71,resource_use_end,payment_ends,4101.0,1.0,,25.0,50.0
Car 71,resource_use,pumping_begins,4101.0,1.0,,25.0,50.0
StationTank,fuel_level_change,fuel_level_change,4101.0,,597.0,,
StationTank,fuel_level_change,fuel_level_change,4102.0,,597.0,,
StationTank,fuel_level_change,fuel_level_change,4103.0,,597.0,,
Car 80,arrival_departure,arrival,4104.0,,,,
Car 80,queue,pump_queue_wait_begins,4104.0,,,7.0,50.0
StationTank,fuel_level_change,fuel_level_change,4104.0,,597.0,,
StationTank,fuel_level_change,fuel_level_change,4105.0,,597.0,,
StationTank,fuel_level_change,fuel_level_change,4106.0,,597.0,,
StationTank,fuel_level_change,fuel_level_change,4107.0,,597.0,,
StationTank,fuel_level_change,fuel_level_change,4108.0,,597.0,,
StationTank,fuel_level_change,fuel_level_change,4109.0,,597.0,,
StationTank,fuel_level_change,fuel_level_change,4110.0,,597.0,,
StationTank,fuel_level_change,fuel_level_change,4111.0,,597.0,,
Car 72,resource_use_end,pumping_ends,4112.0,2.0,,19.0,50.0
Car 72,arrival_departure,depart,4112.0,,,,
StationTank,fuel_level_change,fuel_level_change,4112.0,,597.0,,
Car 73,resource_use,payment_begins,4112.0,2.0,,12.0,50.0
StationTank,fuel_level_change,fuel_level_change,4113.0,,559.0,,
StationTank,fuel_level_change,fuel_level_change,4114.0,,559.0,,
StationTank,fuel_level_change,fuel_level_change,4115.0,,559.0,,
StationTank,fuel_level_change,fuel_level_change,4116.0,,559.0,,
StationTank,fuel_level_change,fuel_level_change,4117.0,,559.0,,
StationTank,fuel_level_change,fuel_level_change,4118.0,,559.0,,
StationTank,fuel_level_change,fuel_level_change,4119.0,,559.0,,
StationTank,fuel_level_change,fuel_level_change,4120.0,,559.0,,
StationTank,fuel_level_change,fuel_level_change,4121.0,,559.0,,
StationTank,fuel_level_change,fuel_level_change,4122.0,,559.0,,
StationTank,fuel_level_change,fuel_level_change,4123.0,,559.0,,
StationTank,fuel_level_change,fuel_level_change,4124.0,,559.0,,
StationTank,fuel_level_change,fuel_level_change,4125.0,,559.0,,
Car 71,resource_use_end,pumping_ends,4126.0,1.0,,25.0,50.0
Car 71,arrival_departure,depart,4126.0,,,,
StationTank,fuel_level_change,fuel_level_change,4126.0,,559.0,,
Car 74,resource_use,payment_begins,4126.0,1.0,,15.0,50.0
StationTank,fuel_level_change,fuel_level_change,4127.0,,524.0,,
StationTank,fuel_level_change,fuel_level_change,4128.0,,524.0,,
StationTank,fuel_level_change,fuel_level_change,4129.0,,524.0,,
StationTank,fuel_level_change,fuel_level_change,4130.0,,524.0,,
StationTank,fuel_level_change,fuel_level_change,4131.0,,524.0,,
StationTank,fuel_level_change,fuel_level_change,4132.0,,524.0,,
StationTank,fuel_level_change,fuel_level_change,4133.0,,524.0,,
StationTank,fuel_level_change,fuel_level_change,4134.0,,524.0,,
StationTank,fuel_level_change,fuel_level_change,4135.0,,524.0,,
StationTank,fuel_level_change,fuel_level_change,4136.0,,524.0,,
StationTank,fuel_level_change,fuel_level_change,4137.0,,524.0,,
StationTank,fuel_level_change,fuel_level_change,4138.0,,524.0,,
StationTank,fuel_level_change,fuel_level_change,4139.0,,524.0,,
StationTank,fuel_level_change,fuel_level_change,4140.0,,524.0,,
StationTank,fuel_level_change,fuel_level_change,4141.0,,524.0,,
StationTank,fuel_level_change,fuel_level_change,4142.0,,524.0,,
StationTank,fuel_level_change,fuel_level_change,4143.0,,524.0,,
StationTank,fuel_level_change,fuel_level_change,4144.0,,524.0,,
StationTank,fuel_level_change,fuel_level_change,4145.0,,524.0,,
StationTank,fuel_level_change,fuel_level_change,4146.0,,524.0,,
StationTank,fuel_level_change,fuel_level_change,4147.0,,524.0,,
StationTank,fuel_level_change,fuel_level_change,4148.0,,524.0,,
StationTank,fuel_level_change,fuel_level_change,4149.0,,524.0,,
StationTank,fuel_level_change,fuel_level_change,4150.0,,524.0,,
StationTank,fuel_level_change,fuel_level_change,4151.0,,524.0,,
StationTank,fuel_level_change,fuel_level_change,4152.0,,524.0,,
StationTank,fuel_level_change,fuel_level_change,4153.0,,524.0,,
StationTank,fuel_level_change,fuel_level_change,4154.0,,524.0,,
StationTank,fuel_level_change,fuel_level_change,4155.0,,524.0,,
StationTank,fuel_level_change,fuel_level_change,4156.0,,524.0,,
StationTank,fuel_level_change,fuel_level_change,4157.0,,524.0,,
StationTank,fuel_level_change,fuel_level_change,4158.0,,524.0,,
StationTank,fuel_level_change,fuel_level_change,4159.0,,524.0,,
StationTank,fuel_level_change,fuel_level_change,4160.0,,524.0,,
Car 81,arrival_departure,arrival,4161.0,,,,
Car 81,queue,pump_queue_wait_begins,4161.0,,,20.0,50.0
StationTank,fuel_level_change,fuel_level_change,4161.0,,524.0,,
StationTank,fuel_level_change,fuel_level_change,4162.0,,524.0,,
StationTank,fuel_level_change,fuel_level_change,4163.0,,524.0,,
StationTank,fuel_level_change,fuel_level_change,4164.0,,524.0,,
StationTank,fuel_level_change,fuel_level_change,4165.0,,524.0,,
StationTank,fuel_level_change,fuel_level_change,4166.0,,524.0,,
StationTank,fuel_level_change,fuel_level_change,4167.0,,524.0,,
StationTank,fuel_level_change,fuel_level_change,4168.0,,524.0,,
StationTank,fuel_level_change,fuel_level_change,4169.0,,524.0,,
StationTank,fuel_level_change,fuel_level_change,4170.0,,524.0,,
Car 74,resource_use_end,payment_ends,4171.0,1.0,,15.0,50.0
Car 74,resource_use,pumping_begins,4171.0,1.0,,15.0,50.0
StationTank,fuel_level_change,fuel_level_change,4171.0,,524.0,,
StationTank,fuel_level_change,fuel_level_change,4172.0,,524.0,,
StationTank,fuel_level_change,fuel_level_change,4173.0,,524.0,,
Car 73,resource_use_end,payment_ends,4174.0,2.0,,12.0,50.0
Car 73,resource_use,pumping_begins,4174.0,2.0,,12.0,50.0
StationTank,fuel_level_change,fuel_level_change,4174.0,,524.0,,
StationTank,fuel_level_change,fuel_level_change,4175.0,,524.0,,
StationTank,fuel_level_change,fuel_level_change,4176.0,,524.0,,
StationTank,fuel_level_change,fuel_level_change,4177.0,,524.0,,
StationTank,fuel_level_change,fuel_level_change,4178.0,,524.0,,
StationTank,fuel_level_change,fuel_level_change,4179.0,,524.0,,
StationTank,fuel_level_change,fuel_level_change,4180.0,,524.0,,
StationTank,fuel_level_change,fuel_level_change,4181.0,,524.0,,
StationTank,fuel_level_change,fuel_level_change,4182.0,,524.0,,
StationTank,fuel_level_change,fuel_level_change,4183.0,,524.0,,
StationTank,fuel_level_change,fuel_level_change,4184.0,,524.0,,
StationTank,fuel_level_change,fuel_level_change,4185.0,,524.0,,
StationTank,fuel_level_change,fuel_level_change,4186.0,,524.0,,
StationTank,fuel_level_change,fuel_level_change,4187.0,,524.0,,
StationTank,fuel_level_change,fuel_level_change,4188.0,,524.0,,
StationTank,fuel_level_change,fuel_level_change,4189.0,,524.0,,
StationTank,fuel_level_change,fuel_level_change,4190.0,,524.0,,
StationTank,fuel_level_change,fuel_level_change,4191.0,,524.0,,
StationTank,fuel_level_change,fuel_level_change,4192.0,,524.0,,
StationTank,fuel_level_change,fuel_level_change,4193.0,,524.0,,
StationTank,fuel_level_change,fuel_level_change,4194.0,,524.0,,
StationTank,fuel_level_change,fuel_level_change,4195.0,,524.0,,
StationTank,fuel_level_change,fuel_level_change,4196.0,,524.0,,
StationTank,fuel_level_change,fuel_level_change,4197.0,,524.0,,
StationTank,fuel_level_change,fuel_level_change,4198.0,,524.0,,
StationTank,fuel_level_change,fuel_level_change,4199.0,,524.0,,
StationTank,fuel_level_change,fuel_level_change,4200.0,,524.0,,
StationTank,fuel_level_change,fuel_level_change,4201.0,,524.0,,
StationTank,fuel_level_change,fuel_level_change,4202.0,,524.0,,
StationTank,fuel_level_change,fuel_level_change,4203.0,,524.0,,
StationTank,fuel_level_change,fuel_level_change,4204.0,,524.0,,
StationTank,fuel_level_change,fuel_level_change,4205.0,,524.0,,
Car 74,resource_use_end,pumping_ends,4206.0,1.0,,15.0,50.0
Car 74,arrival_departure,depart,4206.0,,,,
StationTank,fuel_level_change,fuel_level_change,4206.0,,524.0,,
Car 75,resource_use,payment_begins,4206.0,1.0,,23.0,50.0
StationTank,fuel_level_change,fuel_level_change,4207.0,,497.0,,
StationTank,fuel_level_change,fuel_level_change,4208.0,,497.0,,
StationTank,fuel_level_change,fuel_level_change,4209.0,,497.0,,
StationTank,fuel_level_change,fuel_level_change,4210.0,,497.0,,
Car 82,arrival_departure,arrival,4211.0,,,,
Car 82,queue,pump_queue_wait_begins,4211.0,,,9.0,50.0
StationTank,fuel_level_change,fuel_level_change,4211.0,,497.0,,
Car 73,resource_use_end,pumping_ends,4212.0,2.0,,12.0,50.0
Car 73,arrival_departure,depart,4212.0,,,,
StationTank,fuel_level_change,fuel_level_change,4212.0,,497.0,,
Car 76,resource_use,payment_begins,4212.0,2.0,,12.0,50.0
StationTank,fuel_level_change,fuel_level_change,4213.0,,459.0,,
StationTank,fuel_level_change,fuel_level_change,4214.0,,459.0,,
StationTank,fuel_level_change,fuel_level_change,4215.0,,459.0,,
StationTank,fuel_level_change,fuel_level_change,4216.0,,459.0,,
StationTank,fuel_level_change,fuel_level_change,4217.0,,459.0,,
StationTank,fuel_level_change,fuel_level_change,4218.0,,459.0,,
StationTank,fuel_level_change,fuel_level_change,4219.0,,459.0,,
StationTank,fuel_level_change,fuel_level_change,4220.0,,459.0,,
StationTank,fuel_level_change,fuel_level_change,4221.0,,459.0,,
StationTank,fuel_level_change,fuel_level_change,4222.0,,459.0,,
StationTank,fuel_level_change,fuel_level_change,4223.0,,459.0,,
StationTank,fuel_level_change,fuel_level_change,4224.0,,459.0,,
StationTank,fuel_level_change,fuel_level_change,4225.0,,459.0,,
StationTank,fuel_level_change,fuel_level_change,4226.0,,459.0,,
StationTank,fuel_level_change,fuel_level_change,4227.0,,459.0,,
StationTank,fuel_level_change,fuel_level_change,4228.0,,459.0,,
StationTank,fuel_level_change,fuel_level_change,4229.0,,459.0,,
StationTank,fuel_level_change,fuel_level_change,4230.0,,459.0,,
StationTank,fuel_level_change,fuel_level_change,4231.0,,459.0,,
StationTank,fuel_level_change,fuel_level_change,4232.0,,459.0,,
StationTank,fuel_level_change,fuel_level_change,4233.0,,459.0,,
StationTank,fuel_level_change,fuel_level_change,4234.0,,459.0,,
StationTank,fuel_level_change,fuel_level_change,4235.0,,459.0,,
StationTank,fuel_level_change,fuel_level_change,4236.0,,459.0,,
StationTank,fuel_level_change,fuel_level_change,4237.0,,459.0,,
StationTank,fuel_level_change,fuel_level_change,4238.0,,459.0,,
StationTank,fuel_level_change,fuel_level_change,4239.0,,459.0,,
StationTank,fuel_level_change,fuel_level_change,4240.0,,459.0,,
StationTank,fuel_level_change,fuel_level_change,4241.0,,459.0,,
StationTank,fuel_level_change,fuel_level_change,4242.0,,459.0,,
StationTank,fuel_level_change,fuel_level_change,4243.0,,459.0,,
StationTank,fuel_level_change,fuel_level_change,4244.0,,459.0,,
StationTank,fuel_level_change,fuel_level_change,4245.0,,459.0,,
StationTank,fuel_level_change,fuel_level_change,4246.0,,459.0,,
StationTank,fuel_level_change,fuel_level_change,4247.0,,459.0,,
StationTank,fuel_level_change,fuel_level_change,4248.0,,459.0,,
Car 75,resource_use_end,payment_ends,4249.0,1.0,,23.0,50.0
Car 75,resource_use,pumping_begins,4249.0,1.0,,23.0,50.0
StationTank,fuel_level_change,fuel_level_change,4249.0,,459.0,,
StationTank,fuel_level_change,fuel_level_change,4250.0,,459.0,,
StationTank,fuel_level_change,fuel_level_change,4251.0,,459.0,,
StationTank,fuel_level_change,fuel_level_change,4252.0,,459.0,,
StationTank,fuel_level_change,fuel_level_change,4253.0,,459.0,,
StationTank,fuel_level_change,fuel_level_change,4254.0,,459.0,,
StationTank,fuel_level_change,fuel_level_change,4255.0,,459.0,,
StationTank,fuel_level_change,fuel_level_change,4256.0,,459.0,,
StationTank,fuel_level_change,fuel_level_change,4257.0,,459.0,,
StationTank,fuel_level_change,fuel_level_change,4258.0,,459.0,,
StationTank,fuel_level_change,fuel_level_change,4259.0,,459.0,,
StationTank,fuel_level_change,fuel_level_change,4260.0,,459.0,,
StationTank,fuel_level_change,fuel_level_change,4261.0,,459.0,,
StationTank,fuel_level_change,fuel_level_change,4262.0,,459.0,,
StationTank,fuel_level_change,fuel_level_change,4263.0,,459.0,,
StationTank,fuel_level_change,fuel_level_change,4264.0,,459.0,,
StationTank,fuel_level_change,fuel_level_change,4265.0,,459.0,,
StationTank,fuel_level_change,fuel_level_change,4266.0,,459.0,,
StationTank,fuel_level_change,fuel_level_change,4267.0,,459.0,,
StationTank,fuel_level_change,fuel_level_change,4268.0,,459.0,,
StationTank,fuel_level_change,fuel_level_change,4269.0,,459.0,,
StationTank,fuel_level_change,fuel_level_change,4270.0,,459.0,,
StationTank,fuel_level_change,fuel_level_change,4271.0,,459.0,,
StationTank,fuel_level_change,fuel_level_change,4272.0,,459.0,,
StationTank,fuel_level_change,fuel_level_change,4273.0,,459.0,,
StationTank,fuel_level_change,fuel_level_change,4274.0,,459.0,,
StationTank,fuel_level_change,fuel_level_change,4275.0,,459.0,,
Car 75,resource_use_end,pumping_ends,4276.0,1.0,,23.0,50.0
Car 75,arrival_departure,depart,4276.0,,,,
StationTank,fuel_level_change,fuel_level_change,4276.0,,459.0,,
Car 77,resource_use,payment_begins,4276.0,1.0,,7.0,50.0
StationTank,fuel_level_change,fuel_level_change,4277.0,,416.0,,
StationTank,fuel_level_change,fuel_level_change,4278.0,,416.0,,
StationTank,fuel_level_change,fuel_level_change,4279.0,,416.0,,
StationTank,fuel_level_change,fuel_level_change,4280.0,,416.0,,
StationTank,fuel_level_change,fuel_level_change,4281.0,,416.0,,
StationTank,fuel_level_change,fuel_level_change,4282.0,,416.0,,
StationTank,fuel_level_change,fuel_level_change,4283.0,,416.0,,
StationTank,fuel_level_change,fuel_level_change,4284.0,,416.0,,
StationTank,fuel_level_change,fuel_level_change,4285.0,,416.0,,
StationTank,fuel_level_change,fuel_level_change,4286.0,,416.0,,
StationTank,fuel_level_change,fuel_level_change,4287.0,,416.0,,
Car 76,resource_use_end,payment_ends,4288.0,2.0,,12.0,50.0
Car 76,resource_use,pumping_begins,4288.0,2.0,,12.0,50.0
StationTank,fuel_level_change,fuel_level_change,4288.0,,416.0,,
StationTank,fuel_level_change,fuel_level_change,4289.0,,416.0,,
StationTank,fuel_level_change,fuel_level_change,4290.0,,416.0,,
StationTank,fuel_level_change,fuel_level_change,4291.0,,416.0,,
StationTank,fuel_level_change,fuel_level_change,4292.0,,416.0,,
StationTank,fuel_level_change,fuel_level_change,4293.0,,416.0,,
StationTank,fuel_level_change,fuel_level_change,4294.0,,416.0,,
Car 83,arrival_departure,arrival,4295.0,,,,
Car 83,queue,pump_queue_wait_begins,4295.0,,,23.0,50.0
StationTank,fuel_level_change,fuel_level_change,4295.0,,416.0,,
StationTank,fuel_level_change,fuel_level_change,4296.0,,416.0,,
StationTank,fuel_level_change,fuel_level_change,4297.0,,416.0,,
StationTank,fuel_level_change,fuel_level_change,4298.0,,416.0,,
StationTank,fuel_level_change,fuel_level_change,4299.0,,416.0,,
StationTank,fuel_level_change,fuel_level_change,4300.0,,416.0,,
StationTank,fuel_level_change,fuel_level_change,4301.0,,416.0,,
StationTank,fuel_level_change,fuel_level_change,4302.0,,416.0,,
StationTank,fuel_level_change,fuel_level_change,4303.0,,416.0,,
StationTank,fuel_level_change,fuel_level_change,4304.0,,416.0,,
StationTank,fuel_level_change,fuel_level_change,4305.0,,416.0,,
StationTank,fuel_level_change,fuel_level_change,4306.0,,416.0,,
StationTank,fuel_level_change,fuel_level_change,4307.0,,416.0,,
StationTank,fuel_level_change,fuel_level_change,4308.0,,416.0,,
StationTank,fuel_level_change,fuel_level_change,4309.0,,416.0,,
StationTank,fuel_level_change,fuel_level_change,4310.0,,416.0,,
StationTank,fuel_level_change,fuel_level_change,4311.0,,416.0,,
StationTank,fuel_level_change,fuel_level_change,4312.0,,416.0,,
StationTank,fuel_level_change,fuel_level_change,4313.0,,416.0,,
StationTank,fuel_level_change,fuel_level_change,4314.0,,416.0,,
StationTank,fuel_level_change,fuel_level_change,4315.0,,416.0,,
StationTank,fuel_level_change,fuel_level_change,4316.0,,416.0,,
StationTank,fuel_level_change,fuel_level_change,4317.0,,416.0,,
StationTank,fuel_level_change,fuel_level_change,4318.0,,416.0,,
StationTank,fuel_level_change,fuel_level_change,4319.0,,416.0,,
StationTank,fuel_level_change,fuel_level_change,4320.0,,416.0,,
StationTank,fuel_level_change,fuel_level_change,4321.0,,416.0,,
StationTank,fuel_level_change,fuel_level_change,4322.0,,416.0,,
StationTank,fuel_level_change,fuel_level_change,4323.0,,416.0,,
StationTank,fuel_level_change,fuel_level_change,4324.0,,416.0,,
StationTank,fuel_level_change,fuel_level_change,4325.0,,416.0,,
Car 76,resource_use_end,pumping_ends,4326.0,2.0,,12.0,50.0
Car 76,arrival_departure,depart,4326.0,,,,
StationTank,fuel_level_change,fuel_level_change,4326.0,,416.0,,
Car 78,resource_use,payment_begins,4326.0,2.0,,12.0,50.0
StationTank,fuel_level_change,fuel_level_change,4327.0,,378.0,,
StationTank,fuel_level_change,fuel_level_change,4328.0,,378.0,,
StationTank,fuel_level_change,fuel_level_change,4329.0,,378.0,,
StationTank,fuel_level_change,fuel_level_change,4330.0,,378.0,,
StationTank,fuel_level_change,fuel_level_change,4331.0,,378.0,,
StationTank,fuel_level_change,fuel_level_change,4332.0,,378.0,,
StationTank,fuel_level_change,fuel_level_change,4333.0,,378.0,,
StationTank,fuel_level_change,fuel_level_change,4334.0,,378.0,,
StationTank,fuel_level_change,fuel_level_change,4335.0,,378.0,,
StationTank,fuel_level_change,fuel_level_change,4336.0,,378.0,,
StationTank,fuel_level_change,fuel_level_change,4337.0,,378.0,,
StationTank,fuel_level_change,fuel_level_change,4338.0,,378.0,,
StationTank,fuel_level_change,fuel_level_change,4339.0,,378.0,,
StationTank,fuel_level_change,fuel_level_change,4340.0,,378.0,,
StationTank,fuel_level_change,fuel_level_change,4341.0,,378.0,,
StationTank,fuel_level_change,fuel_level_change,4342.0,,378.0,,
StationTank,fuel_level_change,fuel_level_change,4343.0,,378.0,,
StationTank,fuel_level_change,fuel_level_change,4344.0,,378.0,,
StationTank,fuel_level_change,fuel_level_change,4345.0,,378.0,,
StationTank,fuel_level_change,fuel_level_change,4346.0,,378.0,,
StationTank,fuel_level_change,fuel_level_change,4347.0,,378.0,,
StationTank,fuel_level_change,fuel_level_change,4348.0,,378.0,,
StationTank,fuel_level_change,fuel_level_change,4349.0,,378.0,,
StationTank,fuel_level_change,fuel_level_change,4350.0,,378.0,,
StationTank,fuel_level_change,fuel_level_change,4351.0,,378.0,,
StationTank,fuel_level_change,fuel_level_change,4352.0,,378.0,,
StationTank,fuel_level_change,fuel_level_change,4353.0,,378.0,,
StationTank,fuel_level_change,fuel_level_change,4354.0,,378.0,,
StationTank,fuel_level_change,fuel_level_change,4355.0,,378.0,,
StationTank,fuel_level_change,fuel_level_change,4356.0,,378.0,,
StationTank,fuel_level_change,fuel_level_change,4357.0,,378.0,,
StationTank,fuel_level_change,fuel_level_change,4358.0,,378.0,,
StationTank,fuel_level_change,fuel_level_change,4359.0,,378.0,,
StationTank,fuel_level_change,fuel_level_change,4360.0,,378.0,,
StationTank,fuel_level_change,fuel_level_change,4361.0,,378.0,,
StationTank,fuel_level_change,fuel_level_change,4362.0,,378.0,,
StationTank,fuel_level_change,fuel_level_change,4363.0,,378.0,,
StationTank,fuel_level_change,fuel_level_change,4364.0,,378.0,,
Car 77,resource_use_end,payment_ends,4365.0,1.0,,7.0,50.0
Car 77,resource_use,pumping_begins,4365.0,1.0,,7.0,50.0
StationTank,fuel_level_change,fuel_level_change,4365.0,,378.0,,
StationTank,fuel_level_change,fuel_level_change,4366.0,,378.0,,
StationTank,fuel_level_change,fuel_level_change,4367.0,,378.0,,
StationTank,fuel_level_change,fuel_level_change,4368.0,,378.0,,
StationTank,fuel_level_change,fuel_level_change,4369.0,,378.0,,
StationTank,fuel_level_change,fuel_level_change,4370.0,,378.0,,
StationTank,fuel_level_change,fuel_level_change,4371.0,,378.0,,
StationTank,fuel_level_change,fuel_level_change,4372.0,,378.0,,
StationTank,fuel_level_change,fuel_level_change,4373.0,,378.0,,
StationTank,fuel_level_change,fuel_level_change,4374.0,,378.0,,
StationTank,fuel_level_change,fuel_level_change,4375.0,,378.0,,
StationTank,fuel_level_change,fuel_level_change,4376.0,,378.0,,
StationTank,fuel_level_change,fuel_level_change,4377.0,,378.0,,
StationTank,fuel_level_change,fuel_level_change,4378.0,,378.0,,
StationTank,fuel_level_change,fuel_level_change,4379.0,,378.0,,
StationTank,fuel_level_change,fuel_level_change,4380.0,,378.0,,
StationTank,fuel_level_change,fuel_level_change,4381.0,,378.0,,
StationTank,fuel_level_change,fuel_level_change,4382.0,,378.0,,
Car 84,arrival_departure,arrival,4383.0,,,,
Car 84,queue,pump_queue_wait_begins,4383.0,,,20.0,50.0
StationTank,fuel_level_change,fuel_level_change,4383.0,,378.0,,
StationTank,fuel_level_change,fuel_level_change,4384.0,,378.0,,
StationTank,fuel_level_change,fuel_level_change,4385.0,,378.0,,
Car 78,resource_use_end,payment_ends,4386.0,2.0,,12.0,50.0
Car 78,resource_use,pumping_begins,4386.0,2.0,,12.0,50.0
StationTank,fuel_level_change,fuel_level_change,4386.0,,378.0,,
StationTank,fuel_level_change,fuel_level_change,4387.0,,378.0,,
StationTank,fuel_level_change,fuel_level_change,4388.0,,378.0,,
StationTank,fuel_level_change,fuel_level_change,4389.0,,378.0,,
StationTank,fuel_level_change,fuel_level_change,4390.0,,378.0,,
StationTank,fuel_level_change,fuel_level_change,4391.0,,378.0,,
StationTank,fuel_level_change,fuel_level_change,4392.0,,378.0,,
StationTank,fuel_level_change,fuel_level_change,4393.0,,378.0,,
StationTank,fuel_level_change,fuel_level_change,4394.0,,378.0,,
StationTank,fuel_level_change,fuel_level_change,4395.0,,378.0,,
StationTank,fuel_level_change,fuel_level_change,4396.0,,378.0,,
StationTank,fuel_level_change,fuel_level_change,4397.0,,378.0,,
StationTank,fuel_level_change,fuel_level_change,4398.0,,378.0,,
StationTank,fuel_level_change,fuel_level_change,4399.0,,378.0,,
StationTank,fuel_level_change,fuel_level_change,4400.0,,378.0,,
StationTank,fuel_level_change,fuel_level_change,4401.0,,378.0,,
StationTank,fuel_level_change,fuel_level_change,4402.0,,378.0,,
StationTank,fuel_level_change,fuel_level_change,4403.0,,378.0,,
StationTank,fuel_level_change,fuel_level_change,4404.0,,378.0,,
StationTank,fuel_level_change,fuel_level_change,4405.0,,378.0,,
StationTank,fuel_level_change,fuel_level_change,4406.0,,378.0,,
StationTank,fuel_level_change,fuel_level_change,4407.0,,378.0,,
Car 77,resource_use_end,pumping_ends,4408.0,1.0,,7.0,50.0
Car 77,arrival_departure,depart,4408.0,,,,
StationTank,fuel_level_change,fuel_level_change,4408.0,,378.0,,
Car 79,resource_use,payment_begins,4408.0,1.0,,6.0,50.0
StationTank,fuel_level_change,fuel_level_change,4409.0,,334.0,,
StationTank,fuel_level_change,fuel_level_change,4410.0,,334.0,,
StationTank,fuel_level_change,fuel_level_change,4411.0,,334.0,,
StationTank,fuel_level_change,fuel_level_change,4412.0,,334.0,,
StationTank,fuel_level_change,fuel_level_change,4413.0,,334.0,,
StationTank,fuel_level_change,fuel_level_change,4414.0,,334.0,,
StationTank,fuel_level_change,fuel_level_change,4415.0,,334.0,,
StationTank,fuel_level_change,fuel_level_change,4416.0,,334.0,,
StationTank,fuel_level_change,fuel_level_change,4417.0,,334.0,,
StationTank,fuel_level_change,fuel_level_change,4418.0,,334.0,,
StationTank,fuel_level_change,fuel_level_change,4419.0,,334.0,,
StationTank,fuel_level_change,fuel_level_change,4420.0,,334.0,,
StationTank,fuel_level_change,fuel_level_change,4421.0,,334.0,,
StationTank,fuel_level_change,fuel_level_change,4422.0,,334.0,,
StationTank,fuel_level_change,fuel_level_change,4423.0,,334.0,,
Car 78,resource_use_end,pumping_ends,4424.0,2.0,,12.0,50.0
Car 78,arrival_departure,depart,4424.0,,,,
StationTank,fuel_level_change,fuel_level_change,4424.0,,334.0,,
Car 80,resource_use,payment_begins,4424.0,2.0,,7.0,50.0
StationTank,fuel_level_change,fuel_level_change,4425.0,,291.0,,
StationTank,fuel_level_change,fuel_level_change,4426.0,,291.0,,
StationTank,fuel_level_change,fuel_level_change,4427.0,,291.0,,
StationTank,fuel_level_change,fuel_level_change,4428.0,,291.0,,
Car 85,arrival_departure,arrival,4429.0,,,,
Car 85,queue,pump_queue_wait_begins,4429.0,,,8.0,50.0
StationTank,fuel_level_change,fuel_level_change,4429.0,,291.0,,
StationTank,fuel_level_change,fuel_level_change,4430.0,,291.0,,
StationTank,fuel_level_change,fuel_level_change,4431.0,,291.0,,
StationTank,fuel_level_change,fuel_level_change,4432.0,,291.0,,
StationTank,fuel_level_change,fuel_level_change,4433.0,,291.0,,
StationTank,fuel_level_change,fuel_level_change,4434.0,,291.0,,
StationTank,fuel_level_change,fuel_level_change,4435.0,,291.0,,
StationTank,fuel_level_change,fuel_level_change,4436.0,,291.0,,
StationTank,fuel_level_change,fuel_level_change,4437.0,,291.0,,
StationTank,fuel_level_change,fuel_level_change,4438.0,,291.0,,
StationTank,fuel_level_change,fuel_level_change,4439.0,,291.0,,
StationTank,fuel_level_change,fuel_level_change,4440.0,,291.0,,
StationTank,fuel_level_change,fuel_level_change,4441.0,,291.0,,
StationTank,fuel_level_change,fuel_level_change,4442.0,,291.0,,
StationTank,fuel_level_change,fuel_level_change,4443.0,,291.0,,
StationTank,fuel_level_change,fuel_level_change,4444.0,,291.0,,
StationTank,fuel_level_change,fuel_level_change,4445.0,,291.0,,
StationTank,fuel_level_change,fuel_level_change,4446.0,,291.0,,
StationTank,fuel_level_change,fuel_level_change,4447.0,,291.0,,
StationTank,fuel_level_change,fuel_level_change,4448.0,,291.0,,
StationTank,fuel_level_change,fuel_level_change,4449.0,,291.0,,
StationTank,fuel_level_change,fuel_level_change,4450.0,,291.0,,
StationTank,fuel_level_change,fuel_level_change,4451.0,,291.0,,
StationTank,fuel_level_change,fuel_level_change,4452.0,,291.0,,
StationTank,fuel_level_change,fuel_level_change,4453.0,,291.0,,
StationTank,fuel_level_change,fuel_level_change,4454.0,,291.0,,
StationTank,fuel_level_change,fuel_level_change,4455.0,,291.0,,
StationTank,fuel_level_change,fuel_level_change,4456.0,,291.0,,
StationTank,fuel_level_change,fuel_level_change,4457.0,,291.0,,
StationTank,fuel_level_change,fuel_level_change,4458.0,,291.0,,
StationTank,fuel_level_change,fuel_level_change,4459.0,,291.0,,
StationTank,fuel_level_change,fuel_level_change,4460.0,,291.0,,
StationTank,fuel_level_change,fuel_level_change,4461.0,,291.0,,
StationTank,fuel_level_change,fuel_level_change,4462.0,,291.0,,
StationTank,fuel_level_change,fuel_level_change,4463.0,,291.0,,
StationTank,fuel_level_change,fuel_level_change,4464.0,,291.0,,
StationTank,fuel_level_change,fuel_level_change,4465.0,,291.0,,
StationTank,fuel_level_change,fuel_level_change,4466.0,,291.0,,
StationTank,fuel_level_change,fuel_level_change,4467.0,,291.0,,
Car 86,arrival_departure,arrival,4468.0,,,,
Car 86,queue,pump_queue_wait_begins,4468.0,,,18.0,50.0
StationTank,fuel_level_change,fuel_level_change,4468.0,,291.0,,
StationTank,fuel_level_change,fuel_level_change,4469.0,,291.0,,
StationTank,fuel_level_change,fuel_level_change,4470.0,,291.0,,
StationTank,fuel_level_change,fuel_level_change,4471.0,,291.0,,
StationTank,fuel_level_change,fuel_level_change,4472.0,,291.0,,
StationTank,fuel_level_change,fuel_level_change,4473.0,,291.0,,
StationTank,fuel_level_change,fuel_level_change,4474.0,,291.0,,
StationTank,fuel_level_change,fuel_level_change,4475.0,,291.0,,
StationTank,fuel_level_change,fuel_level_change,4476.0,,291.0,,
StationTank,fuel_level_change,fuel_level_change,4477.0,,291.0,,
StationTank,fuel_level_change,fuel_level_change,4478.0,,291.0,,
StationTank,fuel_level_change,fuel_level_change,4479.0,,291.0,,
Car 80,resource_use_end,payment_ends,4480.0,2.0,,7.0,50.0
Car 80,resource_use,pumping_begins,4480.0,2.0,,7.0,50.0
StationTank,fuel_level_change,fuel_level_change,4480.0,,291.0,,
StationTank,fuel_level_change,fuel_level_change,4481.0,,291.0,,
StationTank,fuel_level_change,fuel_level_change,4482.0,,291.0,,
StationTank,fuel_level_change,fuel_level_change,4483.0,,291.0,,
StationTank,fuel_level_change,fuel_level_change,4484.0,,291.0,,
StationTank,fuel_level_change,fuel_level_change,4485.0,,291.0,,
StationTank,fuel_level_change,fuel_level_change,4486.0,,291.0,,
StationTank,fuel_level_change,fuel_level_change,4487.0,,291.0,,
StationTank,fuel_level_change,fuel_level_change,4488.0,,291.0,,
Car 79,resource_use_end,payment_ends,4489.0,1.0,,6.0,50.0
Car 79,resource_use,pumping_begins,4489.0,1.0,,6.0,50.0
StationTank,fuel_level_change,fuel_level_change,4489.0,,291.0,,
StationTank,fuel_level_change,fuel_level_change,4490.0,,291.0,,
StationTank,fuel_level_change,fuel_level_change,4491.0,,291.0,,
StationTank,fuel_level_change,fuel_level_change,4492.0,,291.0,,
StationTank,fuel_level_change,fuel_level_change,4493.0,,291.0,,
StationTank,fuel_level_change,fuel_level_change,4494.0,,291.0,,
Car 87,arrival_departure,arrival,4495.0,,,,
Car 87,queue,pump_queue_wait_begins,4495.0,,,18.0,50.0
StationTank,fuel_level_change,fuel_level_change,4495.0,,291.0,,
StationTank,fuel_level_change,fuel_level_change,4496.0,,291.0,,
StationTank,fuel_level_change,fuel_level_change,4497.0,,291.0,,
StationTank,fuel_level_change,fuel_level_change,4498.0,,291.0,,
StationTank,fuel_level_change,fuel_level_change,4499.0,,291.0,,
StationTank,fuel_level_change,fuel_level_change,4500.0,,291.0,,
StationTank,fuel_level_change,fuel_level_change,4501.0,,291.0,,
StationTank,fuel_level_change,fuel_level_change,4502.0,,291.0,,
StationTank,fuel_level_change,fuel_level_change,4503.0,,291.0,,
StationTank,fuel_level_change,fuel_level_change,4504.0,,291.0,,
StationTank,fuel_level_change,fuel_level_change,4505.0,,291.0,,
StationTank,fuel_level_change,fuel_level_change,4506.0,,291.0,,
StationTank,fuel_level_change,fuel_level_change,4507.0,,291.0,,
StationTank,fuel_level_change,fuel_level_change,4508.0,,291.0,,
StationTank,fuel_level_change,fuel_level_change,4509.0,,291.0,,
StationTank,fuel_level_change,fuel_level_change,4510.0,,291.0,,
StationTank,fuel_level_change,fuel_level_change,4511.0,,291.0,,
StationTank,fuel_level_change,fuel_level_change,4512.0,,291.0,,
StationTank,fuel_level_change,fuel_level_change,4513.0,,291.0,,
StationTank,fuel_level_change,fuel_level_change,4514.0,,291.0,,
StationTank,fuel_level_change,fuel_level_change,4515.0,,291.0,,
StationTank,fuel_level_change,fuel_level_change,4516.0,,291.0,,
StationTank,fuel_level_change,fuel_level_change,4517.0,,291.0,,
StationTank,fuel_level_change,fuel_level_change,4518.0,,291.0,,
StationTank,fuel_level_change,fuel_level_change,4519.0,,291.0,,
StationTank,fuel_level_change,fuel_level_change,4520.0,,291.0,,
StationTank,fuel_level_change,fuel_level_change,4521.0,,291.0,,
StationTank,fuel_level_change,fuel_level_change,4522.0,,291.0,,
Car 80,resource_use_end,pumping_ends,4523.0,2.0,,7.0,50.0
Car 80,arrival_departure,depart,4523.0,,,,
StationTank,fuel_level_change,fuel_level_change,4523.0,,291.0,,
Car 81,resource_use,payment_begins,4523.0,2.0,,20.0,50.0
StationTank,fuel_level_change,fuel_level_change,4524.0,,261.0,,
StationTank,fuel_level_change,fuel_level_change,4525.0,,261.0,,
StationTank,fuel_level_change,fuel_level_change,4526.0,,261.0,,
StationTank,fuel_level_change,fuel_level_change,4527.0,,261.0,,
StationTank,fuel_level_change,fuel_level_change,4528.0,,261.0,,
StationTank,fuel_level_change,fuel_level_change,4529.0,,261.0,,
StationTank,fuel_level_change,fuel_level_change,4530.0,,261.0,,
StationTank,fuel_level_change,fuel_level_change,4531.0,,261.0,,
StationTank,fuel_level_change,fuel_level_change,4532.0,,261.0,,
Car 79,resource_use_end,pumping_ends,4533.0,1.0,,6.0,50.0
Car 79,arrival_departure,depart,4533.0,,,,
StationTank,fuel_level_change,fuel_level_change,4533.0,,261.0,,
Car 82,resource_use,payment_begins,4533.0,1.0,,9.0,50.0
StationTank,fuel_level_change,fuel_level_change,4534.0,,220.0,,
StationTank,fuel_level_change,fuel_level_change,4535.0,,220.0,,
StationTank,fuel_level_change,fuel_level_change,4536.0,,220.0,,
StationTank,fuel_level_change,fuel_level_change,4537.0,,220.0,,
StationTank,fuel_level_change,fuel_level_change,4538.0,,220.0,,
StationTank,fuel_level_change,fuel_level_change,4539.0,,220.0,,
StationTank,fuel_level_change,fuel_level_change,4540.0,,220.0,,
StationTank,fuel_level_change,fuel_level_change,4541.0,,220.0,,
StationTank,fuel_level_change,fuel_level_change,4542.0,,220.0,,
StationTank,fuel_level_change,fuel_level_change,4543.0,,220.0,,
StationTank,fuel_level_change,fuel_level_change,4544.0,,220.0,,
StationTank,fuel_level_change,fuel_level_change,4545.0,,220.0,,
StationTank,fuel_level_change,fuel_level_change,4546.0,,220.0,,
StationTank,fuel_level_change,fuel_level_change,4547.0,,220.0,,
StationTank,fuel_level_change,fuel_level_change,4548.0,,220.0,,
StationTank,fuel_level_change,fuel_level_change,4549.0,,220.0,,
StationTank,fuel_level_change,fuel_level_change,4550.0,,220.0,,
StationTank,fuel_level_change,fuel_level_change,4551.0,,220.0,,
StationTank,fuel_level_change,fuel_level_change,4552.0,,220.0,,
StationTank,fuel_level_change,fuel_level_change,4553.0,,220.0,,
StationTank,fuel_level_change,fuel_level_change,4554.0,,220.0,,
Car 88,arrival_departure,arrival,4555.0,,,,
Car 88,queue,pump_queue_wait_begins,4555.0,,,25.0,50.0
StationTank,fuel_level_change,fuel_level_change,4555.0,,220.0,,
StationTank,fuel_level_change,fuel_level_change,4556.0,,220.0,,
StationTank,fuel_level_change,fuel_level_change,4557.0,,220.0,,
StationTank,fuel_level_change,fuel_level_change,4558.0,,220.0,,
StationTank,fuel_level_change,fuel_level_change,4559.0,,220.0,,
StationTank,fuel_level_change,fuel_level_change,4560.0,,220.0,,
StationTank,fuel_level_change,fuel_level_change,4561.0,,220.0,,
StationTank,fuel_level_change,fuel_level_change,4562.0,,220.0,,
StationTank,fuel_level_change,fuel_level_change,4563.0,,220.0,,
StationTank,fuel_level_change,fuel_level_change,4564.0,,220.0,,
StationTank,fuel_level_change,fuel_level_change,4565.0,,220.0,,
StationTank,fuel_level_change,fuel_level_change,4566.0,,220.0,,
StationTank,fuel_level_change,fuel_level_change,4567.0,,220.0,,
StationTank,fuel_level_change,fuel_level_change,4568.0,,220.0,,
StationTank,fuel_level_change,fuel_level_change,4569.0,,220.0,,
StationTank,fuel_level_change,fuel_level_change,4570.0,,220.0,,
StationTank,fuel_level_change,fuel_level_change,4571.0,,220.0,,
StationTank,fuel_level_change,fuel_level_change,4572.0,,220.0,,
StationTank,fuel_level_change,fuel_level_change,4573.0,,220.0,,
StationTank,fuel_level_change,fuel_level_change,4574.0,,220.0,,
StationTank,fuel_level_change,fuel_level_change,4575.0,,220.0,,
Car 89,arrival_departure,arrival,4576.0,,,,
Car 89,queue,pump_queue_wait_begins,4576.0,,,6.0,50.0
StationTank,fuel_level_change,fuel_level_change,4576.0,,220.0,,
StationTank,fuel_level_change,fuel_level_change,4577.0,,220.0,,
StationTank,fuel_level_change,fuel_level_change,4578.0,,220.0,,
Car 81,resource_use_end,payment_ends,4579.0,2.0,,20.0,50.0
Car 81,resource_use,pumping_begins,4579.0,2.0,,20.0,50.0
StationTank,fuel_level_change,fuel_level_change,4579.0,,220.0,,
StationTank,fuel_level_change,fuel_level_change,4580.0,,220.0,,
StationTank,fuel_level_change,fuel_level_change,4581.0,,220.0,,
StationTank,fuel_level_change,fuel_level_change,4582.0,,220.0,,
StationTank,fuel_level_change,fuel_level_change,4583.0,,220.0,,
StationTank,fuel_level_change,fuel_level_change,4584.0,,220.0,,
StationTank,fuel_level_change,fuel_level_change,4585.0,,220.0,,
StationTank,fuel_level_change,fuel_level_change,4586.0,,220.0,,
StationTank,fuel_level_change,fuel_level_change,4587.0,,220.0,,
StationTank,fuel_level_change,fuel_level_change,4588.0,,220.0,,
StationTank,fuel_level_change,fuel_level_change,4589.0,,220.0,,
StationTank,fuel_level_change,fuel_level_change,4590.0,,220.0,,
StationTank,fuel_level_change,fuel_level_change,4591.0,,220.0,,
Car 82,resource_use_end,payment_ends,4592.0,1.0,,9.0,50.0
Car 82,resource_use,pumping_begins,4592.0,1.0,,9.0,50.0
StationTank,fuel_level_change,fuel_level_change,4592.0,,220.0,,
StationTank,fuel_level_change,fuel_level_change,4593.0,,220.0,,
StationTank,fuel_level_change,fuel_level_change,4594.0,,220.0,,
StationTank,fuel_level_change,fuel_level_change,4595.0,,220.0,,
StationTank,fuel_level_change,fuel_level_change,4596.0,,220.0,,
StationTank,fuel_level_change,fuel_level_change,4597.0,,220.0,,
StationTank,fuel_level_change,fuel_level_change,4598.0,,220.0,,
StationTank,fuel_level_change,fuel_level_change,4599.0,,220.0,,
StationTank,fuel_level_change,fuel_level_change,4600.0,,220.0,,
StationTank,fuel_level_change,fuel_level_change,4601.0,,220.0,,
StationTank,fuel_level_change,fuel_level_change,4602.0,,220.0,,
Car 90,arrival_departure,arrival,4603.0,,,,
Car 90,queue,pump_queue_wait_begins,4603.0,,,15.0,50.0
StationTank,fuel_level_change,fuel_level_change,4603.0,,220.0,,
StationTank,fuel_level_change,fuel_level_change,4604.0,,220.0,,
StationTank,fuel_level_change,fuel_level_change,4605.0,,220.0,,
StationTank,fuel_level_change,fuel_level_change,4606.0,,220.0,,
StationTank,fuel_level_change,fuel_level_change,4607.0,,220.0,,
StationTank,fuel_level_change,fuel_level_change,4608.0,,220.0,,
Car 81,resource_use_end,pumping_ends,4609.0,2.0,,20.0,50.0
Car 81,arrival_departure,depart,4609.0,,,,
StationTank,fuel_level_change,fuel_level_change,4609.0,,220.0,,
Car 83,resource_use,payment_begins,4609.0,2.0,,23.0,50.0
StationTank,fuel_level_change,fuel_level_change,4610.0,,193.0,,
StationTank,fuel_level_change,fuel_level_change,4611.0,,193.0,,
StationTank,fuel_level_change,fuel_level_change,4612.0,,193.0,,
StationTank,fuel_level_change,fuel_level_change,4613.0,,193.0,,
StationTank,fuel_level_change,fuel_level_change,4614.0,,193.0,,
StationTank,fuel_level_change,fuel_level_change,4615.0,,193.0,,
StationTank,fuel_level_change,fuel_level_change,4616.0,,193.0,,
StationTank,fuel_level_change,fuel_level_change,4617.0,,193.0,,
StationTank,fuel_level_change,fuel_level_change,4618.0,,193.0,,
StationTank,fuel_level_change,fuel_level_change,4619.0,,193.0,,
StationTank,fuel_level_change,fuel_level_change,4620.0,,193.0,,
StationTank,fuel_level_change,fuel_level_change,4621.0,,193.0,,
StationTank,fuel_level_change,fuel_level_change,4622.0,,193.0,,
StationTank,fuel_level_change,fuel_level_change,4623.0,,193.0,,
StationTank,fuel_level_change,fuel_level_change,4624.0,,193.0,,
StationTank,fuel_level_change,fuel_level_change,4625.0,,193.0,,
StationTank,fuel_level_change,fuel_level_change,4626.0,,193.0,,
StationTank,fuel_level_change,fuel_level_change,4627.0,,193.0,,
StationTank,fuel_level_change,fuel_level_change,4628.0,,193.0,,
StationTank,fuel_level_change,fuel_level_change,4629.0,,193.0,,
StationTank,fuel_level_change,fuel_level_change,4630.0,,193.0,,
StationTank,fuel_level_change,fuel_level_change,4631.0,,193.0,,
StationTank,fuel_level_change,fuel_level_change,4632.0,,193.0,,
Car 82,resource_use_end,pumping_ends,4633.0,1.0,,9.0,50.0
Car 82,arrival_departure,depart,4633.0,,,,
StationTank,fuel_level_change,fuel_level_change,4633.0,,193.0,,
Car 84,resource_use,payment_begins,4633.0,1.0,,20.0,50.0
StationTank,fuel_level_change,fuel_level_change,4634.0,,163.0,,
StationTank,fuel_level_change,fuel_level_change,4635.0,,163.0,,
StationTank,fuel_level_change,fuel_level_change,4636.0,,163.0,,
StationTank,fuel_level_change,fuel_level_change,4637.0,,163.0,,
StationTank,fuel_level_change,fuel_level_change,4638.0,,163.0,,
StationTank,fuel_level_change,fuel_level_change,4639.0,,163.0,,
StationTank,fuel_level_change,fuel_level_change,4640.0,,163.0,,
StationTank,fuel_level_change,fuel_level_change,4641.0,,163.0,,
StationTank,fuel_level_change,fuel_level_change,4642.0,,163.0,,
StationTank,fuel_level_change,fuel_level_change,4643.0,,163.0,,
StationTank,fuel_level_change,fuel_level_change,4644.0,,163.0,,
StationTank,fuel_level_change,fuel_level_change,4645.0,,163.0,,
StationTank,fuel_level_change,fuel_level_change,4646.0,,163.0,,
StationTank,fuel_level_change,fuel_level_change,4647.0,,163.0,,
StationTank,fuel_level_change,fuel_level_change,4648.0,,163.0,,
StationTank,fuel_level_change,fuel_level_change,4649.0,,163.0,,
StationTank,fuel_level_change,fuel_level_change,4650.0,,163.0,,
StationTank,fuel_level_change,fuel_level_change,4651.0,,163.0,,
StationTank,fuel_level_change,fuel_level_change,4652.0,,163.0,,
StationTank,fuel_level_change,fuel_level_change,4653.0,,163.0,,
StationTank,fuel_level_change,fuel_level_change,4654.0,,163.0,,
StationTank,fuel_level_change,fuel_level_change,4655.0,,163.0,,
StationTank,fuel_level_change,fuel_level_change,4656.0,,163.0,,
StationTank,fuel_level_change,fuel_level_change,4657.0,,163.0,,
StationTank,fuel_level_change,fuel_level_change,4658.0,,163.0,,
StationTank,fuel_level_change,fuel_level_change,4659.0,,163.0,,
StationTank,fuel_level_change,fuel_level_change,4660.0,,163.0,,
StationTank,fuel_level_change,fuel_level_change,4661.0,,163.0,,
StationTank,fuel_level_change,fuel_level_change,4662.0,,163.0,,
StationTank,fuel_level_change,fuel_level_change,4663.0,,163.0,,
StationTank,fuel_level_change,fuel_level_change,4664.0,,163.0,,
StationTank,fuel_level_change,fuel_level_change,4665.0,,163.0,,
StationTank,fuel_level_change,fuel_level_change,4666.0,,163.0,,
StationTank,fuel_level_change,fuel_level_change,4667.0,,163.0,,
StationTank,fuel_level_change,fuel_level_change,4668.0,,163.0,,
Car 91,arrival_departure,arrival,4669.0,,,,
Car 91,queue,pump_queue_wait_begins,4669.0,,,12.0,50.0
StationTank,fuel_level_change,fuel_level_change,4669.0,,163.0,,
StationTank,fuel_level_change,fuel_level_change,4670.0,,163.0,,
StationTank,fuel_level_change,fuel_level_change,4671.0,,163.0,,
StationTank,fuel_level_change,fuel_level_change,4672.0,,163.0,,
StationTank,fuel_level_change,fuel_level_change,4673.0,,163.0,,
StationTank,fuel_level_change,fuel_level_change,4674.0,,163.0,,
StationTank,fuel_level_change,fuel_level_change,4675.0,,163.0,,
StationTank,fuel_level_change,fuel_level_change,4676.0,,163.0,,
StationTank,fuel_level_change,fuel_level_change,4677.0,,163.0,,
StationTank,fuel_level_change,fuel_level_change,4678.0,,163.0,,
StationTank,fuel_level_change,fuel_level_change,4679.0,,163.0,,
StationTank,fuel_level_change,fuel_level_change,4680.0,,163.0,,
StationTank,fuel_level_change,fuel_level_change,4681.0,,163.0,,
StationTank,fuel_level_change,fuel_level_change,4682.0,,163.0,,
StationTank,fuel_level_change,fuel_level_change,4683.0,,163.0,,
StationTank,fuel_level_change,fuel_level_change,4684.0,,163.0,,
StationTank,fuel_level_change,fuel_level_change,4685.0,,163.0,,
StationTank,fuel_level_change,fuel_level_change,4686.0,,163.0,,
StationTank,fuel_level_change,fuel_level_change,4687.0,,163.0,,
StationTank,fuel_level_change,fuel_level_change,4688.0,,163.0,,
StationTank,fuel_level_change,fuel_level_change,4689.0,,163.0,,
Car 83,resource_use_end,payment_ends,4690.0,2.0,,23.0,50.0
Car 83,resource_use,pumping_begins,4690.0,2.0,,23.0,50.0
StationTank,fuel_level_change,fuel_level_change,4690.0,,163.0,,
StationTank,fuel_level_change,fuel_level_change,4691.0,,163.0,,
StationTank,fuel_level_change,fuel_level_change,4692.0,,163.0,,
StationTank,fuel_level_change,fuel_level_change,4693.0,,163.0,,
StationTank,fuel_level_change,fuel_level_change,4694.0,,163.0,,
StationTank,fuel_level_change,fuel_level_change,4695.0,,163.0,,
StationTank,fuel_level_change,fuel_level_change,4696.0,,163.0,,
Car 92,arrival_departure,arrival,4697.0,,,,
Car 92,queue,pump_queue_wait_begins,4697.0,,,11.0,50.0
StationTank,fuel_level_change,fuel_level_change,4697.0,,163.0,,
StationTank,fuel_level_change,fuel_level_change,4698.0,,163.0,,
StationTank,fuel_level_change,fuel_level_change,4699.0,,163.0,,
StationTank,fuel_level_change,fuel_level_change,4700.0,,163.0,,
StationTank,fuel_level_change,fuel_level_change,4701.0,,163.0,,
StationTank,fuel_level_change,fuel_level_change,4702.0,,163.0,,
StationTank,fuel_level_change,fuel_level_change,4703.0,,163.0,,
StationTank,fuel_level_change,fuel_level_change,4704.0,,163.0,,
StationTank,fuel_level_change,fuel_level_change,4705.0,,163.0,,
StationTank,fuel_level_change,fuel_level_change,4706.0,,163.0,,
StationTank,fuel_level_change,fuel_level_change,4707.0,,163.0,,
StationTank,fuel_level_change,fuel_level_change,4708.0,,163.0,,
StationTank,fuel_level_change,fuel_level_change,4709.0,,163.0,,
StationTank,fuel_level_change,fuel_level_change,4710.0,,163.0,,
StationTank,fuel_level_change,fuel_level_change,4711.0,,163.0,,
StationTank,fuel_level_change,fuel_level_change,4712.0,,163.0,,
StationTank,fuel_level_change,fuel_level_change,4713.0,,163.0,,
StationTank,fuel_level_change,fuel_level_change,4714.0,,163.0,,
StationTank,fuel_level_change,fuel_level_change,4715.0,,163.0,,
StationTank,fuel_level_change,fuel_level_change,4716.0,,163.0,,
Car 83,resource_use_end,pumping_ends,4717.0,2.0,,23.0,50.0
Car 83,arrival_departure,depart,4717.0,,,,
StationTank,fuel_level_change,fuel_level_change,4717.0,,163.0,,
Car 85,resource_use,payment_begins,4717.0,2.0,,8.0,50.0
Car 84,resource_use_end,payment_ends,4718.0,1.0,,20.0,50.0
Car 84,resource_use,pumping_begins,4718.0,1.0,,20.0,50.0
StationTank,fuel_level_change,fuel_level_change,4718.0,,121.0,,
StationTank,fuel_level_change,fuel_level_change,4719.0,,121.0,,
StationTank,fuel_level_change,fuel_level_change,4720.0,,121.0,,
StationTank,fuel_level_change,fuel_level_change,4721.0,,121.0,,
StationTank,fuel_level_change,fuel_level_change,4722.0,,121.0,,
StationTank,fuel_level_change,fuel_level_change,4723.0,,121.0,,
StationTank,fuel_level_change,fuel_level_change,4724.0,,121.0,,
StationTank,fuel_level_change,fuel_level_change,4725.0,,121.0,,
StationTank,fuel_level_change,fuel_level_change,4726.0,,121.0,,
StationTank,fuel_level_change,fuel_level_change,4727.0,,121.0,,
StationTank,fuel_level_change,fuel_level_change,4728.0,,121.0,,
StationTank,fuel_level_change,fuel_level_change,4729.0,,121.0,,
StationTank,fuel_level_change,fuel_level_change,4730.0,,121.0,,
StationTank,fuel_level_change,fuel_level_change,4731.0,,121.0,,
StationTank,fuel_level_change,fuel_level_change,4732.0,,121.0,,
StationTank,fuel_level_change,fuel_level_change,4733.0,,121.0,,
StationTank,fuel_level_change,fuel_level_change,4734.0,,121.0,,
StationTank,fuel_level_change,fuel_level_change,4735.0,,121.0,,
Car 93,arrival_departure,arrival,4736.0,,,,
Car 93,queue,pump_queue_wait_begins,4736.0,,,9.0,50.0
StationTank,fuel_level_change,fuel_level_change,4736.0,,121.0,,
StationTank,fuel_level_change,fuel_level_change,4737.0,,121.0,,
StationTank,fuel_level_change,fuel_level_change,4738.0,,121.0,,
StationTank,fuel_level_change,fuel_level_change,4739.0,,121.0,,
StationTank,fuel_level_change,fuel_level_change,4740.0,,121.0,,
StationTank,fuel_level_change,fuel_level_change,4741.0,,121.0,,
StationTank,fuel_level_change,fuel_level_change,4742.0,,121.0,,
StationTank,fuel_level_change,fuel_level_change,4743.0,,121.0,,
StationTank,fuel_level_change,fuel_level_change,4744.0,,121.0,,
StationTank,fuel_level_change,fuel_level_change,4745.0,,121.0,,
StationTank,fuel_level_change,fuel_level_change,4746.0,,121.0,,
StationTank,fuel_level_change,fuel_level_change,4747.0,,121.0,,
Car 84,resource_use_end,pumping_ends,4748.0,1.0,,20.0,50.0
Car 84,arrival_departure,depart,4748.0,,,,
StationTank,fuel_level_change,fuel_level_change,4748.0,,121.0,,
Car 86,resource_use,payment_begins,4748.0,1.0,,18.0,50.0
StationTank,fuel_level_change,fuel_level_change,4749.0,,89.0,,
StationTank,fuel_level_change,fuel_level_change,4750.0,,89.0,,
StationTank,fuel_level_change,fuel_level_change,4751.0,,89.0,,
StationTank,fuel_level_change,fuel_level_change,4752.0,,89.0,,
StationTank,fuel_level_change,fuel_level_change,4753.0,,89.0,,
StationTank,fuel_level_change,fuel_level_change,4754.0,,89.0,,
StationTank,fuel_level_change,fuel_level_change,4755.0,,89.0,,
StationTank,fuel_level_change,fuel_level_change,4756.0,,89.0,,
StationTank,fuel_level_change,fuel_level_change,4757.0,,89.0,,
StationTank,fuel_level_change,fuel_level_change,4758.0,,89.0,,
StationTank,fuel_level_change,fuel_level_change,4759.0,,89.0,,
StationTank,fuel_level_change,fuel_level_change,4760.0,,89.0,,
StationTank,fuel_level_change,fuel_level_change,4761.0,,89.0,,
StationTank,fuel_level_change,fuel_level_change,4762.0,,89.0,,
StationTank,fuel_level_change,fuel_level_change,4763.0,,89.0,,
StationTank,fuel_level_change,fuel_level_change,4764.0,,89.0,,
StationTank,fuel_level_change,fuel_level_change,4765.0,,89.0,,
StationTank,fuel_level_change,fuel_level_change,4766.0,,89.0,,
StationTank,fuel_level_change,fuel_level_change,4767.0,,89.0,,
StationTank,fuel_level_change,fuel_level_change,4768.0,,89.0,,
StationTank,fuel_level_change,fuel_level_change,4769.0,,89.0,,
StationTank,fuel_level_change,fuel_level_change,4770.0,,89.0,,
StationTank,fuel_level_change,fuel_level_change,4771.0,,89.0,,
StationTank,fuel_level_change,fuel_level_change,4772.0,,89.0,,
StationTank,fuel_level_change,fuel_level_change,4773.0,,89.0,,
StationTank,fuel_level_change,fuel_level_change,4774.0,,89.0,,
StationTank,fuel_level_change,fuel_level_change,4775.0,,89.0,,
StationTank,fuel_level_change,fuel_level_change,4776.0,,89.0,,
StationTank,fuel_level_change,fuel_level_change,4777.0,,89.0,,
StationTank,fuel_level_change,fuel_level_change,4778.0,,89.0,,
StationTank,fuel_level_change,fuel_level_change,4779.0,,89.0,,
StationTank,fuel_level_change,fuel_level_change,4780.0,,89.0,,
Car 85,resource_use_end,payment_ends,4781.0,2.0,,8.0,50.0
Car 85,resource_use,pumping_begins,4781.0,2.0,,8.0,50.0
StationTank,fuel_level_change,fuel_level_change,4781.0,,89.0,,
StationTank,fuel_level_change,fuel_level_change,4782.0,,89.0,,
StationTank,fuel_level_change,fuel_level_change,4783.0,,89.0,,
StationTank,fuel_level_change,fuel_level_change,4784.0,,89.0,,
StationTank,fuel_level_change,fuel_level_change,4785.0,,89.0,,
StationTank,fuel_level_change,fuel_level_change,4786.0,,89.0,,
StationTank,fuel_level_change,fuel_level_change,4787.0,,89.0,,
StationTank,fuel_level_change,fuel_level_change,4788.0,,89.0,,
StationTank,fuel_level_change,fuel_level_change,4789.0,,89.0,,
StationTank,fuel_level_change,fuel_level_change,4790.0,,89.0,,
StationTank,fuel_level_change,fuel_level_change,4791.0,,89.0,,
StationTank,fuel_level_change,fuel_level_change,4792.0,,89.0,,
StationTank,fuel_level_change,fuel_level_change,4793.0,,89.0,,
StationTank,fuel_level_change,fuel_level_change,4794.0,,89.0,,
StationTank,fuel_level_change,fuel_level_change,4795.0,,89.0,,
StationTank,fuel_level_change,fuel_level_change,4796.0,,89.0,,
StationTank,fuel_level_change,fuel_level_change,4797.0,,89.0,,
StationTank,fuel_level_change,fuel_level_change,4798.0,,89.0,,
StationTank,fuel_level_change,fuel_level_change,4799.0,,89.0,,
StationTank,fuel_level_change,fuel_level_change,4800.0,,89.0,,
StationTank,fuel_level_change,fuel_level_change,4801.0,,89.0,,
StationTank,fuel_level_change,fuel_level_change,4802.0,,89.0,,
StationTank,fuel_level_change,fuel_level_change,4803.0,,89.0,,
StationTank,fuel_level_change,fuel_level_change,4804.0,,89.0,,
Car 86,resource_use_end,payment_ends,4805.0,1.0,,18.0,50.0
Car 86,resource_use,pumping_begins,4805.0,1.0,,18.0,50.0
StationTank,fuel_level_change,fuel_level_change,4805.0,,89.0,,
StationTank,fuel_level_change,fuel_level_change,4806.0,,89.0,,
StationTank,fuel_level_change,fuel_level_change,4807.0,,89.0,,
Car 94,arrival_departure,arrival,4808.0,,,,
Car 94,queue,pump_queue_wait_begins,4808.0,,,13.0,50.0
StationTank,fuel_level_change,fuel_level_change,4808.0,,89.0,,
StationTank,fuel_level_change,fuel_level_change,4809.0,,89.0,,
StationTank,fuel_level_change,fuel_level_change,4810.0,,89.0,,
StationTank,fuel_level_change,fuel_level_change,4811.0,,89.0,,
StationTank,fuel_level_change,fuel_level_change,4812.0,,89.0,,
StationTank,fuel_level_change,fuel_level_change,4813.0,,89.0,,
StationTank,fuel_level_change,fuel_level_change,4814.0,,89.0,,
StationTank,fuel_level_change,fuel_level_change,4815.0,,89.0,,
Call 4,arrival_departure,arrival,4816.0,,,,
Call 4,queue,calling_truck,4816.0,,,,
StationTank,fuel_level_change,fuel_level_change,4816.0,,89.0,,
StationTank,fuel_level_change,fuel_level_change,4817.0,,89.0,,
StationTank,fuel_level_change,fuel_level_change,4818.0,,89.0,,
StationTank,fuel_level_change,fuel_level_change,4819.0,,89.0,,
StationTank,fuel_level_change,fuel_level_change,4820.0,,89.0,,
StationTank,fuel_level_change,fuel_level_change,4821.0,,89.0,,
StationTank,fuel_level_change,fuel_level_change,4822.0,,89.0,,
Car 85,resource_use_end,pumping_ends,4823.0,2.0,,8.0,50.0
Car 85,arrival_departure,depart,4823.0,,,,
StationTank,fuel_level_change,fuel_level_change,4823.0,,89.0,,
Car 87,resource_use,payment_begins,4823.0,2.0,,18.0,50.0
StationTank,fuel_level_change,fuel_level_change,4824.0,,57.0,,
StationTank,fuel_level_change,fuel_level_change,4825.0,,57.0,,
StationTank,fuel_level_change,fuel_level_change,4826.0,,57.0,,
StationTank,fuel_level_change,fuel_level_change,4827.0,,57.0,,
StationTank,fuel_level_change,fuel_level_change,4828.0,,57.0,,
StationTank,fuel_level_change,fuel_level_change,4829.0,,57.0,,
StationTank,fuel_level_change,fuel_level_change,4830.0,,57.0,,
StationTank,fuel_level_change,fuel_level_change,4831.0,,57.0,,
StationTank,fuel_level_change,fuel_level_change,4832.0,,57.0,,
StationTank,fuel_level_change,fuel_level_change,4833.0,,57.0,,
StationTank,fuel_level_change,fuel_level_change,4834.0,,57.0,,
StationTank,fuel_level_change,fuel_level_change,4835.0,,57.0,,
StationTank,fuel_level_change,fuel_level_change,4836.0,,57.0,,
Car 86,resource_use_end,pumping_ends,4837.0,1.0,,18.0,50.0
Car 86,arrival_departure,depart,4837.0,,,,
StationTank,fuel_level_change,fuel_level_change,4837.0,,57.0,,
Car 88,resource_use,payment_begins,4837.0,1.0,,25.0,50.0
StationTank,fuel_level_change,fuel_level_change,4838.0,,32.0,,
StationTank,fuel_level_change,fuel_level_change,4839.0,,32.0,,
StationTank,fuel_level_change,fuel_level_change,4840.0,,32.0,,
StationTank,fuel_level_change,fuel_level_change,4841.0,,32.0,,
StationTank,fuel_level_change,fuel_level_change,4842.0,,32.0,,
StationTank,fuel_level_change,fuel_level_change,4843.0,,32.0,,
StationTank,fuel_level_change,fuel_level_change,4844.0,,32.0,,
StationTank,fuel_level_change,fuel_level_change,4845.0,,32.0,,
Car 95,arrival_departure,arrival,4846.0,,,,
Car 95,queue,pump_queue_wait_begins,4846.0,,,19.0,50.0
StationTank,fuel_level_change,fuel_level_change,4846.0,,32.0,,
StationTank,fuel_level_change,fuel_level_change,4847.0,,32.0,,
StationTank,fuel_level_change,fuel_level_change,4848.0,,32.0,,
StationTank,fuel_level_change,fuel_level_change,4849.0,,32.0,,
StationTank,fuel_level_change,fuel_level_change,4850.0,,32.0,,
StationTank,fuel_level_change,fuel_level_change,4851.0,,32.0,,
StationTank,fuel_level_change,fuel_level_change,4852.0,,32.0,,
StationTank,fuel_level_change,fuel_level_change,4853.0,,32.0,,
StationTank,fuel_level_change,fuel_level_change,4854.0,,32.0,,
StationTank,fuel_level_change,fuel_level_change,4855.0,,32.0,,
StationTank,fuel_level_change,fuel_level_change,4856.0,,32.0,,
StationTank,fuel_level_change,fuel_level_change,4857.0,,32.0,,
StationTank,fuel_level_change,fuel_level_change,4858.0,,32.0,,
StationTank,fuel_level_change,fuel_level_change,4859.0,,32.0,,
StationTank,fuel_level_change,fuel_level_change,4860.0,,32.0,,
StationTank,fuel_level_change,fuel_level_change,4861.0,,32.0,,
StationTank,fuel_level_change,fuel_level_change,4862.0,,32.0,,
StationTank,fuel_level_change,fuel_level_change,4863.0,,32.0,,
StationTank,fuel_level_change,fuel_level_change,4864.0,,32.0,,
StationTank,fuel_level_change,fuel_level_change,4865.0,,32.0,,
StationTank,fuel_level_change,fuel_level_change,4866.0,,32.0,,
StationTank,fuel_level_change,fuel_level_change,4867.0,,32.0,,
StationTank,fuel_level_change,fuel_level_change,4868.0,,32.0,,
StationTank,fuel_level_change,fuel_level_change,4869.0,,32.0,,
Car 96,arrival_departure,arrival,4870.0,,,,
Car 96,queue,pump_queue_wait_begins,4870.0,,,8.0,50.0
StationTank,fuel_level_change,fuel_level_change,4870.0,,32.0,,
StationTank,fuel_level_change,fuel_level_change,4871.0,,32.0,,
StationTank,fuel_level_change,fuel_level_change,4872.0,,32.0,,
StationTank,fuel_level_change,fuel_level_change,4873.0,,32.0,,
StationTank,fuel_level_change,fuel_level_change,4874.0,,32.0,,
StationTank,fuel_level_change,fuel_level_change,4875.0,,32.0,,
StationTank,fuel_level_change,fuel_level_change,4876.0,,32.0,,
StationTank,fuel_level_change,fuel_level_change,4877.0,,32.0,,
StationTank,fuel_level_change,fuel_level_change,4878.0,,32.0,,
StationTank,fuel_level_change,fuel_level_change,4879.0,,32.0,,
StationTank,fuel_level_change,fuel_level_change,4880.0,,32.0,,
StationTank,fuel_level_change,fuel_level_change,4881.0,,32.0,,
Car 87,resource_use_end,payment_ends,4882.0,2.0,,18.0,50.0
Car 87,resource_use,pumping_begins,4882.0,2.0,,18.0,50.0
Car 88,resource_use_end,payment_ends,4882.0,1.0,,25.0,50.0
Car 88,resource_use,pumping_begins,4882.0,1.0,,25.0,50.0
StationTank,fuel_level_change,fuel_level_change,4882.0,,32.0,,
StationTank,fuel_level_change,fuel_level_change,4883.0,,32.0,,
StationTank,fuel_level_change,fuel_level_change,4884.0,,32.0,,
StationTank,fuel_level_change,fuel_level_change,4885.0,,32.0,,
StationTank,fuel_level_change,fuel_level_change,4886.0,,32.0,,
StationTank,fuel_level_change,fuel_level_change,4887.0,,32.0,,
StationTank,fuel_level_change,fuel_level_change,4888.0,,32.0,,
StationTank,fuel_level_change,fuel_level_change,4889.0,,32.0,,
StationTank,fuel_level_change,fuel_level_change,4890.0,,32.0,,
StationTank,fuel_level_change,fuel_level_change,4891.0,,32.0,,
StationTank,fuel_level_change,fuel_level_change,4892.0,,32.0,,
StationTank,fuel_level_change,fuel_level_change,4893.0,,32.0,,
StationTank,fuel_level_change,fuel_level_change,4894.0,,32.0,,
StationTank,fuel_level_change,fuel_level_change,4895.0,,32.0,,
StationTank,fuel_level_change,fuel_level_change,4896.0,,32.0,,
StationTank,fuel_level_change,fuel_level_change,4897.0,,32.0,,
StationTank,fuel_level_change,fuel_level_change,4898.0,,32.0,,
StationTank,fuel_level_change,fuel_level_change,4899.0,,32.0,,
StationTank,fuel_level_change,fuel_level_change,4900.0,,32.0,,
StationTank,fuel_level_change,fuel_level_change,4901.0,,32.0,,
StationTank,fuel_level_change,fuel_level_change,4902.0,,32.0,,
StationTank,fuel_level_change,fuel_level_change,4903.0,,32.0,,
StationTank,fuel_level_change,fuel_level_change,4904.0,,32.0,,
StationTank,fuel_level_change,fuel_level_change,4905.0,,32.0,,
StationTank,fuel_level_change,fuel_level_change,4906.0,,32.0,,
Car 88,resource_use_end,pumping_ends,4907.0,1.0,,25.0,50.0
Car 88,arrival_departure,depart,4907.0,,,,
StationTank,fuel_level_change,fuel_level_change,4907.0,,32.0,,
StationTank,fuel_level_change,fuel_level_change,4908.0,,32.0,,
StationTank,fuel_level_change,fuel_level_change,4909.0,,32.0,,
StationTank,fuel_level_change,fuel_level_change,4910.0,,32.0,,
StationTank,fuel_level_change,fuel_level_change,4911.0,,32.0,,
StationTank,fuel_level_change,fuel_level_change,4912.0,,32.0,,
StationTank,fuel_level_change,fuel_level_change,4913.0,,32.0,,
Car 87,resource_use_end,pumping_ends,4914.0,2.0,,18.0,50.0
Car 87,arrival_departure,depart,4914.0,,,,
StationTank,fuel_level_change,fuel_level_change,4914.0,,32.0,,
StationTank,fuel_level_change,fuel_level_change,4915.0,,32.0,,
StationTank,fuel_level_change,fuel_level_change,4916.0,,32.0,,
StationTank,fuel_level_change,fuel_level_change,4917.0,,32.0,,
StationTank,fuel_level_change,fuel_level_change,4918.0,,32.0,,
StationTank,fuel_level_change,fuel_level_change,4919.0,,32.0,,
StationTank,fuel_level_change,fuel_level_change,4920.0,,32.0,,
StationTank,fuel_level_change,fuel_level_change,4921.0,,32.0,,
StationTank,fuel_level_change,fuel_level_change,4922.0,,32.0,,
StationTank,fuel_level_change,fuel_level_change,4923.0,,32.0,,
StationTank,fuel_level_change,fuel_level_change,4924.0,,32.0,,
StationTank,fuel_level_change,fuel_level_change,4925.0,,32.0,,
StationTank,fuel_level_change,fuel_level_change,4926.0,,32.0,,
StationTank,fuel_level_change,fuel_level_change,4927.0,,32.0,,
StationTank,fuel_level_change,fuel_level_change,4928.0,,32.0,,
StationTank,fuel_level_change,fuel_level_change,4929.0,,32.0,,
StationTank,fuel_level_change,fuel_level_change,4930.0,,32.0,,
StationTank,fuel_level_change,fuel_level_change,4931.0,,32.0,,
StationTank,fuel_level_change,fuel_level_change,4932.0,,32.0,,
StationTank,fuel_level_change,fuel_level_change,4933.0,,32.0,,
StationTank,fuel_level_change,fuel_level_change,4934.0,,32.0,,
StationTank,fuel_level_change,fuel_level_change,4935.0,,32.0,,
StationTank,fuel_level_change,fuel_level_change,4936.0,,32.0,,
StationTank,fuel_level_change,fuel_level_change,4937.0,,32.0,,
StationTank,fuel_level_change,fuel_level_change,4938.0,,32.0,,
StationTank,fuel_level_change,fuel_level_change,4939.0,,32.0,,
StationTank,fuel_level_change,fuel_level_change,4940.0,,32.0,,
StationTank,fuel_level_change,fuel_level_change,4941.0,,32.0,,
StationTank,fuel_level_change,fuel_level_change,4942.0,,32.0,,
StationTank,fuel_level_change,fuel_level_change,4943.0,,32.0,,
StationTank,fuel_level_change,fuel_level_change,4944.0,,32.0,,
StationTank,fuel_level_change,fuel_level_change,4945.0,,32.0,,
StationTank,fuel_level_change,fuel_level_change,4946.0,,32.0,,
StationTank,fuel_level_change,fuel_level_change,4947.0,,32.0,,
StationTank,fuel_level_change,fuel_level_change,4948.0,,32.0,,
StationTank,fuel_level_change,fuel_level_change,4949.0,,32.0,,
StationTank,fuel_level_change,fuel_level_change,4950.0,,32.0,,
StationTank,fuel_level_change,fuel_level_change,4951.0,,32.0,,
StationTank,fuel_level_change,fuel_level_change,4952.0,,32.0,,
StationTank,fuel_level_change,fuel_level_change,4953.0,,32.0,,
StationTank,fuel_level_change,fuel_level_change,4954.0,,32.0,,
Car 97,arrival_departure,arrival,4955.0,,,,
Car 97,queue,pump_queue_wait_begins,4955.0,,,25.0,50.0
StationTank,fuel_level_change,fuel_level_change,4955.0,,32.0,,
StationTank,fuel_level_change,fuel_level_change,4956.0,,32.0,,
StationTank,fuel_level_change,fuel_level_change,4957.0,,32.0,,
StationTank,fuel_level_change,fuel_level_change,4958.0,,32.0,,
StationTank,fuel_level_change,fuel_level_change,4959.0,,32.0,,
StationTank,fuel_level_change,fuel_level_change,4960.0,,32.0,,
StationTank,fuel_level_change,fuel_level_change,4961.0,,32.0,,
StationTank,fuel_level_change,fuel_level_change,4962.0,,32.0,,
StationTank,fuel_level_change,fuel_level_change,4963.0,,32.0,,
StationTank,fuel_level_change,fuel_level_change,4964.0,,32.0,,
StationTank,fuel_level_change,fuel_level_change,4965.0,,32.0,,
StationTank,fuel_level_change,fuel_level_change,4966.0,,32.0,,
StationTank,fuel_level_change,fuel_level_change,4967.0,,32.0,,
StationTank,fuel_level_change,fuel_level_change,4968.0,,32.0,,
StationTank,fuel_level_change,fuel_level_change,4969.0,,32.0,,
StationTank,fuel_level_change,fuel_level_change,4970.0,,32.0,,
StationTank,fuel_level_change,fuel_level_change,4971.0,,32.0,,
StationTank,fuel_level_change,fuel_level_change,4972.0,,32.0,,
StationTank,fuel_level_change,fuel_level_change,4973.0,,32.0,,
StationTank,fuel_level_change,fuel_level_change,4974.0,,32.0,,
StationTank,fuel_level_change,fuel_level_change,4975.0,,32.0,,
Car 98,arrival_departure,arrival,4976.0,,,,
Car 98,queue,pump_queue_wait_begins,4976.0,,,5.0,50.0
StationTank,fuel_level_change,fuel_level_change,4976.0,,32.0,,
StationTank,fuel_level_change,fuel_level_change,4977.0,,32.0,,
StationTank,fuel_level_change,fuel_level_change,4978.0,,32.0,,
StationTank,fuel_level_change,fuel_level_change,4979.0,,32.0,,
StationTank,fuel_level_change,fuel_level_change,4980.0,,32.0,,
StationTank,fuel_level_change,fuel_level_change,4981.0,,32.0,,
StationTank,fuel_level_change,fuel_level_change,4982.0,,32.0,,
StationTank,fuel_level_change,fuel_level_change,4983.0,,32.0,,
StationTank,fuel_level_change,fuel_level_change,4984.0,,32.0,,
StationTank,fuel_level_change,fuel_level_change,4985.0,,32.0,,
StationTank,fuel_level_change,fuel_level_change,4986.0,,32.0,,
StationTank,fuel_level_change,fuel_level_change,4987.0,,32.0,,
StationTank,fuel_level_change,fuel_level_change,4988.0,,32.0,,
StationTank,fuel_level_change,fuel_level_change,4989.0,,32.0,,
StationTank,fuel_level_change,fuel_level_change,4990.0,,32.0,,
StationTank,fuel_level_change,fuel_level_change,4991.0,,32.0,,
StationTank,fuel_level_change,fuel_level_change,4992.0,,32.0,,
StationTank,fuel_level_change,fuel_level_change,4993.0,,32.0,,
StationTank,fuel_level_change,fuel_level_change,4994.0,,32.0,,
StationTank,fuel_level_change,fuel_level_change,4995.0,,32.0,,
StationTank,fuel_level_change,fuel_level_change,4996.0,,32.0,,
StationTank,fuel_level_change,fuel_level_change,4997.0,,32.0,,
StationTank,fuel_level_change,fuel_level_change,4998.0,,32.0,,
StationTank,fuel_level_change,fuel_level_change,4999.0,,32.0,,
StationTank,fuel_level_change,fuel_level_change,5000.0,,32.0,,
StationTank,fuel_level_change,fuel_level_change,5001.0,,32.0,,
StationTank,fuel_level_change,fuel_level_change,5002.0,,32.0,,
StationTank,fuel_level_change,fuel_level_change,5003.0,,32.0,,
StationTank,fuel_level_change,fuel_level_change,5004.0,,32.0,,
StationTank,fuel_level_change,fuel_level_change,5005.0,,32.0,,
StationTank,fuel_level_change,fuel_level_change,5006.0,,32.0,,
StationTank,fuel_level_change,fuel_level_change,5007.0,,32.0,,
StationTank,fuel_level_change,fuel_level_change,5008.0,,32.0,,
StationTank,fuel_level_change,fuel_level_change,5009.0,,32.0,,
StationTank,fuel_level_change,fuel_level_change,5010.0,,32.0,,
StationTank,fuel_level_change,fuel_level_change,5011.0,,32.0,,
StationTank,fuel_level_change,fuel_level_change,5012.0,,32.0,,
StationTank,fuel_level_change,fuel_level_change,5013.0,,32.0,,
StationTank,fuel_level_change,fuel_level_change,5014.0,,32.0,,
StationTank,fuel_level_change,fuel_level_change,5015.0,,32.0,,
StationTank,fuel_level_change,fuel_level_change,5016.0,,32.0,,
StationTank,fuel_level_change,fuel_level_change,5017.0,,32.0,,
StationTank,fuel_level_change,fuel_level_change,5018.0,,32.0,,
StationTank,fuel_level_change,fuel_level_change,5019.0,,32.0,,
StationTank,fuel_level_change,fuel_level_change,5020.0,,32.0,,
StationTank,fuel_level_change,fuel_level_change,5021.0,,32.0,,
StationTank,fuel_level_change,fuel_level_change,5022.0,,32.0,,
StationTank,fuel_level_change,fuel_level_change,5023.0,,32.0,,
StationTank,fuel_level_change,fuel_level_change,5024.0,,32.0,,
StationTank,fuel_level_change,fuel_level_change,5025.0,,32.0,,
StationTank,fuel_level_change,fuel_level_change,5026.0,,32.0,,
StationTank,fuel_level_change,fuel_level_change,5027.0,,32.0,,
StationTank,fuel_level_change,fuel_level_change,5028.0,,32.0,,
StationTank,fuel_level_change,fuel_level_change,5029.0,,32.0,,
StationTank,fuel_level_change,fuel_level_change,5030.0,,32.0,,
StationTank,fuel_level_change,fuel_level_change,5031.0,,32.0,,
StationTank,fuel_level_change,fuel_level_change,5032.0,,32.0,,
StationTank,fuel_level_change,fuel_level_change,5033.0,,32.0,,
StationTank,fuel_level_change,fuel_level_change,5034.0,,32.0,,
StationTank,fuel_level_change,fuel_level_change,5035.0,,32.0,,
StationTank,fuel_level_change,fuel_level_change,5036.0,,32.0,,
StationTank,fuel_level_change,fuel_level_change,5037.0,,32.0,,
StationTank,fuel_level_change,fuel_level_change,5038.0,,32.0,,
StationTank,fuel_level_change,fuel_level_change,5039.0,,32.0,,
StationTank,fuel_level_change,fuel_level_change,5040.0,,32.0,,
StationTank,fuel_level_change,fuel_level_change,5041.0,,32.0,,
StationTank,fuel_level_change,fuel_level_change,5042.0,,32.0,,
StationTank,fuel_level_change,fuel_level_change,5043.0,,32.0,,
StationTank,fuel_level_change,fuel_level_change,5044.0,,32.0,,
StationTank,fuel_level_change,fuel_level_change,5045.0,,32.0,,
StationTank,fuel_level_change,fuel_level_change,5046.0,,32.0,,
StationTank,fuel_level_change,fuel_level_change,5047.0,,32.0,,
StationTank,fuel_level_change,fuel_level_change,5048.0,,32.0,,
StationTank,fuel_level_change,fuel_level_change,5049.0,,32.0,,
StationTank,fuel_level_change,fuel_level_change,5050.0,,32.0,,
StationTank,fuel_level_change,fuel_level_change,5051.0,,32.0,,
StationTank,fuel_level_change,fuel_level_change,5052.0,,32.0,,
StationTank,fuel_level_change,fuel_level_change,5053.0,,32.0,,
StationTank,fuel_level_change,fuel_level_change,5054.0,,32.0,,
StationTank,fuel_level_change,fuel_level_change,5055.0,,32.0,,
StationTank,fuel_level_change,fuel_level_change,5056.0,,32.0,,
StationTank,fuel_level_change,fuel_level_change,5057.0,,32.0,,
StationTank,fuel_level_change,fuel_level_change,5058.0,,32.0,,
StationTank,fuel_level_change,fuel_level_change,5059.0,,32.0,,
Car 99,arrival_departure,arrival,5060.0,,,,
Car 99,queue,pump_queue_wait_begins,5060.0,,,12.0,50.0
StationTank,fuel_level_change,fuel_level_change,5060.0,,32.0,,
StationTank,fuel_level_change,fuel_level_change,5061.0,,32.0,,
StationTank,fuel_level_change,fuel_level_change,5062.0,,32.0,,
StationTank,fuel_level_change,fuel_level_change,5063.0,,32.0,,
StationTank,fuel_level_change,fuel_level_change,5064.0,,32.0,,
StationTank,fuel_level_change,fuel_level_change,5065.0,,32.0,,
StationTank,fuel_level_change,fuel_level_change,5066.0,,32.0,,
StationTank,fuel_level_change,fuel_level_change,5067.0,,32.0,,
StationTank,fuel_level_change,fuel_level_change,5068.0,,32.0,,
StationTank,fuel_level_change,fuel_level_change,5069.0,,32.0,,
StationTank,fuel_level_change,fuel_level_change,5070.0,,32.0,,
StationTank,fuel_level_change,fuel_level_change,5071.0,,32.0,,
StationTank,fuel_level_change,fuel_level_change,5072.0,,32.0,,
StationTank,fuel_level_change,fuel_level_change,5073.0,,32.0,,
StationTank,fuel_level_change,fuel_level_change,5074.0,,32.0,,
StationTank,fuel_level_change,fuel_level_change,5075.0,,32.0,,
StationTank,fuel_level_change,fuel_level_change,5076.0,,32.0,,
StationTank,fuel_level_change,fuel_level_change,5077.0,,32.0,,
StationTank,fuel_level_change,fuel_level_change,5078.0,,32.0,,
StationTank,fuel_level_change,fuel_level_change,5079.0,,32.0,,
StationTank,fuel_level_change,fuel_level_change,5080.0,,32.0,,
StationTank,fuel_level_change,fuel_level_change,5081.0,,32.0,,
StationTank,fuel_level_change,fuel_level_change,5082.0,,32.0,,
StationTank,fuel_level_change,fuel_level_change,5083.0,,32.0,,
StationTank,fuel_level_change,fuel_level_change,5084.0,,32.0,,
StationTank,fuel_level_change,fuel_level_change,5085.0,,32.0,,
Car 100,arrival_departure,arrival,5086.0,,,,
Car 100,queue,pump_queue_wait_begins,5086.0,,,18.0,50.0
StationTank,fuel_level_change,fuel_level_change,5086.0,,32.0,,
StationTank,fuel_level_change,fuel_level_change,5087.0,,32.0,,
StationTank,fuel_level_change,fuel_level_change,5088.0,,32.0,,
StationTank,fuel_level_change,fuel_level_change,5089.0,,32.0,,
StationTank,fuel_level_change,fuel_level_change,5090.0,,32.0,,
StationTank,fuel_level_change,fuel_level_change,5091.0,,32.0,,
StationTank,fuel_level_change,fuel_level_change,5092.0,,32.0,,
StationTank,fuel_level_change,fuel_level_change,5093.0,,32.0,,
StationTank,fuel_level_change,fuel_level_change,5094.0,,32.0,,
StationTank,fuel_level_change,fuel_level_change,5095.0,,32.0,,
StationTank,fuel_level_change,fuel_level_change,5096.0,,32.0,,
StationTank,fuel_level_change,fuel_level_change,5097.0,,32.0,,
StationTank,fuel_level_change,fuel_level_change,5098.0,,32.0,,
StationTank,fuel_level_change,fuel_level_change,5099.0,,32.0,,
StationTank,fuel_level_change,fuel_level_change,5100.0,,32.0,,
StationTank,fuel_level_change,fuel_level_change,5101.0,,32.0,,
StationTank,fuel_level_change,fuel_level_change,5102.0,,32.0,,
StationTank,fuel_level_change,fuel_level_change,5103.0,,32.0,,
StationTank,fuel_level_change,fuel_level_change,5104.0,,32.0,,
StationTank,fuel_level_change,fuel_level_change,5105.0,,32.0,,
StationTank,fuel_level_change,fuel_level_change,5106.0,,32.0,,
StationTank,fuel_level_change,fuel_level_change,5107.0,,32.0,,
StationTank,fuel_level_change,fuel_level_change,5108.0,,32.0,,
StationTank,fuel_level_change,fuel_level_change,5109.0,,32.0,,
StationTank,fuel_level_change,fuel_level_change,5110.0,,32.0,,
StationTank,fuel_level_change,fuel_level_change,5111.0,,32.0,,
StationTank,fuel_level_change,fuel_level_change,5112.0,,32.0,,
StationTank,fuel_level_change,fuel_level_change,5113.0,,32.0,,
StationTank,fuel_level_change,fuel_level_change,5114.0,,32.0,,
StationTank,fuel_level_change,fuel_level_change,5115.0,,32.0,,
Call 4,arrival_departure,depart,5116.0,,,,
Truck 4,arrival_departure,arrival,5116.0,,,,
Truck 4,queue,refuelling,5116.0,,,,
StationTank,fuel_level_change,fuel_level_change,5116.0,,32.0,,
StationTank,fuel_level_change,fuel_level_change,5117.0,,42.0,,
StationTank,fuel_level_change,fuel_level_change,5118.0,,52.0,,
Car 89,resource_use,payment_begins,5118.0,1.0,,6.0,50.0
StationTank,fuel_level_change,fuel_level_change,5119.0,,18.0,,
StationTank,fuel_level_change,fuel_level_change,5120.0,,28.0,,
StationTank,fuel_level_change,fuel_level_change,5121.0,,38.0,,
Car 90,resource_use,payment_begins,5121.0,2.0,,15.0,50.0
Car 101,arrival_departure,arrival,5122.0,,,,
Car 101,queue,pump_queue_wait_begins,5122.0,,,17.0,50.0
StationTank,fuel_level_change,fuel_level_change,5122.0,,13.0,,
StationTank,fuel_level_change,fuel_level_change,5123.0,,23.0,,
StationTank,fuel_level_change,fuel_level_change,5124.0,,33.0,,
StationTank,fuel_level_change,fuel_level_change,5125.0,,43.0,,
StationTank,fuel_level_change,fuel_level_change,5126.0,,53.0,,
StationTank,fuel_level_change,fuel_level_change,5127.0,,63.0,,
StationTank,fuel_level_change,fuel_level_change,5128.0,,73.0,,
StationTank,fuel_level_change,fuel_level_change,5129.0,,83.0,,
StationTank,fuel_level_change,fuel_level_change,5130.0,,93.0,,
StationTank,fuel_level_change,fuel_level_change,5131.0,,103.0,,
StationTank,fuel_level_change,fuel_level_change,5132.0,,113.0,,
StationTank,fuel_level_change,fuel_level_change,5133.0,,123.0,,
StationTank,fuel_level_change,fuel_level_change,5134.0,,133.0,,
StationTank,fuel_level_change,fuel_level_change,5135.0,,143.0,,
StationTank,fuel_level_change,fuel_level_change,5136.0,,153.0,,
StationTank,fuel_level_change,fuel_level_change,5137.0,,163.0,,
StationTank,fuel_level_change,fuel_level_change,5138.0,,173.0,,
StationTank,fuel_level_change,fuel_level_change,5139.0,,183.0,,
StationTank,fuel_level_change,fuel_level_change,5140.0,,193.0,,
StationTank,fuel_level_change,fuel_level_change,5141.0,,203.0,,
StationTank,fuel_level_change,fuel_level_change,5142.0,,213.0,,
StationTank,fuel_level_change,fuel_level_change,5143.0,,223.0,,
StationTank,fuel_level_change,fuel_level_change,5144.0,,233.0,,
StationTank,fuel_level_change,fuel_level_change,5145.0,,243.0,,
StationTank,fuel_level_change,fuel_level_change,5146.0,,253.0,,
StationTank,fuel_level_change,fuel_level_change,5147.0,,263.0,,
StationTank,fuel_level_change,fuel_level_change,5148.0,,273.0,,
StationTank,fuel_level_change,fuel_level_change,5149.0,,283.0,,
StationTank,fuel_level_change,fuel_level_change,5150.0,,293.0,,
StationTank,fuel_level_change,fuel_level_change,5151.0,,303.0,,
StationTank,fuel_level_change,fuel_level_change,5152.0,,313.0,,
StationTank,fuel_level_change,fuel_level_change,5153.0,,323.0,,
StationTank,fuel_level_change,fuel_level_change,5154.0,,333.0,,
StationTank,fuel_level_change,fuel_level_change,5155.0,,343.0,,
StationTank,fuel_level_change,fuel_level_change,5156.0,,353.0,,
StationTank,fuel_level_change,fuel_level_change,5157.0,,363.0,,
StationTank,fuel_level_change,fuel_level_change,5158.0,,373.0,,
StationTank,fuel_level_change,fuel_level_change,5159.0,,383.0,,
StationTank,fuel_level_change,fuel_level_change,5160.0,,393.0,,
StationTank,fuel_level_change,fuel_level_change,5161.0,,403.0,,
StationTank,fuel_level_change,fuel_level_change,5162.0,,413.0,,
StationTank,fuel_level_change,fuel_level_change,5163.0,,423.0,,
Car 102,arrival_departure,arrival,5164.0,,,,
Car 102,queue,pump_queue_wait_begins,5164.0,,,10.0,50.0
StationTank,fuel_level_change,fuel_level_change,5164.0,,433.0,,
StationTank,fuel_level_change,fuel_level_change,5165.0,,443.0,,
StationTank,fuel_level_change,fuel_level_change,5166.0,,453.0,,
StationTank,fuel_level_change,fuel_level_change,5167.0,,463.0,,
StationTank,fuel_level_change,fuel_level_change,5168.0,,473.0,,
StationTank,fuel_level_change,fuel_level_change,5169.0,,483.0,,
StationTank,fuel_level_change,fuel_level_change,5170.0,,493.0,,
StationTank,fuel_level_change,fuel_level_change,5171.0,,503.0,,
StationTank,fuel_level_change,fuel_level_change,5172.0,,513.0,,
StationTank,fuel_level_change,fuel_level_change,5173.0,,523.0,,
StationTank,fuel_level_change,fuel_level_change,5174.0,,533.0,,
StationTank,fuel_level_change,fuel_level_change,5175.0,,543.0,,
StationTank,fuel_level_change,fuel_level_change,5176.0,,553.0,,
StationTank,fuel_level_change,fuel_level_change,5177.0,,563.0,,
StationTank,fuel_level_change,fuel_level_change,5178.0,,573.0,,
Car 89,resource_use_end,payment_ends,5179.0,1.0,,6.0,50.0
Car 89,resource_use,pumping_begins,5179.0,1.0,,6.0,50.0
StationTank,fuel_level_change,fuel_level_change,5179.0,,583.0,,
Truck 4,arrival_departure,depart,5180.0,,,,
StationTank,fuel_level_change,fuel_level_change,5180.0,,593.0,,
Car 90,resource_use_end,payment_ends,5181.0,2.0,,15.0,50.0
Car 90,resource_use,pumping_begins,5181.0,2.0,,15.0,50.0
StationTank,fuel_level_change,fuel_level_change,5181.0,,593.0,,
StationTank,fuel_level_change,fuel_level_change,5182.0,,593.0,,
StationTank,fuel_level_change,fuel_level_change,5183.0,,593.0,,
StationTank,fuel_level_change,fuel_level_change,5184.0,,593.0,,
StationTank,fuel_level_change,fuel_level_change,5185.0,,593.0,,
Car 103,arrival_departure,arrival,5186.0,,,,
Car 103,queue,pump_queue_wait_begins,5186.0,,,5.0,50.0
StationTank,fuel_level_change,fuel_level_change,5186.0,,593.0,,
StationTank,fuel_level_change,fuel_level_change,5187.0,,593.0,,
StationTank,fuel_level_change,fuel_level_change,5188.0,,593.0,,
StationTank,fuel_level_change,fuel_level_change,5189.0,,593.0,,
StationTank,fuel_level_change,fuel_level_change,5190.0,,593.0,,
StationTank,fuel_level_change,fuel_level_change,5191.0,,593.0,,
StationTank,fuel_level_change,fuel_level_change,5192.0,,593.0,,
StationTank,fuel_level_change,fuel_level_change,5193.0,,593.0,,
StationTank,fuel_level_change,fuel_level_change,5194.0,,593.0,,
StationTank,fuel_level_change,fuel_level_change,5195.0,,593.0,,
StationTank,fuel_level_change,fuel_level_change,5196.0,,593.0,,
StationTank,fuel_level_change,fuel_level_change,5197.0,,593.0,,
StationTank,fuel_level_change,fuel_level_change,5198.0,,593.0,,
StationTank,fuel_level_change,fuel_level_change,5199.0,,593.0,,
StationTank,fuel_level_change,fuel_level_change,5200.0,,593.0,,
StationTank,fuel_level_change,fuel_level_change,5201.0,,593.0,,
StationTank,fuel_level_change,fuel_level_change,5202.0,,593.0,,
StationTank,fuel_level_change,fuel_level_change,5203.0,,593.0,,
StationTank,fuel_level_change,fuel_level_change,5204.0,,593.0,,
StationTank,fuel_level_change,fuel_level_change,5205.0,,593.0,,
StationTank,fuel_level_change,fuel_level_change,5206.0,,593.0,,
StationTank,fuel_level_change,fuel_level_change,5207.0,,593.0,,
StationTank,fuel_level_change,fuel_level_change,5208.0,,593.0,,
StationTank,fuel_level_change,fuel_level_change,5209.0,,593.0,,
StationTank,fuel_level_change,fuel_level_change,5210.0,,593.0,,
StationTank,fuel_level_change,fuel_level_change,5211.0,,593.0,,
StationTank,fuel_level_change,fuel_level_change,5212.0,,593.0,,
StationTank,fuel_level_change,fuel_level_change,5213.0,,593.0,,
StationTank,fuel_level_change,fuel_level_change,5214.0,,593.0,,
StationTank,fuel_level_change,fuel_level_change,5215.0,,593.0,,
Car 90,resource_use_end,pumping_ends,5216.0,2.0,,15.0,50.0
Car 90,arrival_departure,depart,5216.0,,,,
StationTank,fuel_level_change,fuel_level_change,5216.0,,593.0,,
Car 91,resource_use,payment_begins,5216.0,2.0,,12.0,50.0
StationTank,fuel_level_change,fuel_level_change,5217.0,,555.0,,
StationTank,fuel_level_change,fuel_level_change,5218.0,,555.0,,
StationTank,fuel_level_change,fuel_level_change,5219.0,,555.0,,
StationTank,fuel_level_change,fuel_level_change,5220.0,,555.0,,
StationTank,fuel_level_change,fuel_level_change,5221.0,,555.0,,
StationTank,fuel_level_change,fuel_level_change,5222.0,,555.0,,
Car 89,resource_use_end,pumping_ends,5223.0,1.0,,6.0,50.0
Car 89,arrival_departure,depart,5223.0,,,,
StationTank,fuel_level_change,fuel_level_change,5223.0,,555.0,,
Car 92,resource_use,payment_begins,5223.0,1.0,,11.0,50.0
StationTank,fuel_level_change,fuel_level_change,5224.0,,516.0,,
StationTank,fuel_level_change,fuel_level_change,5225.0,,516.0,,
StationTank,fuel_level_change,fuel_level_change,5226.0,,516.0,,
StationTank,fuel_level_change,fuel_level_change,5227.0,,516.0,,
StationTank,fuel_level_change,fuel_level_change,5228.0,,516.0,,
StationTank,fuel_level_change,fuel_level_change,5229.0,,516.0,,
StationTank,fuel_level_change,fuel_level_change,5230.0,,516.0,,
StationTank,fuel_level_change,fuel_level_change,5231.0,,516.0,,
StationTank,fuel_level_change,fuel_level_change,5232.0,,516.0,,
StationTank,fuel_level_change,fuel_level_change,5233.0,,516.0,,
StationTank,fuel_level_change,fuel_level_change,5234.0,,516.0,,
StationTank,fuel_level_change,fuel_level_change,5235.0,,516.0,,
StationTank,fuel_level_change,fuel_level_change,5236.0,,516.0,,
StationTank,fuel_level_change,fuel_level_change,5237.0,,516.0,,
StationTank,fuel_level_change,fuel_level_change,5238.0,,516.0,,
StationTank,fuel_level_change,fuel_level_change,5239.0,,516.0,,
StationTank,fuel_level_change,fuel_level_change,5240.0,,516.0,,
StationTank,fuel_level_change,fuel_level_change,5241.0,,516.0,,
StationTank,fuel_level_change,fuel_level_change,5242.0,,516.0,,
StationTank,fuel_level_change,fuel_level_change,5243.0,,516.0,,
StationTank,fuel_level_change,fuel_level_change,5244.0,,516.0,,
StationTank,fuel_level_change,fuel_level_change,5245.0,,516.0,,
StationTank,fuel_level_change,fuel_level_change,5246.0,,516.0,,
StationTank,fuel_level_change,fuel_level_change,5247.0,,516.0,,
StationTank,fuel_level_change,fuel_level_change,5248.0,,516.0,,
Car 104,arrival_departure,arrival,5249.0,,,,
Car 104,queue,pump_queue_wait_begins,5249.0,,,14.0,50.0
StationTank,fuel_level_change,fuel_level_change,5249.0,,516.0,,
StationTank,fuel_level_change,fuel_level_change,5250.0,,516.0,,
StationTank,fuel_level_change,fuel_level_change,5251.0,,516.0,,
StationTank,fuel_level_change,fuel_level_change,5252.0,,516.0,,
StationTank,fuel_level_change,fuel_level_change,5253.0,,516.0,,
StationTank,fuel_level_change,fuel_level_change,5254.0,,516.0,,
StationTank,fuel_level_change,fuel_level_change,5255.0,,516.0,,
StationTank,fuel_level_change,fuel_level_change,5256.0,,516.0,,
StationTank,fuel_level_change,fuel_level_change,5257.0,,516.0,,
StationTank,fuel_level_change,fuel_level_change,5258.0,,516.0,,
StationTank,fuel_level_change,fuel_level_change,5259.0,,516.0,,
StationTank,fuel_level_change,fuel_level_change,5260.0,,516.0,,
StationTank,fuel_level_change,fuel_level_change,5261.0,,516.0,,
StationTank,fuel_level_change,fuel_level_change,5262.0,,516.0,,
StationTank,fuel_level_change,fuel_level_change,5263.0,,516.0,,
StationTank,fuel_level_change,fuel_level_change,5264.0,,516.0,,
StationTank,fuel_level_change,fuel_level_change,5265.0,,516.0,,
StationTank,fuel_level_change,fuel_level_change,5266.0,,516.0,,
StationTank,fuel_level_change,fuel_level_change,5267.0,,516.0,,
StationTank,fuel_level_change,fuel_level_change,5268.0,,516.0,,
Car 92,resource_use_end,payment_ends,5269.0,1.0,,11.0,50.0
Car 92,resource_use,pumping_begins,5269.0,1.0,,11.0,50.0
StationTank,fuel_level_change,fuel_level_change,5269.0,,516.0,,
Car 91,resource_use_end,payment_ends,5270.0,2.0,,12.0,50.0
Car 91,resource_use,pumping_begins,5270.0,2.0,,12.0,50.0
StationTank,fuel_level_change,fuel_level_change,5270.0,,516.0,,
StationTank,fuel_level_change,fuel_level_change,5271.0,,516.0,,
StationTank,fuel_level_change,fuel_level_change,5272.0,,516.0,,
StationTank,fuel_level_change,fuel_level_change,5273.0,,516.0,,
StationTank,fuel_level_change,fuel_level_change,5274.0,,516.0,,
StationTank,fuel_level_change,fuel_level_change,5275.0,,516.0,,
StationTank,fuel_level_change,fuel_level_change,5276.0,,516.0,,
StationTank,fuel_level_change,fuel_level_change,5277.0,,516.0,,
StationTank,fuel_level_change,fuel_level_change,5278.0,,516.0,,
StationTank,fuel_level_change,fuel_level_change,5279.0,,516.0,,
StationTank,fuel_level_change,fuel_level_change,5280.0,,516.0,,
StationTank,fuel_level_change,fuel_level_change,5281.0,,516.0,,
StationTank,fuel_level_change,fuel_level_change,5282.0,,516.0,,
StationTank,fuel_level_change,fuel_level_change,5283.0,,516.0,,
StationTank,fuel_level_change,fuel_level_change,5284.0,,516.0,,
StationTank,fuel_level_change,fuel_level_change,5285.0,,516.0,,
StationTank,fuel_level_change,fuel_level_change,5286.0,,516.0,,
StationTank,fuel_level_change,fuel_level_change,5287.0,,516.0,,
StationTank,fuel_level_change,fuel_level_change,5288.0,,516.0,,
StationTank,fuel_level_change,fuel_level_change,5289.0,,516.0,,
StationTank,fuel_level_change,fuel_level_change,5290.0,,516.0,,
StationTank,fuel_level_change,fuel_level_change,5291.0,,516.0,,
StationTank,fuel_level_change,fuel_level_change,5292.0,,516.0,,
StationTank,fuel_level_change,fuel_level_change,5293.0,,516.0,,
StationTank,fuel_level_change,fuel_level_change,5294.0,,516.0,,
StationTank,fuel_level_change,fuel_level_change,5295.0,,516.0,,
StationTank,fuel_level_change,fuel_level_change,5296.0,,516.0,,
StationTank,fuel_level_change,fuel_level_change,5297.0,,516.0,,
StationTank,fuel_level_change,fuel_level_change,5298.0,,516.0,,
StationTank,fuel_level_change,fuel_level_change,5299.0,,516.0,,
StationTank,fuel_level_change,fuel_level_change,5300.0,,516.0,,
StationTank,fuel_level_change,fuel_level_change,5301.0,,516.0,,
StationTank,fuel_level_change,fuel_level_change,5302.0,,516.0,,
StationTank,fuel_level_change,fuel_level_change,5303.0,,516.0,,
StationTank,fuel_level_change,fuel_level_change,5304.0,,516.0,,
StationTank,fuel_level_change,fuel_level_change,5305.0,,516.0,,
StationTank,fuel_level_change,fuel_level_change,5306.0,,516.0,,
StationTank,fuel_level_change,fuel_level_change,5307.0,,516.0,,
Car 92,resource_use_end,pumping_ends,5308.0,1.0,,11.0,50.0
Car 92,arrival_departure,depart,5308.0,,,,
Car 91,resource_use_end,pumping_ends,5308.0,2.0,,12.0,50.0
Car 91,arrival_departure,depart,5308.0,,,,
StationTank,fuel_level_change,fuel_level_change,5308.0,,516.0,,
Car 93,resource_use,payment_begins,5308.0,1.0,,9.0,50.0
Car 94,resource_use,payment_begins,5308.0,2.0,,13.0,50.0
StationTank,fuel_level_change,fuel_level_change,5309.0,,438.0,,
StationTank,fuel_level_change,fuel_level_change,5310.0,,438.0,,
StationTank,fuel_level_change,fuel_level_change,5311.0,,438.0,,
StationTank,fuel_level_change,fuel_level_change,5312.0,,438.0,,
StationTank,fuel_level_change,fuel_level_change,5313.0,,438.0,,
StationTank,fuel_level_change,fuel_level_change,5314.0,,438.0,,
StationTank,fuel_level_change,fuel_level_change,5315.0,,438.0,,
StationTank,fuel_level_change,fuel_level_change,5316.0,,438.0,,
StationTank,fuel_level_change,fuel_level_change,5317.0,,438.0,,
StationTank,fuel_level_change,fuel_level_change,5318.0,,438.0,,
StationTank,fuel_level_change,fuel_level_change,5319.0,,438.0,,
StationTank,fuel_level_change,fuel_level_change,5320.0,,438.0,,
StationTank,fuel_level_change,fuel_level_change,5321.0,,438.0,,
Car 105,arrival_departure,arrival,5322.0,,,,
Car 105,queue,pump_queue_wait_begins,5322.0,,,20.0,50.0
StationTank,fuel_level_change,fuel_level_change,5322.0,,438.0,,
StationTank,fuel_level_change,fuel_level_change,5323.0,,438.0,,
StationTank,fuel_level_change,fuel_level_change,5324.0,,438.0,,
StationTank,fuel_level_change,fuel_level_change,5325.0,,438.0,,
StationTank,fuel_level_change,fuel_level_change,5326.0,,438.0,,
StationTank,fuel_level_change,fuel_level_change,5327.0,,438.0,,
StationTank,fuel_level_change,fuel_level_change,5328.0,,438.0,,
StationTank,fuel_level_change,fuel_level_change,5329.0,,438.0,,
StationTank,fuel_level_change,fuel_level_change,5330.0,,438.0,,
StationTank,fuel_level_change,fuel_level_change,5331.0,,438.0,,
StationTank,fuel_level_change,fuel_level_change,5332.0,,438.0,,
StationTank,fuel_level_change,fuel_level_change,5333.0,,438.0,,
StationTank,fuel_level_change,fuel_level_change,5334.0,,438.0,,
StationTank,fuel_level_change,fuel_level_change,5335.0,,438.0,,
StationTank,fuel_level_change,fuel_level_change,5336.0,,438.0,,
StationTank,fuel_level_change,fuel_level_change,5337.0,,438.0,,
StationTank,fuel_level_change,fuel_level_change,5338.0,,438.0,,
StationTank,fuel_level_change,fuel_level_change,5339.0,,438.0,,
StationTank,fuel_level_change,fuel_level_change,5340.0,,438.0,,
StationTank,fuel_level_change,fuel_level_change,5341.0,,438.0,,
StationTank,fuel_level_change,fuel_level_change,5342.0,,438.0,,
StationTank,fuel_level_change,fuel_level_change,5343.0,,438.0,,
StationTank,fuel_level_change,fuel_level_change,5344.0,,438.0,,
StationTank,fuel_level_change,fuel_level_change,5345.0,,438.0,,
StationTank,fuel_level_change,fuel_level_change,5346.0,,438.0,,
StationTank,fuel_level_change,fuel_level_change,5347.0,,438.0,,
StationTank,fuel_level_change,fuel_level_change,5348.0,,438.0,,
StationTank,fuel_level_change,fuel_level_change,5349.0,,438.0,,
StationTank,fuel_level_change,fuel_level_change,5350.0,,438.0,,
StationTank,fuel_level_change,fuel_level_change,5351.0,,438.0,,
StationTank,fuel_level_change,fuel_level_change,5352.0,,438.0,,
StationTank,fuel_level_change,fuel_level_change,5353.0,,438.0,,
StationTank,fuel_level_change,fuel_level_change,5354.0,,438.0,,
StationTank,fuel_level_change,fuel_level_change,5355.0,,438.0,,
StationTank,fuel_level_change,fuel_level_change,5356.0,,438.0,,
StationTank,fuel_level_change,fuel_level_change,5357.0,,438.0,,
StationTank,fuel_level_change,fuel_level_change,5358.0,,438.0,,
StationTank,fuel_level_change,fuel_level_change,5359.0,,438.0,,
StationTank,fuel_level_change,fuel_level_change,5360.0,,438.0,,
StationTank,fuel_level_change,fuel_level_change,5361.0,,438.0,,
StationTank,fuel_level_change,fuel_level_change,5362.0,,438.0,,
StationTank,fuel_level_change,fuel_level_change,5363.0,,438.0,,
StationTank,fuel_level_change,fuel_level_change,5364.0,,438.0,,
Car 93,resource_use_end,payment_ends,5365.0,1.0,,9.0,50.0
Car 93,resource_use,pumping_begins,5365.0,1.0,,9.0,50.0
StationTank,fuel_level_change,fuel_level_change,5365.0,,438.0,,
StationTank,fuel_level_change,fuel_level_change,5366.0,,438.0,,
StationTank,fuel_level_change,fuel_level_change,5367.0,,438.0,,
StationTank,fuel_level_change,fuel_level_change,5368.0,,438.0,,
StationTank,fuel_level_change,fuel_level_change,5369.0,,438.0,,
StationTank,fuel_level_change,fuel_level_change,5370.0,,438.0,,
StationTank,fuel_level_change,fuel_level_change,5371.0,,438.0,,
StationTank,fuel_level_change,fuel_level_change,5372.0,,438.0,,
StationTank,fuel_level_change,fuel_level_change,5373.0,,438.0,,
StationTank,fuel_level_change,fuel_level_change,5374.0,,438.0,,
StationTank,fuel_level_change,fuel_level_change,5375.0,,438.0,,
StationTank,fuel_level_change,fuel_level_change,5376.0,,438.0,,
StationTank,fuel_level_change,fuel_level_change,5377.0,,438.0,,
StationTank,fuel_level_change,fuel_level_change,5378.0,,438.0,,
StationTank,fuel_level_change,fuel_level_change,5379.0,,438.0,,
StationTank,fuel_level_change,fuel_level_change,5380.0,,438.0,,
StationTank,fuel_level_change,fuel_level_change,5381.0,,438.0,,
Car 94,resource_use_end,payment_ends,5382.0,2.0,,13.0,50.0
Car 94,resource_use,pumping_begins,5382.0,2.0,,13.0,50.0
StationTank,fuel_level_change,fuel_level_change,5382.0,,438.0,,
StationTank,fuel_level_change,fuel_level_change,5383.0,,438.0,,
StationTank,fuel_level_change,fuel_level_change,5384.0,,438.0,,
StationTank,fuel_level_change,fuel_level_change,5385.0,,438.0,,
StationTank,fuel_level_change,fuel_level_change,5386.0,,438.0,,
StationTank,fuel_level_change,fuel_level_change,5387.0,,438.0,,
StationTank,fuel_level_change,fuel_level_change,5388.0,,438.0,,
StationTank,fuel_level_change,fuel_level_change,5389.0,,438.0,,
StationTank,fuel_level_change,fuel_level_change,5390.0,,438.0,,
StationTank,fuel_level_change,fuel_level_change,5391.0,,438.0,,
StationTank,fuel_level_change,fuel_level_change,5392.0,,438.0,,
StationTank,fuel_level_change,fuel_level_change,5393.0,,438.0,,
StationTank,fuel_level_change,fuel_level_change,5394.0,,438.0,,
StationTank,fuel_level_change,fuel_level_change,5395.0,,438.0,,
StationTank,fuel_level_change,fuel_level_change,5396.0,,438.0,,
StationTank,fuel_level_change,fuel_level_change,5397.0,,438.0,,
StationTank,fuel_level_change,fuel_level_change,5398.0,,438.0,,
StationTank,fuel_level_change,fuel_level_change,5399.0,,438.0,,
StationTank,fuel_level_change,fuel_level_change,5400.0,,438.0,,
StationTank,fuel_level_change,fuel_level_change,5401.0,,438.0,,
StationTank,fuel_level_change,fuel_level_change,5402.0,,438.0,,
StationTank,fuel_level_change,fuel_level_change,5403.0,,438.0,,
StationTank,fuel_level_change,fuel_level_change,5404.0,,438.0,,
StationTank,fuel_level_change,fuel_level_change,5405.0,,438.0,,
Car 93,resource_use_end,pumping_ends,5406.0,1.0,,9.0,50.0
Car 93,arrival_departure,depart,5406.0,,,,
StationTank,fuel_level_change,fuel_level_change,5406.0,,438.0,,
Car 95,resource_use,payment_begins,5406.0,1.0,,19.0,50.0
StationTank,fuel_level_change,fuel_level_change,5407.0,,407.0,,
Car 106,arrival_departure,arrival,5408.0,,,,
Car 106,queue,pump_queue_wait_begins,5408.0,,,14.0,50.0
StationTank,fuel_level_change,fuel_level_change,5408.0,,407.0,,
StationTank,fuel_level_change,fuel_level_change,5409.0,,407.0,,
StationTank,fuel_level_change,fuel_level_change,5410.0,,407.0,,
StationTank,fuel_level_change,fuel_level_change,5411.0,,407.0,,
StationTank,fuel_level_change,fuel_level_change,5412.0,,407.0,,
StationTank,fuel_level_change,fuel_level_change,5413.0,,407.0,,
StationTank,fuel_level_change,fuel_level_change,5414.0,,407.0,,
StationTank,fuel_level_change,fuel_level_change,5415.0,,407.0,,
StationTank,fuel_level_change,fuel_level_change,5416.0,,407.0,,
StationTank,fuel_level_change,fuel_level_change,5417.0,,407.0,,
StationTank,fuel_level_change,fuel_level_change,5418.0,,407.0,,
Car 94,resource_use_end,pumping_ends,5419.0,2.0,,13.0,50.0
Car 94,arrival_departure,depart,5419.0,,,,
StationTank,fuel_level_change,fuel_level_change,5419.0,,407.0,,
Car 96,resource_use,payment_begins,5419.0,2.0,,8.0,50.0
StationTank,fuel_level_change,fuel_level_change,5420.0,,365.0,,
StationTank,fuel_level_change,fuel_level_change,5421.0,,365.0,,
StationTank,fuel_level_change,fuel_level_change,5422.0,,365.0,,
StationTank,fuel_level_change,fuel_level_change,5423.0,,365.0,,
StationTank,fuel_level_change,fuel_level_change,5424.0,,365.0,,
StationTank,fuel_level_change,fuel_level_change,5425.0,,365.0,,
StationTank,fuel_level_change,fuel_level_change,5426.0,,365.0,,
StationTank,fuel_level_change,fuel_level_change,5427.0,,365.0,,
StationTank,fuel_level_change,fuel_level_change,5428.0,,365.0,,
StationTank,fuel_level_change,fuel_level_change,5429.0,,365.0,,
StationTank,fuel_level_change,fuel_level_change,5430.0,,365.0,,
StationTank,fuel_level_change,fuel_level_change,5431.0,,365.0,,
StationTank,fuel_level_change,fuel_level_change,5432.0,,365.0,,
StationTank,fuel_level_change,fuel_level_change,5433.0,,365.0,,
StationTank,fuel_level_change,fuel_level_change,5434.0,,365.0,,
StationTank,fuel_level_change,fuel_level_change,5435.0,,365.0,,
StationTank,fuel_level_change,fuel_level_change,5436.0,,365.0,,
StationTank,fuel_level_change,fuel_level_change,5437.0,,365.0,,
StationTank,fuel_level_change,fuel_level_change,5438.0,,365.0,,
StationTank,fuel_level_change,fuel_level_change,5439.0,,365.0,,
StationTank,fuel_level_change,fuel_level_change,5440.0,,365.0,,
StationTank,fuel_level_change,fuel_level_change,5441.0,,365.0,,
StationTank,fuel_level_change,fuel_level_change,5442.0,,365.0,,
StationTank,fuel_level_change,fuel_level_change,5443.0,,365.0,,
StationTank,fuel_level_change,fuel_level_change,5444.0,,365.0,,
Car 95,resource_use_end,payment_ends,5445.0,1.0,,19.0,50.0
Car 95,resource_use,pumping_begins,5445.0,1.0,,19.0,50.0
StationTank,fuel_level_change,fuel_level_change,5445.0,,365.0,,
StationTank,fuel_level_change,fuel_level_change,5446.0,,365.0,,
Car 107,arrival_departure,arrival,5447.0,,,,
Car 107,queue,pump_queue_wait_begins,5447.0,,,23.0,50.0
StationTank,fuel_level_change,fuel_level_change,5447.0,,365.0,,
StationTank,fuel_level_change,fuel_level_change,5448.0,,365.0,,
StationTank,fuel_level_change,fuel_level_change,5449.0,,365.0,,
StationTank,fuel_level_change,fuel_level_change,5450.0,,365.0,,
StationTank,fuel_level_change,fuel_level_change,5451.0,,365.0,,
StationTank,fuel_level_change,fuel_level_change,5452.0,,365.0,,
StationTank,fuel_level_change,fuel_level_change,5453.0,,365.0,,
StationTank,fuel_level_change,fuel_level_change,5454.0,,365.0,,
StationTank,fuel_level_change,fuel_level_change,5455.0,,365.0,,
StationTank,fuel_level_change,fuel_level_change,5456.0,,365.0,,
StationTank,fuel_level_change,fuel_level_change,5457.0,,365.0,,
StationTank,fuel_level_change,fuel_level_change,5458.0,,365.0,,
StationTank,fuel_level_change,fuel_level_change,5459.0,,365.0,,
StationTank,fuel_level_change,fuel_level_change,5460.0,,365.0,,
StationTank,fuel_level_change,fuel_level_change,5461.0,,365.0,,
Car 96,resource_use_end,payment_ends,5462.0,2.0,,8.0,50.0
Car 96,resource_use,pumping_begins,5462.0,2.0,,8.0,50.0
StationTank,fuel_level_change,fuel_level_change,5462.0,,365.0,,
StationTank,fuel_level_change,fuel_level_change,5463.0,,365.0,,
StationTank,fuel_level_change,fuel_level_change,5464.0,,365.0,,
StationTank,fuel_level_change,fuel_level_change,5465.0,,365.0,,
StationTank,fuel_level_change,fuel_level_change,5466.0,,365.0,,
StationTank,fuel_level_change,fuel_level_change,5467.0,,365.0,,
StationTank,fuel_level_change,fuel_level_change,5468.0,,365.0,,
Car 108,arrival_departure,arrival,5469.0,,,,
Car 108,queue,pump_queue_wait_begins,5469.0,,,6.0,50.0
StationTank,fuel_level_change,fuel_level_change,5469.0,,365.0,,
StationTank,fuel_level_change,fuel_level_change,5470.0,,365.0,,
StationTank,fuel_level_change,fuel_level_change,5471.0,,365.0,,
StationTank,fuel_level_change,fuel_level_change,5472.0,,365.0,,
StationTank,fuel_level_change,fuel_level_change,5473.0,,365.0,,
StationTank,fuel_level_change,fuel_level_change,5474.0,,365.0,,
StationTank,fuel_level_change,fuel_level_change,5475.0,,365.0,,
Car 95,resource_use_end,pumping_ends,5476.0,1.0,,19.0,50.0
Car 95,arrival_departure,depart,5476.0,,,,
StationTank,fuel_level_change,fuel_level_change,5476.0,,365.0,,
Car 97,resource_use,payment_begins,5476.0,1.0,,25.0,50.0
StationTank,fuel_level_change,fuel_level_change,5477.0,,340.0,,
StationTank,fuel_level_change,fuel_level_change,5478.0,,340.0,,
StationTank,fuel_level_change,fuel_level_change,5479.0,,340.0,,
StationTank,fuel_level_change,fuel_level_change,5480.0,,340.0,,
StationTank,fuel_level_change,fuel_level_change,5481.0,,340.0,,
StationTank,fuel_level_change,fuel_level_change,5482.0,,340.0,,
StationTank,fuel_level_change,fuel_level_change,5483.0,,340.0,,
StationTank,fuel_level_change,fuel_level_change,5484.0,,340.0,,
StationTank,fuel_level_change,fuel_level_change,5485.0,,340.0,,
StationTank,fuel_level_change,fuel_level_change,5486.0,,340.0,,
StationTank,fuel_level_change,fuel_level_change,5487.0,,340.0,,
StationTank,fuel_level_change,fuel_level_change,5488.0,,340.0,,
StationTank,fuel_level_change,fuel_level_change,5489.0,,340.0,,
StationTank,fuel_level_change,fuel_level_change,5490.0,,340.0,,
StationTank,fuel_level_change,fuel_level_change,5491.0,,340.0,,
StationTank,fuel_level_change,fuel_level_change,5492.0,,340.0,,
StationTank,fuel_level_change,fuel_level_change,5493.0,,340.0,,
StationTank,fuel_level_change,fuel_level_change,5494.0,,340.0,,
StationTank,fuel_level_change,fuel_level_change,5495.0,,340.0,,
StationTank,fuel_level_change,fuel_level_change,5496.0,,340.0,,
StationTank,fuel_level_change,fuel_level_change,5497.0,,340.0,,
StationTank,fuel_level_change,fuel_level_change,5498.0,,340.0,,
StationTank,fuel_level_change,fuel_level_change,5499.0,,340.0,,
StationTank,fuel_level_change,fuel_level_change,5500.0,,340.0,,
StationTank,fuel_level_change,fuel_level_change,5501.0,,340.0,,
StationTank,fuel_level_change,fuel_level_change,5502.0,,340.0,,
StationTank,fuel_level_change,fuel_level_change,5503.0,,340.0,,
Car 96,resource_use_end,pumping_ends,5504.0,2.0,,8.0,50.0
Car 96,arrival_departure,depart,5504.0,,,,
StationTank,fuel_level_change,fuel_level_change,5504.0,,340.0,,
Car 98,resource_use,payment_begins,5504.0,2.0,,5.0,50.0
StationTank,fuel_level_change,fuel_level_change,5505.0,,295.0,,
StationTank,fuel_level_change,fuel_level_change,5506.0,,295.0,,
StationTank,fuel_level_change,fuel_level_change,5507.0,,295.0,,
StationTank,fuel_level_change,fuel_level_change,5508.0,,295.0,,
StationTank,fuel_level_change,fuel_level_change,5509.0,,295.0,,
StationTank,fuel_level_change,fuel_level_change,5510.0,,295.0,,
StationTank,fuel_level_change,fuel_level_change,5511.0,,295.0,,
StationTank,fuel_level_change,fuel_level_change,5512.0,,295.0,,
StationTank,fuel_level_change,fuel_level_change,5513.0,,295.0,,
StationTank,fuel_level_change,fuel_level_change,5514.0,,295.0,,
StationTank,fuel_level_change,fuel_level_change,5515.0,,295.0,,
StationTank,fuel_level_change,fuel_level_change,5516.0,,295.0,,
StationTank,fuel_level_change,fuel_level_change,5517.0,,295.0,,
StationTank,fuel_level_change,fuel_level_change,5518.0,,295.0,,
StationTank,fuel_level_change,fuel_level_change,5519.0,,295.0,,
StationTank,fuel_level_change,fuel_level_change,5520.0,,295.0,,
StationTank,fuel_level_change,fuel_level_change,5521.0,,295.0,,
StationTank,fuel_level_change,fuel_level_change,5522.0,,295.0,,
StationTank,fuel_level_change,fuel_level_change,5523.0,,295.0,,
StationTank,fuel_level_change,fuel_level_change,5524.0,,295.0,,
StationTank,fuel_level_change,fuel_level_change,5525.0,,295.0,,
StationTank,fuel_level_change,fuel_level_change,5526.0,,295.0,,
StationTank,fuel_level_change,fuel_level_change,5527.0,,295.0,,
StationTank,fuel_level_change,fuel_level_change,5528.0,,295.0,,
StationTank,fuel_level_change,fuel_level_change,5529.0,,295.0,,
StationTank,fuel_level_change,fuel_level_change,5530.0,,295.0,,
StationTank,fuel_level_change,fuel_level_change,5531.0,,295.0,,
StationTank,fuel_level_change,fuel_level_change,5532.0,,295.0,,
StationTank,fuel_level_change,fuel_level_change,5533.0,,295.0,,
StationTank,fuel_level_change,fuel_level_change,5534.0,,295.0,,
StationTank,fuel_level_change,fuel_level_change,5535.0,,295.0,,
StationTank,fuel_level_change,fuel_level_change,5536.0,,295.0,,
StationTank,fuel_level_change,fuel_level_change,5537.0,,295.0,,
StationTank,fuel_level_change,fuel_level_change,5538.0,,295.0,,
StationTank,fuel_level_change,fuel_level_change,5539.0,,295.0,,
StationTank,fuel_level_change,fuel_level_change,5540.0,,295.0,,
StationTank,fuel_level_change,fuel_level_change,5541.0,,295.0,,
StationTank,fuel_level_change,fuel_level_change,5542.0,,295.0,,
StationTank,fuel_level_change,fuel_level_change,5543.0,,295.0,,
StationTank,fuel_level_change,fuel_level_change,5544.0,,295.0,,
StationTank,fuel_level_change,fuel_level_change,5545.0,,295.0,,
StationTank,fuel_level_change,fuel_level_change,5546.0,,295.0,,
StationTank,fuel_level_change,fuel_level_change,5547.0,,295.0,,
StationTank,fuel_level_change,fuel_level_change,5548.0,,295.0,,
StationTank,fuel_level_change,fuel_level_change,5549.0,,295.0,,
StationTank,fuel_level_change,fuel_level_change,5550.0,,295.0,,
StationTank,fuel_level_change,fuel_level_change,5551.0,,295.0,,
StationTank,fuel_level_change,fuel_level_change,5552.0,,295.0,,
Car 109,arrival_departure,arrival,5553.0,,,,
Car 109,queue,pump_queue_wait_begins,5553.0,,,6.0,50.0
Car 97,resource_use_end,payment_ends,5553.0,1.0,,25.0,50.0
Car 97,resource_use,pumping_begins,5553.0,1.0,,25.0,50.0
StationTank,fuel_level_change,fuel_level_change,5553.0,,295.0,,
Car 98,resource_use_end,payment_ends,5554.0,2.0,,5.0,50.0
Car 98,resource_use,pumping_begins,5554.0,2.0,,5.0,50.0
StationTank,fuel_level_change,fuel_level_change,5554.0,,295.0,,
StationTank,fuel_level_change,fuel_level_change,5555.0,,295.0,,
StationTank,fuel_level_change,fuel_level_change,5556.0,,295.0,,
StationTank,fuel_level_change,fuel_level_change,5557.0,,295.0,,
StationTank,fuel_level_change,fuel_level_change,5558.0,,295.0,,
StationTank,fuel_level_change,fuel_level_change,5559.0,,295.0,,
StationTank,fuel_level_change,fuel_level_change,5560.0,,295.0,,
StationTank,fuel_level_change,fuel_level_change,5561.0,,295.0,,
StationTank,fuel_level_change,fuel_level_change,5562.0,,295.0,,
StationTank,fuel_level_change,fuel_level_change,5563.0,,295.0,,
StationTank,fuel_level_change,fuel_level_change,5564.0,,295.0,,
StationTank,fuel_level_change,fuel_level_change,5565.0,,295.0,,
StationTank,fuel_level_change,fuel_level_change,5566.0,,295.0,,
StationTank,fuel_level_change,fuel_level_change,5567.0,,295.0,,
StationTank,fuel_level_change,fuel_level_change,5568.0,,295.0,,
StationTank,fuel_level_change,fuel_level_change,5569.0,,295.0,,
StationTank,fuel_level_change,fuel_level_change,5570.0,,295.0,,
StationTank,fuel_level_change,fuel_level_change,5571.0,,295.0,,
StationTank,fuel_level_change,fuel_level_change,5572.0,,295.0,,
StationTank,fuel_level_change,fuel_level_change,5573.0,,295.0,,
StationTank,fuel_level_change,fuel_level_change,5574.0,,295.0,,
Car 110,arrival_departure,arrival,5575.0,,,,
Car 110,queue,pump_queue_wait_begins,5575.0,,,20.0,50.0
StationTank,fuel_level_change,fuel_level_change,5575.0,,295.0,,
StationTank,fuel_level_change,fuel_level_change,5576.0,,295.0,,
StationTank,fuel_level_change,fuel_level_change,5577.0,,295.0,,
Car 97,resource_use_end,pumping_ends,5578.0,1.0,,25.0,50.0
Car 97,arrival_departure,depart,5578.0,,,,
StationTank,fuel_level_change,fuel_level_change,5578.0,,295.0,,
Car 99,resource_use,payment_begins,5578.0,1.0,,12.0,50.0
StationTank,fuel_level_change,fuel_level_change,5579.0,,257.0,,
StationTank,fuel_level_change,fuel_level_change,5580.0,,257.0,,
StationTank,fuel_level_change,fuel_level_change,5581.0,,257.0,,
StationTank,fuel_level_change,fuel_level_change,5582.0,,257.0,,
StationTank,fuel_level_change,fuel_level_change,5583.0,,257.0,,
StationTank,fuel_level_change,fuel_level_change,5584.0,,257.0,,
StationTank,fuel_level_change,fuel_level_change,5585.0,,257.0,,
StationTank,fuel_level_change,fuel_level_change,5586.0,,257.0,,
StationTank,fuel_level_change,fuel_level_change,5587.0,,257.0,,
StationTank,fuel_level_change,fuel_level_change,5588.0,,257.0,,
StationTank,fuel_level_change,fuel_level_change,5589.0,,257.0,,
StationTank,fuel_level_change,fuel_level_change,5590.0,,257.0,,
StationTank,fuel_level_change,fuel_level_change,5591.0,,257.0,,
StationTank,fuel_level_change,fuel_level_change,5592.0,,257.0,,
StationTank,fuel_level_change,fuel_level_change,5593.0,,257.0,,
StationTank,fuel_level_change,fuel_level_change,5594.0,,257.0,,
StationTank,fuel_level_change,fuel_level_change,5595.0,,257.0,,
StationTank,fuel_level_change,fuel_level_change,5596.0,,257.0,,
StationTank,fuel_level_change,fuel_level_change,5597.0,,257.0,,
StationTank,fuel_level_change,fuel_level_change,5598.0,,257.0,,
Car 98,resource_use_end,pumping_ends,5599.0,2.0,,5.0,50.0
Car 98,arrival_departure,depart,5599.0,,,,
StationTank,fuel_level_change,fuel_level_change,5599.0,,257.0,,
Car 100,resource_use,payment_begins,5599.0,2.0,,18.0,50.0
StationTank,fuel_level_change,fuel_level_change,5600.0,,225.0,,
StationTank,fuel_level_change,fuel_level_change,5601.0,,225.0,,
StationTank,fuel_level_change,fuel_level_change,5602.0,,225.0,,
StationTank,fuel_level_change,fuel_level_change,5603.0,,225.0,,
StationTank,fuel_level_change,fuel_level_change,5604.0,,225.0,,
StationTank,fuel_level_change,fuel_level_change,5605.0,,225.0,,
StationTank,fuel_level_change,fuel_level_change,5606.0,,225.0,,
StationTank,fuel_level_change,fuel_level_change,5607.0,,225.0,,
StationTank,fuel_level_change,fuel_level_change,5608.0,,225.0,,
StationTank,fuel_level_change,fuel_level_change,5609.0,,225.0,,
StationTank,fuel_level_change,fuel_level_change,5610.0,,225.0,,
StationTank,fuel_level_change,fuel_level_change,5611.0,,225.0,,
StationTank,fuel_level_change,fuel_level_change,5612.0,,225.0,,
StationTank,fuel_level_change,fuel_level_change,5613.0,,225.0,,
StationTank,fuel_level_change,fuel_level_change,5614.0,,225.0,,
StationTank,fuel_level_change,fuel_level_change,5615.0,,225.0,,
StationTank,fuel_level_change,fuel_level_change,5616.0,,225.0,,
StationTank,fuel_level_change,fuel_level_change,5617.0,,225.0,,
StationTank,fuel_level_change,fuel_level_change,5618.0,,225.0,,
StationTank,fuel_level_change,fuel_level_change,5619.0,,225.0,,
StationTank,fuel_level_change,fuel_level_change,5620.0,,225.0,,
StationTank,fuel_level_change,fuel_level_change,5621.0,,225.0,,
StationTank,fuel_level_change,fuel_level_change,5622.0,,225.0,,
StationTank,fuel_level_change,fuel_level_change,5623.0,,225.0,,
StationTank,fuel_level_change,fuel_level_change,5624.0,,225.0,,
StationTank,fuel_level_change,fuel_level_change,5625.0,,225.0,,
StationTank,fuel_level_change,fuel_level_change,5626.0,,225.0,,
StationTank,fuel_level_change,fuel_level_change,5627.0,,225.0,,
StationTank,fuel_level_change,fuel_level_change,5628.0,,225.0,,
StationTank,fuel_level_change,fuel_level_change,5629.0,,225.0,,
StationTank,fuel_level_change,fuel_level_change,5630.0,,225.0,,
StationTank,fuel_level_change,fuel_level_change,5631.0,,225.0,,
StationTank,fuel_level_change,fuel_level_change,5632.0,,225.0,,
StationTank,fuel_level_change,fuel_level_change,5633.0,,225.0,,
StationTank,fuel_level_change,fuel_level_change,5634.0,,225.0,,
StationTank,fuel_level_change,fuel_level_change,5635.0,,225.0,,
StationTank,fuel_level_change,fuel_level_change,5636.0,,225.0,,
StationTank,fuel_level_change,fuel_level_change,5637.0,,225.0,,
StationTank,fuel_level_change,fuel_level_change,5638.0,,225.0,,
StationTank,fuel_level_change,fuel_level_change,5639.0,,225.0,,
Car 99,resource_use_end,payment_ends,5640.0,1.0,,12.0,50.0
Car 99,resource_use,pumping_begins,5640.0,1.0,,12.0,50.0
StationTank,fuel_level_change,fuel_level_change,5640.0,,225.0,,
StationTank,fuel_level_change,fuel_level_change,5641.0,,225.0,,
StationTank,fuel_level_change,fuel_level_change,5642.0,,225.0,,
StationTank,fuel_level_change,fuel_level_change,5643.0,,225.0,,
StationTank,fuel_level_change,fuel_level_change,5644.0,,225.0,,
StationTank,fuel_level_change,fuel_level_change,5645.0,,225.0,,
StationTank,fuel_level_change,fuel_level_change,5646.0,,225.0,,
StationTank,fuel_level_change,fuel_level_change,5647.0,,225.0,,
StationTank,fuel_level_change,fuel_level_change,5648.0,,225.0,,
StationTank,fuel_level_change,fuel_level_change,5649.0,,225.0,,
StationTank,fuel_level_change,fuel_level_change,5650.0,,225.0,,
StationTank,fuel_level_change,fuel_level_change,5651.0,,225.0,,
StationTank,fuel_level_change,fuel_level_change,5652.0,,225.0,,
StationTank,fuel_level_change,fuel_level_change,5653.0,,225.0,,
StationTank,fuel_level_change,fuel_level_change,5654.0,,225.0,,
StationTank,fuel_level_change,fuel_level_change,5655.0,,225.0,,
StationTank,fuel_level_change,fuel_level_change,5656.0,,225.0,,
StationTank,fuel_level_change,fuel_level_change,5657.0,,225.0,,
StationTank,fuel_level_change,fuel_level_change,5658.0,,225.0,,
StationTank,fuel_level_change,fuel_level_change,5659.0,,225.0,,
StationTank,fuel_level_change,fuel_level_change,5660.0,,225.0,,
StationTank,fuel_level_change,fuel_level_change,5661.0,,225.0,,
StationTank,fuel_level_change,fuel_level_change,5662.0,,225.0,,
StationTank,fuel_level_change,fuel_level_change,5663.0,,225.0,,
Car 111,arrival_departure,arrival,5664.0,,,,
Car 111,queue,pump_queue_wait_begins,5664.0,,,10.0,50.0
StationTank,fuel_level_change,fuel_level_change,5664.0,,225.0,,
StationTank,fuel_level_change,fuel_level_change,5665.0,,225.0,,
StationTank,fuel_level_change,fuel_level_change,5666.0,,225.0,,
StationTank,fuel_level_change,fuel_level_change,5667.0,,225.0,,
StationTank,fuel_level_change,fuel_level_change,5668.0,,225.0,,
StationTank,fuel_level_change,fuel_level_change,5669.0,,225.0,,
StationTank,fuel_level_change,fuel_level_change,5670.0,,225.0,,
StationTank,fuel_level_change,fuel_level_change,5671.0,,225.0,,
StationTank,fuel_level_change,fuel_level_change,5672.0,,225.0,,
StationTank,fuel_level_change,fuel_level_change,5673.0,,225.0,,
StationTank,fuel_level_change,fuel_level_change,5674.0,,225.0,,
StationTank,fuel_level_change,fuel_level_change,5675.0,,225.0,,
StationTank,fuel_level_change,fuel_level_change,5676.0,,225.0,,
StationTank,fuel_level_change,fuel_level_change,5677.0,,225.0,,
Car 99,resource_use_end,pumping_ends,5678.0,1.0,,12.0,50.0
Car 99,arrival_departure,depart,5678.0,,,,
StationTank,fuel_level_change,fuel_level_change,5678.0,,225.0,,
Car 101,resource_use,payment_begins,5678.0,1.0,,17.0,50.0
StationTank,fuel_level_change,fuel_level_change,5679.0,,192.0,,
StationTank,fuel_level_change,fuel_level_change,5680.0,,192.0,,
StationTank,fuel_level_change,fuel_level_change,5681.0,,192.0,,
StationTank,fuel_level_change,fuel_level_change,5682.0,,192.0,,
StationTank,fuel_level_change,fuel_level_change,5683.0,,192.0,,
StationTank,fuel_level_change,fuel_level_change,5684.0,,192.0,,
StationTank,fuel_level_change,fuel_level_change,5685.0,,192.0,,
StationTank,fuel_level_change,fuel_level_change,5686.0,,192.0,,
Car 100,resource_use_end,payment_ends,5687.0,2.0,,18.0,50.0
Car 100,resource_use,pumping_begins,5687.0,2.0,,18.0,50.0
StationTank,fuel_level_change,fuel_level_change,5687.0,,192.0,,
StationTank,fuel_level_change,fuel_level_change,5688.0,,192.0,,
StationTank,fuel_level_change,fuel_level_change,5689.0,,192.0,,
StationTank,fuel_level_change,fuel_level_change,5690.0,,192.0,,
StationTank,fuel_level_change,fuel_level_change,5691.0,,192.0,,
StationTank,fuel_level_change,fuel_level_change,5692.0,,192.0,,
StationTank,fuel_level_change,fuel_level_change,5693.0,,192.0,,
StationTank,fuel_level_change,fuel_level_change,5694.0,,192.0,,
StationTank,fuel_level_change,fuel_level_change,5695.0,,192.0,,
StationTank,fuel_level_change,fuel_level_change,5696.0,,192.0,,
StationTank,fuel_level_change,fuel_level_change,5697.0,,192.0,,
StationTank,fuel_level_change,fuel_level_change,5698.0,,192.0,,
StationTank,fuel_level_change,fuel_level_change,5699.0,,192.0,,
StationTank,fuel_level_change,fuel_level_change,5700.0,,192.0,,
StationTank,fuel_level_change,fuel_level_change,5701.0,,192.0,,
StationTank,fuel_level_change,fuel_level_change,5702.0,,192.0,,
StationTank,fuel_level_change,fuel_level_change,5703.0,,192.0,,
StationTank,fuel_level_change,fuel_level_change,5704.0,,192.0,,
StationTank,fuel_level_change,fuel_level_change,5705.0,,192.0,,
StationTank,fuel_level_change,fuel_level_change,5706.0,,192.0,,
StationTank,fuel_level_change,fuel_level_change,5707.0,,192.0,,
StationTank,fuel_level_change,fuel_level_change,5708.0,,192.0,,
StationTank,fuel_level_change,fuel_level_change,5709.0,,192.0,,
StationTank,fuel_level_change,fuel_level_change,5710.0,,192.0,,
Car 101,resource_use_end,payment_ends,5711.0,1.0,,17.0,50.0
Car 101,resource_use,pumping_begins,5711.0,1.0,,17.0,50.0
StationTank,fuel_level_change,fuel_level_change,5711.0,,192.0,,
StationTank,fuel_level_change,fuel_level_change,5712.0,,192.0,,
StationTank,fuel_level_change,fuel_level_change,5713.0,,192.0,,
StationTank,fuel_level_change,fuel_level_change,5714.0,,192.0,,
StationTank,fuel_level_change,fuel_level_change,5715.0,,192.0,,
StationTank,fuel_level_change,fuel_level_change,5716.0,,192.0,,
StationTank,fuel_level_change,fuel_level_change,5717.0,,192.0,,
StationTank,fuel_level_change,fuel_level_change,5718.0,,192.0,,
Car 100,resource_use_end,pumping_ends,5719.0,2.0,,18.0,50.0
Car 100,arrival_departure,depart,5719.0,,,,
StationTank,fuel_level_change,fuel_level_change,5719.0,,192.0,,
Car 102,resource_use,payment_begins,5719.0,2.0,,10.0,50.0
StationTank,fuel_level_change,fuel_level_change,5720.0,,152.0,,
StationTank,fuel_level_change,fuel_level_change,5721.0,,152.0,,
StationTank,fuel_level_change,fuel_level_change,5722.0,,152.0,,
StationTank,fuel_level_change,fuel_level_change,5723.0,,152.0,,
StationTank,fuel_level_change,fuel_level_change,5724.0,,152.0,,
StationTank,fuel_level_change,fuel_level_change,5725.0,,152.0,,
StationTank,fuel_level_change,fuel_level_change,5726.0,,152.0,,
StationTank,fuel_level_change,fuel_level_change,5727.0,,152.0,,
StationTank,fuel_level_change,fuel_level_change,5728.0,,152.0,,
StationTank,fuel_level_change,fuel_level_change,5729.0,,152.0,,
StationTank,fuel_level_change,fuel_level_change,5730.0,,152.0,,
StationTank,fuel_level_change,fuel_level_change,5731.0,,152.0,,
StationTank,fuel_level_change,fuel_level_change,5732.0,,152.0,,
StationTank,fuel_level_change,fuel_level_change,5733.0,,152.0,,
StationTank,fuel_level_change,fuel_level_change,5734.0,,152.0,,
StationTank,fuel_level_change,fuel_level_change,5735.0,,152.0,,
StationTank,fuel_level_change,fuel_level_change,5736.0,,152.0,,
StationTank,fuel_level_change,fuel_level_change,5737.0,,152.0,,
StationTank,fuel_level_change,fuel_level_change,5738.0,,152.0,,
StationTank,fuel_level_change,fuel_level_change,5739.0,,152.0,,
StationTank,fuel_level_change,fuel_level_change,5740.0,,152.0,,
StationTank,fuel_level_change,fuel_level_change,5741.0,,152.0,,
StationTank,fuel_level_change,fuel_level_change,5742.0,,152.0,,
StationTank,fuel_level_change,fuel_level_change,5743.0,,152.0,,
Car 101,resource_use_end,pumping_ends,5744.0,1.0,,17.0,50.0
Car 101,arrival_departure,depart,5744.0,,,,
StationTank,fuel_level_change,fuel_level_change,5744.0,,152.0,,
Car 103,resource_use,payment_begins,5744.0,1.0,,5.0,50.0
StationTank,fuel_level_change,fuel_level_change,5745.0,,107.0,,
Car 112,arrival_departure,arrival,5746.0,,,,
Car 112,queue,pump_queue_wait_begins,5746.0,,,7.0,50.0
StationTank,fuel_level_change,fuel_level_change,5746.0,,107.0,,
StationTank,fuel_level_change,fuel_level_change,5747.0,,107.0,,
StationTank,fuel_level_change,fuel_level_change,5748.0,,107.0,,
StationTank,fuel_level_change,fuel_level_change,5749.0,,107.0,,
StationTank,fuel_level_change,fuel_level_change,5750.0,,107.0,,
StationTank,fuel_level_change,fuel_level_change,5751.0,,107.0,,
StationTank,fuel_level_change,fuel_level_change,5752.0,,107.0,,
StationTank,fuel_level_change,fuel_level_change,5753.0,,107.0,,
StationTank,fuel_level_change,fuel_level_change,5754.0,,107.0,,
StationTank,fuel_level_change,fuel_level_change,5755.0,,107.0,,
StationTank,fuel_level_change,fuel_level_change,5756.0,,107.0,,
StationTank,fuel_level_change,fuel_level_change,5757.0,,107.0,,
StationTank,fuel_level_change,fuel_level_change,5758.0,,107.0,,
StationTank,fuel_level_change,fuel_level_change,5759.0,,107.0,,
StationTank,fuel_level_change,fuel_level_change,5760.0,,107.0,,
StationTank,fuel_level_change,fuel_level_change,5761.0,,107.0,,
StationTank,fuel_level_change,fuel_level_change,5762.0,,107.0,,
StationTank,fuel_level_change,fuel_level_change,5763.0,,107.0,,
StationTank,fuel_level_change,fuel_level_change,5764.0,,107.0,,
StationTank,fuel_level_change,fuel_level_change,5765.0,,107.0,,
StationTank,fuel_level_change,fuel_level_change,5766.0,,107.0,,
StationTank,fuel_level_change,fuel_level_change,5767.0,,107.0,,
StationTank,fuel_level_change,fuel_level_change,5768.0,,107.0,,
StationTank,fuel_level_change,fuel_level_change,5769.0,,107.0,,
StationTank,fuel_level_change,fuel_level_change,5770.0,,107.0,,
StationTank,fuel_level_change,fuel_level_change,5771.0,,107.0,,
StationTank,fuel_level_change,fuel_level_change,5772.0,,107.0,,
StationTank,fuel_level_change,fuel_level_change,5773.0,,107.0,,
StationTank,fuel_level_change,fuel_level_change,5774.0,,107.0,,
StationTank,fuel_level_change,fuel_level_change,5775.0,,107.0,,
StationTank,fuel_level_change,fuel_level_change,5776.0,,107.0,,
StationTank,fuel_level_change,fuel_level_change,5777.0,,107.0,,
StationTank,fuel_level_change,fuel_level_change,5778.0,,107.0,,
Car 103,resource_use_end,payment_ends,5779.0,1.0,,5.0,50.0
Car 103,resource_use,pumping_begins,5779.0,1.0,,5.0,50.0
StationTank,fuel_level_change,fuel_level_change,5779.0,,107.0,,
Call 5,arrival_departure,arrival,5780.0,,,,
Call 5,queue,calling_truck,5780.0,,,,
StationTank,fuel_level_change,fuel_level_change,5780.0,,107.0,,
Car 102,resource_use_end,payment_ends,5781.0,2.0,,10.0,50.0
Car 102,resource_use,pumping_begins,5781.0,2.0,,10.0,50.0
StationTank,fuel_level_change,fuel_level_change,5781.0,,107.0,,
StationTank,fuel_level_change,fuel_level_change,5782.0,,107.0,,
StationTank,fuel_level_change,fuel_level_change,5783.0,,107.0,,
Car 113,arrival_departure,arrival,5784.0,,,,
Car 113,queue,pump_queue_wait_begins,5784.0,,,12.0,50.0
StationTank,fuel_level_change,fuel_level_change,5784.0,,107.0,,
StationTank,fuel_level_change,fuel_level_change,5785.0,,107.0,,
StationTank,fuel_level_change,fuel_level_change,5786.0,,107.0,,
StationTank,fuel_level_change,fuel_level_change,5787.0,,107.0,,
StationTank,fuel_level_change,fuel_level_change,5788.0,,107.0,,
StationTank,fuel_level_change,fuel_level_change,5789.0,,107.0,,
StationTank,fuel_level_change,fuel_level_change,5790.0,,107.0,,
StationTank,fuel_level_change,fuel_level_change,5791.0,,107.0,,
StationTank,fuel_level_change,fuel_level_change,5792.0,,107.0,,
StationTank,fuel_level_change,fuel_level_change,5793.0,,107.0,,
StationTank,fuel_level_change,fuel_level_change,5794.0,,107.0,,
StationTank,fuel_level_change,fuel_level_change,5795.0,,107.0,,
StationTank,fuel_level_change,fuel_level_change,5796.0,,107.0,,
StationTank,fuel_level_change,fuel_level_change,5797.0,,107.0,,
StationTank,fuel_level_change,fuel_level_change,5798.0,,107.0,,
StationTank,fuel_level_change,fuel_level_change,5799.0,,107.0,,
StationTank,fuel_level_change,fuel_level_change,5800.0,,107.0,,
StationTank,fuel_level_change,fuel_level_change,5801.0,,107.0,,
StationTank,fuel_level_change,fuel_level_change,5802.0,,107.0,,
StationTank,fuel_level_change,fuel_level_change,5803.0,,107.0,,
StationTank,fuel_level_change,fuel_level_change,5804.0,,107.0,,
StationTank,fuel_level_change,fuel_level_change,5805.0,,107.0,,
StationTank,fuel_level_change,fuel_level_change,5806.0,,107.0,,
Car 114,arrival_departure,arrival,5807.0,,,,
Car 114,queue,pump_queue_wait_begins,5807.0,,,8.0,50.0
StationTank,fuel_level_change,fuel_level_change,5807.0,,107.0,,
StationTank,fuel_level_change,fuel_level_change,5808.0,,107.0,,
StationTank,fuel_level_change,fuel_level_change,5809.0,,107.0,,
StationTank,fuel_level_change,fuel_level_change,5810.0,,107.0,,
StationTank,fuel_level_change,fuel_level_change,5811.0,,107.0,,
StationTank,fuel_level_change,fuel_level_change,5812.0,,107.0,,
StationTank,fuel_level_change,fuel_level_change,5813.0,,107.0,,
StationTank,fuel_level_change,fuel_level_change,5814.0,,107.0,,
StationTank,fuel_level_change,fuel_level_change,5815.0,,107.0,,
StationTank,fuel_level_change,fuel_level_change,5816.0,,107.0,,
StationTank,fuel_level_change,fuel_level_change,5817.0,,107.0,,
StationTank,fuel_level_change,fuel_level_change,5818.0,,107.0,,
StationTank,fuel_level_change,fuel_level_change,5819.0,,107.0,,
StationTank,fuel_level_change,fuel_level_change,5820.0,,107.0,,
Car 102,resource_use_end,pumping_ends,5821.0,2.0,,10.0,50.0
Car 102,arrival_departure,depart,5821.0,,,,
StationTank,fuel_level_change,fuel_level_change,5821.0,,107.0,,
Car 104,resource_use,payment_begins,5821.0,2.0,,14.0,50.0
StationTank,fuel_level_change,fuel_level_change,5822.0,,71.0,,
StationTank,fuel_level_change,fuel_level_change,5823.0,,71.0,,
Car 103,resource_use_end,pumping_ends,5824.0,1.0,,5.0,50.0
Car 103,arrival_departure,depart,5824.0,,,,
StationTank,fuel_level_change,fuel_level_change,5824.0,,71.0,,
Car 105,resource_use,payment_begins,5824.0,1.0,,20.0,50.0
StationTank,fuel_level_change,fuel_level_change,5825.0,,41.0,,
StationTank,fuel_level_change,fuel_level_change,5826.0,,41.0,,
StationTank,fuel_level_change,fuel_level_change,5827.0,,41.0,,
StationTank,fuel_level_change,fuel_level_change,5828.0,,41.0,,
StationTank,fuel_level_change,fuel_level_change,5829.0,,41.0,,
StationTank,fuel_level_change,fuel_level_change,5830.0,,41.0,,
StationTank,fuel_level_change,fuel_level_change,5831.0,,41.0,,
StationTank,fuel_level_change,fuel_level_change,5832.0,,41.0,,
StationTank,fuel_level_change,fuel_level_change,5833.0,,41.0,,
StationTank,fuel_level_change,fuel_level_change,5834.0,,41.0,,
StationTank,fuel_level_change,fuel_level_change,5835.0,,41.0,,
StationTank,fuel_level_change,fuel_level_change,5836.0,,41.0,,
StationTank,fuel_level_change,fuel_level_change,5837.0,,41.0,,
StationTank,fuel_level_change,fuel_level_change,5838.0,,41.0,,
StationTank,fuel_level_change,fuel_level_change,5839.0,,41.0,,
StationTank,fuel_level_change,fuel_level_change,5840.0,,41.0,,
StationTank,fuel_level_change,fuel_level_change,5841.0,,41.0,,
StationTank,fuel_level_change,fuel_level_change,5842.0,,41.0,,
StationTank,fuel_level_change,fuel_level_change,5843.0,,41.0,,
StationTank,fuel_level_change,fuel_level_change,5844.0,,41.0,,
StationTank,fuel_level_change,fuel_level_change,5845.0,,41.0,,
StationTank,fuel_level_change,fuel_level_change,5846.0,,41.0,,
StationTank,fuel_level_change,fuel_level_change,5847.0,,41.0,,
StationTank,fuel_level_change,fuel_level_change,5848.0,,41.0,,
StationTank,fuel_level_change,fuel_level_change,5849.0,,41.0,,
StationTank,fuel_level_change,fuel_level_change,5850.0,,41.0,,
StationTank,fuel_level_change,fuel_level_change,5851.0,,41.0,,
StationTank,fuel_level_change,fuel_level_change,5852.0,,41.0,,
StationTank,fuel_level_change,fuel_level_change,5853.0,,41.0,,
StationTank,fuel_level_change,fuel_level_change,5854.0,,41.0,,
StationTank,fuel_level_change,fuel_level_change,5855.0,,41.0,,
StationTank,fuel_level_change,fuel_level_change,5856.0,,41.0,,
StationTank,fuel_level_change,fuel_level_change,5857.0,,41.0,,
StationTank,fuel_level_change,fuel_level_change,5858.0,,41.0,,
StationTank,fuel_level_change,fuel_level_change,5859.0,,41.0,,
StationTank,fuel_level_change,fuel_level_change,5860.0,,41.0,,
StationTank,fuel_level_change,fuel_level_change,5861.0,,41.0,,
StationTank,fuel_level_change,fuel_level_change,5862.0,,41.0,,
StationTank,fuel_level_change,fuel_level_change,5863.0,,41.0,,
StationTank,fuel_level_change,fuel_level_change,5864.0,,41.0,,
StationTank,fuel_level_change,fuel_level_change,5865.0,,41.0,,
StationTank,fuel_level_change,fuel_level_change,5866.0,,41.0,,
StationTank,fuel_level_change,fuel_level_change,5867.0,,41.0,,
StationTank,fuel_level_change,fuel_level_change,5868.0,,41.0,,
StationTank,fuel_level_change,fuel_level_change,5869.0,,41.0,,
StationTank,fuel_level_change,fuel_level_change,5870.0,,41.0,,
StationTank,fuel_level_change,fuel_level_change,5871.0,,41.0,,
StationTank,fuel_level_change,fuel_level_change,5872.0,,41.0,,
Car 115,arrival_departure,arrival,5873.0,,,,
Car 115,queue,pump_queue_wait_begins,5873.0,,,12.0,50.0
StationTank,fuel_level_change,fuel_level_change,5873.0,,41.0,,
StationTank,fuel_level_change,fuel_level_change,5874.0,,41.0,,
StationTank,fuel_level_change,fuel_level_change,5875.0,,41.0,,
StationTank,fuel_level_change,fuel_level_change,5876.0,,41.0,,
StationTank,fuel_level_change,fuel_level_change,5877.0,,41.0,,
StationTank,fuel_level_change,fuel_level_change,5878.0,,41.0,,
StationTank,fuel_level_change,fuel_level_change,5879.0,,41.0,,
StationTank,fuel_level_change,fuel_level_change,5880.0,,41.0,,
StationTank,fuel_level_change,fuel_level_change,5881.0,,41.0,,
StationTank,fuel_level_change,fuel_level_change,5882.0,,41.0,,
StationTank,fuel_level_change,fuel_level_change,5883.0,,41.0,,
StationTank,fuel_level_change,fuel_level_change,5884.0,,41.0,,
StationTank,fuel_level_change,fuel_level_change,5885.0,,41.0,,
StationTank,fuel_level_change,fuel_level_change,5886.0,,41.0,,
StationTank,fuel_level_change,fuel_level_change,5887.0,,41.0,,
StationTank,fuel_level_change,fuel_level_change,5888.0,,41.0,,
StationTank,fuel_level_change,fuel_level_change,5889.0,,41.0,,
StationTank,fuel_level_change,fuel_level_change,5890.0,,41.0,,
StationTank,fuel_level_change,fuel_level_change,5891.0,,41.0,,
StationTank,fuel_level_change,fuel_level_change,5892.0,,41.0,,
StationTank,fuel_level_change,fuel_level_change,5893.0,,41.0,,
StationTank,fuel_level_change,fuel_level_change,5894.0,,41.0,,
StationTank,fuel_level_change,fuel_level_change,5895.0,,41.0,,
StationTank,fuel_level_change,fuel_level_change,5896.0,,41.0,,
StationTank,fuel_level_change,fuel_level_change,5897.0,,41.0,,
StationTank,fuel_level_change,fuel_level_change,5898.0,,41.0,,
StationTank,fuel_level_change,fuel_level_change,5899.0,,41.0,,
StationTank,fuel_level_change,fuel_level_change,5900.0,,41.0,,
StationTank,fuel_level_change,fuel_level_change,5901.0,,41.0,,
StationTank,fuel_level_change,fuel_level_change,5902.0,,41.0,,
StationTank,fuel_level_change,fuel_level_change,5903.0,,41.0,,
StationTank,fuel_level_change,fuel_level_change,5904.0,,41.0,,
StationTank,fuel_level_change,fuel_level_change,5905.0,,41.0,,
StationTank,fuel_level_change,fuel_level_change,5906.0,,41.0,,
StationTank,fuel_level_change,fuel_level_change,5907.0,,41.0,,
StationTank,fuel_level_change,fuel_level_change,5908.0,,41.0,,
StationTank,fuel_level_change,fuel_level_change,5909.0,,41.0,,
Car 105,resource_use_end,payment_ends,5910.0,1.0,,20.0,50.0
Car 105,resource_use,pumping_begins,5910.0,1.0,,20.0,50.0
StationTank,fuel_level_change,fuel_level_change,5910.0,,41.0,,
Car 104,resource_use_end,payment_ends,5911.0,2.0,,14.0,50.0
Car 104,resource_use,pumping_begins,5911.0,2.0,,14.0,50.0
StationTank,fuel_level_change,fuel_level_change,5911.0,,41.0,,
StationTank,fuel_level_change,fuel_level_change,5912.0,,41.0,,
StationTank,fuel_level_change,fuel_level_change,5913.0,,41.0,,
StationTank,fuel_level_change,fuel_level_change,5914.0,,41.0,,
StationTank,fuel_level_change,fuel_level_change,5915.0,,41.0,,
StationTank,fuel_level_change,fuel_level_change,5916.0,,41.0,,
StationTank,fuel_level_change,fuel_level_change,5917.0,,41.0,,
StationTank,fuel_level_change,fuel_level_change,5918.0,,41.0,,
StationTank,fuel_level_change,fuel_level_change,5919.0,,41.0,,
StationTank,fuel_level_change,fuel_level_change,5920.0,,41.0,,
StationTank,fuel_level_change,fuel_level_change,5921.0,,41.0,,
StationTank,fuel_level_change,fuel_level_change,5922.0,,41.0,,
StationTank,fuel_level_change,fuel_level_change,5923.0,,41.0,,
StationTank,fuel_level_change,fuel_level_change,5924.0,,41.0,,
StationTank,fuel_level_change,fuel_level_change,5925.0,,41.0,,
StationTank,fuel_level_change,fuel_level_change,5926.0,,41.0,,
StationTank,fuel_level_change,fuel_level_change,5927.0,,41.0,,
StationTank,fuel_level_change,fuel_level_change,5928.0,,41.0,,
StationTank,fuel_level_change,fuel_level_change,5929.0,,41.0,,
StationTank,fuel_level_change,fuel_level_change,5930.0,,41.0,,
StationTank,fuel_level_change,fuel_level_change,5931.0,,41.0,,
StationTank,fuel_level_change,fuel_level_change,5932.0,,41.0,,
StationTank,fuel_level_change,fuel_level_change,5933.0,,41.0,,
StationTank,fuel_level_change,fuel_level_change,5934.0,,41.0,,
StationTank,fuel_level_change,fuel_level_change,5935.0,,41.0,,
StationTank,fuel_level_change,fuel_level_change,5936.0,,41.0,,
StationTank,fuel_level_change,fuel_level_change,5937.0,,41.0,,
StationTank,fuel_level_change,fuel_level_change,5938.0,,41.0,,
StationTank,fuel_level_change,fuel_level_change,5939.0,,41.0,,
Car 105,resource_use_end,pumping_ends,5940.0,1.0,,20.0,50.0
Car 105,arrival_departure,depart,5940.0,,,,
StationTank,fuel_level_change,fuel_level_change,5940.0,,41.0,,
Car 106,resource_use,payment_begins,5940.0,1.0,,14.0,50.0
StationTank,fuel_level_change,fuel_level_change,5941.0,,5.0,,
StationTank,fuel_level_change,fuel_level_change,5942.0,,5.0,,
StationTank,fuel_level_change,fuel_level_change,5943.0,,5.0,,
StationTank,fuel_level_change,fuel_level_change,5944.0,,5.0,,
StationTank,fuel_level_change,fuel_level_change,5945.0,,5.0,,
StationTank,fuel_level_change,fuel_level_change,5946.0,,5.0,,
Car 104,resource_use_end,pumping_ends,5947.0,2.0,,14.0,50.0
Car 104,arrival_departure,depart,5947.0,,,,
StationTank,fuel_level_change,fuel_level_change,5947.0,,5.0,,
StationTank,fuel_level_change,fuel_level_change,5948.0,,5.0,,
StationTank,fuel_level_change,fuel_level_change,5949.0,,5.0,,
StationTank,fuel_level_change,fuel_level_change,5950.0,,5.0,,
StationTank,fuel_level_change,fuel_level_change,5951.0,,5.0,,
StationTank,fuel_level_change,fuel_level_change,5952.0,,5.0,,
StationTank,fuel_level_change,fuel_level_change,5953.0,,5.0,,
StationTank,fuel_level_change,fuel_level_change,5954.0,,5.0,,
StationTank,fuel_level_change,fuel_level_change,5955.0,,5.0,,
StationTank,fuel_level_change,fuel_level_change,5956.0,,5.0,,
StationTank,fuel_level_change,fuel_level_change,5957.0,,5.0,,
StationTank,fuel_level_change,fuel_level_change,5958.0,,5.0,,
StationTank,fuel_level_change,fuel_level_change,5959.0,,5.0,,
Car 116,arrival_departure,arrival,5960.0,,,,
Car 116,queue,pump_queue_wait_begins,5960.0,,,24.0,50.0
StationTank,fuel_level_change,fuel_level_change,5960.0,,5.0,,
StationTank,fuel_level_change,fuel_level_change,5961.0,,5.0,,
StationTank,fuel_level_change,fuel_level_change,5962.0,,5.0,,
StationTank,fuel_level_change,fuel_level_change,5963.0,,5.0,,
StationTank,fuel_level_change,fuel_level_change,5964.0,,5.0,,
StationTank,fuel_level_change,fuel_level_change,5965.0,,5.0,,
StationTank,fuel_level_change,fuel_level_change,5966.0,,5.0,,
StationTank,fuel_level_change,fuel_level_change,5967.0,,5.0,,
StationTank,fuel_level_change,fuel_level_change,5968.0,,5.0,,
StationTank,fuel_level_change,fuel_level_change,5969.0,,5.0,,
StationTank,fuel_level_change,fuel_level_change,5970.0,,5.0,,
StationTank,fuel_level_change,fuel_level_change,5971.0,,5.0,,
StationTank,fuel_level_change,fuel_level_change,5972.0,,5.0,,
StationTank,fuel_level_change,fuel_level_change,5973.0,,5.0,,
StationTank,fuel_level_change,fuel_level_change,5974.0,,5.0,,
StationTank,fuel_level_change,fuel_level_change,5975.0,,5.0,,
StationTank,fuel_level_change,fuel_level_change,5976.0,,5.0,,
StationTank,fuel_level_change,fuel_level_change,5977.0,,5.0,,
StationTank,fuel_level_change,fuel_level_change,5978.0,,5.0,,
StationTank,fuel_level_change,fuel_level_change,5979.0,,5.0,,
Car 117,arrival_departure,arrival,5980.0,,,,
Car 117,queue,pump_queue_wait_begins,5980.0,,,18.0,50.0
StationTank,fuel_level_change,fuel_level_change,5980.0,,5.0,,
StationTank,fuel_level_change,fuel_level_change,5981.0,,5.0,,
StationTank,fuel_level_change,fuel_level_change,5982.0,,5.0,,
StationTank,fuel_level_change,fuel_level_change,5983.0,,5.0,,
StationTank,fuel_level_change,fuel_level_change,5984.0,,5.0,,
StationTank,fuel_level_change,fuel_level_change,5985.0,,5.0,,
StationTank,fuel_level_change,fuel_level_change,5986.0,,5.0,,
StationTank,fuel_level_change,fuel_level_change,5987.0,,5.0,,
StationTank,fuel_level_change,fuel_level_change,5988.0,,5.0,,
StationTank,fuel_level_change,fuel_level_change,5989.0,,5.0,,
StationTank,fuel_level_change,fuel_level_change,5990.0,,5.0,,
StationTank,fuel_level_change,fuel_level_change,5991.0,,5.0,,
StationTank,fuel_level_change,fuel_level_change,5992.0,,5.0,,
StationTank,fuel_level_change,fuel_level_change,5993.0,,5.0,,
StationTank,fuel_level_change,fuel_level_change,5994.0,,5.0,,
StationTank,fuel_level_change,fuel_level_change,5995.0,,5.0,,
StationTank,fuel_level_change,fuel_level_change,5996.0,,5.0,,
StationTank,fuel_level_change,fuel_level_change,5997.0,,5.0,,
StationTank,fuel_level_change,fuel_level_change,5998.0,,5.0,,
StationTank,fuel_level_change,fuel_level_change,5999.0,,5.0,,
StationTank,fuel_level_change,fuel_level_change,6000.0,,5.0,,
StationTank,fuel_level_change,fuel_level_change,6001.0,,5.0,,
StationTank,fuel_level_change,fuel_level_change,6002.0,,5.0,,
StationTank,fuel_level_change,fuel_level_change,6003.0,,5.0,,
StationTank,fuel_level_change,fuel_level_change,6004.0,,5.0,,
Car 118,arrival_departure,arrival,6005.0,,,,
Car 118,queue,pump_queue_wait_begins,6005.0,,,23.0,50.0
StationTank,fuel_level_change,fuel_level_change,6005.0,,5.0,,
StationTank,fuel_level_change,fuel_level_change,6006.0,,5.0,,
Car 106,resource_use_end,payment_ends,6007.0,1.0,,14.0,50.0
Car 106,resource_use,pumping_begins,6007.0,1.0,,14.0,50.0
StationTank,fuel_level_change,fuel_level_change,6007.0,,5.0,,
StationTank,fuel_level_change,fuel_level_change,6008.0,,5.0,,
StationTank,fuel_level_change,fuel_level_change,6009.0,,5.0,,
StationTank,fuel_level_change,fuel_level_change,6010.0,,5.0,,
StationTank,fuel_level_change,fuel_level_change,6011.0,,5.0,,
StationTank,fuel_level_change,fuel_level_change,6012.0,,5.0,,
StationTank,fuel_level_change,fuel_level_change,6013.0,,5.0,,
StationTank,fuel_level_change,fuel_level_change,6014.0,,5.0,,
StationTank,fuel_level_change,fuel_level_change,6015.0,,5.0,,
StationTank,fuel_level_change,fuel_level_change,6016.0,,5.0,,
StationTank,fuel_level_change,fuel_level_change,6017.0,,5.0,,
StationTank,fuel_level_change,fuel_level_change,6018.0,,5.0,,
StationTank,fuel_level_change,fuel_level_change,6019.0,,5.0,,
StationTank,fuel_level_change,fuel_level_change,6020.0,,5.0,,
StationTank,fuel_level_change,fuel_level_change,6021.0,,5.0,,
StationTank,fuel_level_change,fuel_level_change,6022.0,,5.0,,
StationTank,fuel_level_change,fuel_level_change,6023.0,,5.0,,
StationTank,fuel_level_change,fuel_level_change,6024.0,,5.0,,
StationTank,fuel_level_change,fuel_level_change,6025.0,,5.0,,
StationTank,fuel_level_change,fuel_level_change,6026.0,,5.0,,
StationTank,fuel_level_change,fuel_level_change,6027.0,,5.0,,
StationTank,fuel_level_change,fuel_level_change,6028.0,,5.0,,
StationTank,fuel_level_change,fuel_level_change,6029.0,,5.0,,
StationTank,fuel_level_change,fuel_level_change,6030.0,,5.0,,
StationTank,fuel_level_change,fuel_level_change,6031.0,,5.0,,
StationTank,fuel_level_change,fuel_level_change,6032.0,,5.0,,
StationTank,fuel_level_change,fuel_level_change,6033.0,,5.0,,
StationTank,fuel_level_change,fuel_level_change,6034.0,,5.0,,
StationTank,fuel_level_change,fuel_level_change,6035.0,,5.0,,
StationTank,fuel_level_change,fuel_level_change,6036.0,,5.0,,
StationTank,fuel_level_change,fuel_level_change,6037.0,,5.0,,
StationTank,fuel_level_change,fuel_level_change,6038.0,,5.0,,
StationTank,fuel_level_change,fuel_level_change,6039.0,,5.0,,
StationTank,fuel_level_change,fuel_level_change,6040.0,,5.0,,
StationTank,fuel_level_change,fuel_level_change,6041.0,,5.0,,
StationTank,fuel_level_change,fuel_level_change,6042.0,,5.0,,
Car 106,resource_use_end,pumping_ends,6043.0,1.0,,14.0,50.0
Car 106,arrival_departure,depart,6043.0,,,,
StationTank,fuel_level_change,fuel_level_change,6043.0,,5.0,,
StationTank,fuel_level_change,fuel_level_change,6044.0,,5.0,,
StationTank,fuel_level_change,fuel_level_change,6045.0,,5.0,,
StationTank,fuel_level_change,fuel_level_change,6046.0,,5.0,,
StationTank,fuel_level_change,fuel_level_change,6047.0,,5.0,,
StationTank,fuel_level_change,fuel_level_change,6048.0,,5.0,,
StationTank,fuel_level_change,fuel_level_change,6049.0,,5.0,,
StationTank,fuel_level_change,fuel_level_change,6050.0,,5.0,,
StationTank,fuel_level_change,fuel_level_change,6051.0,,5.0,,
StationTank,fuel_level_change,fuel_level_change,6052.0,,5.0,,
StationTank,fuel_level_change,fuel_level_change,6053.0,,5.0,,
StationTank,fuel_level_change,fuel_level_change,6054.0,,5.0,,
StationTank,fuel_level_change,fuel_level_change,6055.0,,5.0,,
StationTank,fuel_level_change,fuel_level_change,6056.0,,5.0,,
StationTank,fuel_level_change,fuel_level_change,6057.0,,5.0,,
StationTank,fuel_level_change,fuel_level_change,6058.0,,5.0,,
StationTank,fuel_level_change,fuel_level_change,6059.0,,5.0,,
StationTank,fuel_level_change,fuel_level_change,6060.0,,5.0,,
StationTank,fuel_level_change,fuel_level_change,6061.0,,5.0,,
StationTank,fuel_level_change,fuel_level_change,6062.0,,5.0,,
StationTank,fuel_level_change,fuel_level_change,6063.0,,5.0,,
StationTank,fuel_level_change,fuel_level_change,6064.0,,5.0,,
StationTank,fuel_level_change,fuel_level_change,6065.0,,5.0,,
StationTank,fuel_level_change,fuel_level_change,6066.0,,5.0,,
StationTank,fuel_level_change,fuel_level_change,6067.0,,5.0,,
StationTank,fuel_level_change,fuel_level_change,6068.0,,5.0,,
StationTank,fuel_level_change,fuel_level_change,6069.0,,5.0,,
StationTank,fuel_level_change,fuel_level_change,6070.0,,5.0,,
StationTank,fuel_level_change,fuel_level_change,6071.0,,5.0,,
StationTank,fuel_level_change,fuel_level_change,6072.0,,5.0,,
StationTank,fuel_level_change,fuel_level_change,6073.0,,5.0,,
StationTank,fuel_level_change,fuel_level_change,6074.0,,5.0,,
StationTank,fuel_level_change,fuel_level_change,6075.0,,5.0,,
StationTank,fuel_level_change,fuel_level_change,6076.0,,5.0,,
StationTank,fuel_level_change,fuel_level_change,6077.0,,5.0,,
StationTank,fuel_level_change,fuel_level_change,6078.0,,5.0,,
StationTank,fuel_level_change,fuel_level_change,6079.0,,5.0,,
Call 5,arrival_departure,depart,6080.0,,,,
Truck 5,arrival_departure,arrival,6080.0,,,,
Truck 5,queue,refuelling,6080.0,,,,
StationTank,fuel_level_change,fuel_level_change,6080.0,,5.0,,
StationTank,fuel_level_change,fuel_level_change,6081.0,,15.0,,
StationTank,fuel_level_change,fuel_level_change,6082.0,,25.0,,
StationTank,fuel_level_change,fuel_level_change,6083.0,,35.0,,
Car 107,resource_use,payment_begins,6083.0,2.0,,23.0,50.0
StationTank,fuel_level_change,fuel_level_change,6084.0,,18.0,,
StationTank,fuel_level_change,fuel_level_change,6085.0,,28.0,,
StationTank,fuel_level_change,fuel_level_change,6086.0,,38.0,,
StationTank,fuel_level_change,fuel_level_change,6087.0,,48.0,,
Car 108,resource_use,payment_begins,6087.0,1.0,,6.0,50.0
StationTank,fuel_level_change,fuel_level_change,6088.0,,14.0,,
StationTank,fuel_level_change,fuel_level_change,6089.0,,24.0,,
StationTank,fuel_level_change,fuel_level_change,6090.0,,34.0,,
StationTank,fuel_level_change,fuel_level_change,6091.0,,44.0,,
StationTank,fuel_level_change,fuel_level_change,6092.0,,54.0,,
StationTank,fuel_level_change,fuel_level_change,6093.0,,64.0,,
Car 119,arrival_departure,arrival,6094.0,,,,
Car 119,queue,pump_queue_wait_begins,6094.0,,,11.0,50.0
StationTank,fuel_level_change,fuel_level_change,6094.0,,74.0,,
StationTank,fuel_level_change,fuel_level_change,6095.0,,84.0,,
StationTank,fuel_level_change,fuel_level_change,6096.0,,94.0,,
StationTank,fuel_level_change,fuel_level_change,6097.0,,104.0,,
StationTank,fuel_level_change,fuel_level_change,6098.0,,114.0,,
StationTank,fuel_level_change,fuel_level_change,6099.0,,124.0,,
StationTank,fuel_level_change,fuel_level_change,6100.0,,134.0,,
StationTank,fuel_level_change,fuel_level_change,6101.0,,144.0,,
StationTank,fuel_level_change,fuel_level_change,6102.0,,154.0,,
StationTank,fuel_level_change,fuel_level_change,6103.0,,164.0,,
StationTank,fuel_level_change,fuel_level_change,6104.0,,174.0,,
StationTank,fuel_level_change,fuel_level_change,6105.0,,184.0,,
StationTank,fuel_level_change,fuel_level_change,6106.0,,194.0,,
StationTank,fuel_level_change,fuel_level_change,6107.0,,204.0,,
StationTank,fuel_level_change,fuel_level_change,6108.0,,214.0,,
StationTank,fuel_level_change,fuel_level_change,6109.0,,224.0,,
StationTank,fuel_level_change,fuel_level_change,6110.0,,234.0,,
StationTank,fuel_level_change,fuel_level_change,6111.0,,244.0,,
StationTank,fuel_level_change,fuel_level_change,6112.0,,254.0,,
StationTank,fuel_level_change,fuel_level_change,6113.0,,264.0,,
StationTank,fuel_level_change,fuel_level_change,6114.0,,274.0,,
StationTank,fuel_level_change,fuel_level_change,6115.0,,284.0,,
StationTank,fuel_level_change,fuel_level_change,6116.0,,294.0,,
StationTank,fuel_level_change,fuel_level_change,6117.0,,304.0,,
StationTank,fuel_level_change,fuel_level_change,6118.0,,314.0,,
StationTank,fuel_level_change,fuel_level_change,6119.0,,324.0,,
StationTank,fuel_level_change,fuel_level_change,6120.0,,334.0,,
StationTank,fuel_level_change,fuel_level_change,6121.0,,344.0,,
StationTank,fuel_level_change,fuel_level_change,6122.0,,354.0,,
StationTank,fuel_level_change,fuel_level_change,6123.0,,364.0,,
StationTank,fuel_level_change,fuel_level_change,6124.0,,374.0,,
StationTank,fuel_level_change,fuel_level_change,6125.0,,384.0,,
StationTank,fuel_level_change,fuel_level_change,6126.0,,394.0,,
StationTank,fuel_level_change,fuel_level_change,6127.0,,404.0,,
StationTank,fuel_level_change,fuel_level_change,6128.0,,414.0,,
StationTank,fuel_level_change,fuel_level_change,6129.0,,424.0,,
StationTank,fuel_level_change,fuel_level_change,6130.0,,434.0,,
StationTank,fuel_level_change,fuel_level_change,6131.0,,444.0,,
StationTank,fuel_level_change,fuel_level_change,6132.0,,454.0,,
StationTank,fuel_level_change,fuel_level_change,6133.0,,464.0,,
StationTank,fuel_level_change,fuel_level_change,6134.0,,474.0,,
StationTank,fuel_level_change,fuel_level_change,6135.0,,484.0,,
StationTank,fuel_level_change,fuel_level_change,6136.0,,494.0,,
Car 108,resource_use_end,payment_ends,6137.0,1.0,,6.0,50.0
Car 108,resource_use,pumping_begins,6137.0,1.0,,6.0,50.0
StationTank,fuel_level_change,fuel_level_change,6137.0,,504.0,,
StationTank,fuel_level_change,fuel_level_change,6138.0,,514.0,,
StationTank,fuel_level_change,fuel_level_change,6139.0,,524.0,,
StationTank,fuel_level_change,fuel_level_change,6140.0,,534.0,,
StationTank,fuel_level_change,fuel_level_change,6141.0,,544.0,,
Car 120,arrival_departure,arrival,6142.0,,,,
Car 120,queue,pump_queue_wait_begins,6142.0,,,12.0,50.0
StationTank,fuel_level_change,fuel_level_change,6142.0,,554.0,,
StationTank,fuel_level_change,fuel_level_change,6143.0,,564.0,,
StationTank,fuel_level_change,fuel_level_change,6144.0,,574.0,,
StationTank,fuel_level_change,fuel_level_change,6145.0,,584.0,,
Car 107,resource_use_end,payment_ends,6146.0,2.0,,23.0,50.0
Car 107,resource_use,pumping_begins,6146.0,2.0,,23.0,50.0
Truck 5,arrival_departure,depart,6146.0,,,,
StationTank,fuel_level_change,fuel_level_change,6146.0,,594.0,,
StationTank,fuel_level_change,fuel_level_change,6147.0,,594.0,,
StationTank,fuel_level_change,fuel_level_change,6148.0,,594.0,,
StationTank,fuel_level_change,fuel_level_change,6149.0,,594.0,,
StationTank,fuel_level_change,fuel_level_change,6150.0,,594.0,,
StationTank,fuel_level_change,fuel_level_change,6151.0,,594.0,,
StationTank,fuel_level_change,fuel_level_change,6152.0,,594.0,,
StationTank,fuel_level_change,fuel_level_change,6153.0,,594.0,,
StationTank,fuel_level_change,fuel_level_change,6154.0,,594.0,,
StationTank,fuel_level_change,fuel_level_change,6155.0,,594.0,,
StationTank,fuel_level_change,fuel_level_change,6156.0,,594.0,,
StationTank,fuel_level_change,fuel_level_change,6157.0,,594.0,,
StationTank,fuel_level_change,fuel_level_change,6158.0,,594.0,,
StationTank,fuel_level_change,fuel_level_change,6159.0,,594.0,,
StationTank,fuel_level_change,fuel_level_change,6160.0,,594.0,,
StationTank,fuel_level_change,fuel_level_change,6161.0,,594.0,,
StationTank,fuel_level_change,fuel_level_change,6162.0,,594.0,,
StationTank,fuel_level_change,fuel_level_change,6163.0,,594.0,,
StationTank,fuel_level_change,fuel_level_change,6164.0,,594.0,,
StationTank,fuel_level_change,fuel_level_change,6165.0,,594.0,,
StationTank,fuel_level_change,fuel_level_change,6166.0,,594.0,,
StationTank,fuel_level_change,fuel_level_change,6167.0,,594.0,,
StationTank,fuel_level_change,fuel_level_change,6168.0,,594.0,,
StationTank,fuel_level_change,fuel_level_change,6169.0,,594.0,,
StationTank,fuel_level_change,fuel_level_change,6170.0,,594.0,,
StationTank,fuel_level_change,fuel_level_change,6171.0,,594.0,,
StationTank,fuel_level_change,fuel_level_change,6172.0,,594.0,,
Car 107,resource_use_end,pumping_ends,6173.0,2.0,,23.0,50.0
Car 107,arrival_departure,depart,6173.0,,,,
StationTank,fuel_level_change,fuel_level_change,6173.0,,594.0,,
Car 109,resource_use,payment_begins,6173.0,2.0,,6.0,50.0
StationTank,fuel_level_change,fuel_level_change,6174.0,,550.0,,
StationTank,fuel_level_change,fuel_level_change,6175.0,,550.0,,
StationTank,fuel_level_change,fuel_level_change,6176.0,,550.0,,
StationTank,fuel_level_change,fuel_level_change,6177.0,,550.0,,
StationTank,fuel_level_change,fuel_level_change,6178.0,,550.0,,
StationTank,fuel_level_change,fuel_level_change,6179.0,,550.0,,
StationTank,fuel_level_change,fuel_level_change,6180.0,,550.0,,
Car 108,resource_use_end,pumping_ends,6181.0,1.0,,6.0,50.0
Car 108,arrival_departure,depart,6181.0,,,,
StationTank,fuel_level_change,fuel_level_change,6181.0,,550.0,,
Car 110,resource_use,payment_begins,6181.0,1.0,,20.0,50.0
StationTank,fuel_level_change,fuel_level_change,6182.0,,520.0,,
StationTank,fuel_level_change,fuel_level_change,6183.0,,520.0,,
StationTank,fuel_level_change,fuel_level_change,6184.0,,520.0,,
StationTank,fuel_level_change,fuel_level_change,6185.0,,520.0,,
StationTank,fuel_level_change,fuel_level_change,6186.0,,520.0,,
StationTank,fuel_level_change,fuel_level_change,6187.0,,520.0,,
StationTank,fuel_level_change,fuel_level_change,6188.0,,520.0,,
StationTank,fuel_level_change,fuel_level_change,6189.0,,520.0,,
StationTank,fuel_level_change,fuel_level_change,6190.0,,520.0,,
StationTank,fuel_level_change,fuel_level_change,6191.0,,520.0,,
StationTank,fuel_level_change,fuel_level_change,6192.0,,520.0,,
StationTank,fuel_level_change,fuel_level_change,6193.0,,520.0,,
StationTank,fuel_level_change,fuel_level_change,6194.0,,520.0,,
StationTank,fuel_level_change,fuel_level_change,6195.0,,520.0,,
StationTank,fuel_level_change,fuel_level_change,6196.0,,520.0,,
Car 121,arrival_departure,arrival,6197.0,,,,
Car 121,queue,pump_queue_wait_begins,6197.0,,,25.0,50.0
StationTank,fuel_level_change,fuel_level_change,6197.0,,520.0,,
StationTank,fuel_level_change,fuel_level_change,6198.0,,520.0,,
StationTank,fuel_level_change,fuel_level_change,6199.0,,520.0,,
StationTank,fuel_level_change,fuel_level_change,6200.0,,520.0,,
StationTank,fuel_level_change,fuel_level_change,6201.0,,520.0,,
StationTank,fuel_level_change,fuel_level_change,6202.0,,520.0,,
StationTank,fuel_level_change,fuel_level_change,6203.0,,520.0,,
StationTank,fuel_level_change,fuel_level_change,6204.0,,520.0,,
StationTank,fuel_level_change,fuel_level_change,6205.0,,520.0,,
StationTank,fuel_level_change,fuel_level_change,6206.0,,520.0,,
StationTank,fuel_level_change,fuel_level_change,6207.0,,520.0,,
StationTank,fuel_level_change,fuel_level_change,6208.0,,520.0,,
StationTank,fuel_level_change,fuel_level_change,6209.0,,520.0,,
StationTank,fuel_level_change,fuel_level_change,6210.0,,520.0,,
StationTank,fuel_level_change,fuel_level_change,6211.0,,520.0,,
StationTank,fuel_level_change,fuel_level_change,6212.0,,520.0,,
StationTank,fuel_level_change,fuel_level_change,6213.0,,520.0,,
StationTank,fuel_level_change,fuel_level_change,6214.0,,520.0,,
StationTank,fuel_level_change,fuel_level_change,6215.0,,520.0,,
StationTank,fuel_level_change,fuel_level_change,6216.0,,520.0,,
StationTank,fuel_level_change,fuel_level_change,6217.0,,520.0,,
StationTank,fuel_level_change,fuel_level_change,6218.0,,520.0,,
Car 109,resource_use_end,payment_ends,6219.0,2.0,,6.0,50.0
Car 109,resource_use,pumping_begins,6219.0,2.0,,6.0,50.0
StationTank,fuel_level_change,fuel_level_change,6219.0,,520.0,,
StationTank,fuel_level_change,fuel_level_change,6220.0,,520.0,,
StationTank,fuel_level_change,fuel_level_change,6221.0,,520.0,,
StationTank,fuel_level_change,fuel_level_change,6222.0,,520.0,,
StationTank,fuel_level_change,fuel_level_change,6223.0,,520.0,,
StationTank,fuel_level_change,fuel_level_change,6224.0,,520.0,,
StationTank,fuel_level_change,fuel_level_change,6225.0,,520.0,,
StationTank,fuel_level_change,fuel_level_change,6226.0,,520.0,,
StationTank,fuel_level_change,fuel_level_change,6227.0,,520.0,,
Car 122,arrival_departure,arrival,6228.0,,,,
Car 122,queue,pump_queue_wait_begins,6228.0,,,19.0,50.0
StationTank,fuel_level_change,fuel_level_change,6228.0,,520.0,,
StationTank,fuel_level_change,fuel_level_change,6229.0,,520.0,,
StationTank,fuel_level_change,fuel_level_change,6230.0,,520.0,,
StationTank,fuel_level_change,fuel_level_change,6231.0,,520.0,,
StationTank,fuel_level_change,fuel_level_change,6232.0,,520.0,,
StationTank,fuel_level_change,fuel_level_change,6233.0,,520.0,,
StationTank,fuel_level_change,fuel_level_change,6234.0,,520.0,,
StationTank,fuel_level_change,fuel_level_change,6235.0,,520.0,,
Car 110,resource_use_end,payment_ends,6236.0,1.0,,20.0,50.0
Car 110,resource_use,pumping_begins,6236.0,1.0,,20.0,50.0
StationTank,fuel_level_change,fuel_level_change,6236.0,,520.0,,
StationTank,fuel_level_change,fuel_level_change,6237.0,,520.0,,
StationTank,fuel_level_change,fuel_level_change,6238.0,,520.0,,
StationTank,fuel_level_change,fuel_level_change,6239.0,,520.0,,
StationTank,fuel_level_change,fuel_level_change,6240.0,,520.0,,
StationTank,fuel_level_change,fuel_level_change,6241.0,,520.0,,
StationTank,fuel_level_change,fuel_level_change,6242.0,,520.0,,
StationTank,fuel_level_change,fuel_level_change,6243.0,,520.0,,
StationTank,fuel_level_change,fuel_level_change,6244.0,,520.0,,
StationTank,fuel_level_change,fuel_level_change,6245.0,,520.0,,
StationTank,fuel_level_change,fuel_level_change,6246.0,,520.0,,
StationTank,fuel_level_change,fuel_level_change,6247.0,,520.0,,
StationTank,fuel_level_change,fuel_level_change,6248.0,,520.0,,
StationTank,fuel_level_change,fuel_level_change,6249.0,,520.0,,
StationTank,fuel_level_change,fuel_level_change,6250.0,,520.0,,
StationTank,fuel_level_change,fuel_level_change,6251.0,,520.0,,
StationTank,fuel_level_change,fuel_level_change,6252.0,,520.0,,
StationTank,fuel_level_change,fuel_level_change,6253.0,,520.0,,
StationTank,fuel_level_change,fuel_level_change,6254.0,,520.0,,
StationTank,fuel_level_change,fuel_level_change,6255.0,,520.0,,
StationTank,fuel_level_change,fuel_level_change,6256.0,,520.0,,
StationTank,fuel_level_change,fuel_level_change,6257.0,,520.0,,
StationTank,fuel_level_change,fuel_level_change,6258.0,,520.0,,
StationTank,fuel_level_change,fuel_level_change,6259.0,,520.0,,
StationTank,fuel_level_change,fuel_level_change,6260.0,,520.0,,
StationTank,fuel_level_change,fuel_level_change,6261.0,,520.0,,
StationTank,fuel_level_change,fuel_level_change,6262.0,,520.0,,
Car 109,resource_use_end,pumping_ends,6263.0,2.0,,6.0,50.0
Car 109,arrival_departure,depart,6263.0,,,,
StationTank,fuel_level_change,fuel_level_change,6263.0,,520.0,,
Car 111,resource_use,payment_begins,6263.0,2.0,,10.0,50.0
StationTank,fuel_level_change,fuel_level_change,6264.0,,480.0,,
StationTank,fuel_level_change,fuel_level_change,6265.0,,480.0,,
Car 110,resource_use_end,pumping_ends,6266.0,1.0,,20.0,50.0
Car 110,arrival_departure,depart,6266.0,,,,
StationTank,fuel_level_change,fuel_level_change,6266.0,,480.0,,
Car 112,resource_use,payment_begins,6266.0,1.0,,7.0,50.0
StationTank,fuel_level_change,fuel_level_change,6267.0,,437.0,,
StationTank,fuel_level_change,fuel_level_change,6268.0,,437.0,,
StationTank,fuel_level_change,fuel_level_change,6269.0,,437.0,,
StationTank,fuel_level_change,fuel_level_change,6270.0,,437.0,,
StationTank,fuel_level_change,fuel_level_change,6271.0,,437.0,,
StationTank,fuel_level_change,fuel_level_change,6272.0,,437.0,,
StationTank,fuel_level_change,fuel_level_change,6273.0,,437.0,,
StationTank,fuel_level_change,fuel_level_change,6274.0,,437.0,,
StationTank,fuel_level_change,fuel_level_change,6275.0,,437.0,,
StationTank,fuel_level_change,fuel_level_change,6276.0,,437.0,,
StationTank,fuel_level_change,fuel_level_change,6277.0,,437.0,,
StationTank,fuel_level_change,fuel_level_change,6278.0,,437.0,,
StationTank,fuel_level_change,fuel_level_change,6279.0,,437.0,,
StationTank,fuel_level_change,fuel_level_change,6280.0,,437.0,,
Car 123,arrival_departure,arrival,6281.0,,,,
Car 123,queue,pump_queue_wait_begins,6281.0,,,5.0,50.0
StationTank,fuel_level_change,fuel_level_change,6281.0,,437.0,,
StationTank,fuel_level_change,fuel_level_change,6282.0,,437.0,,
StationTank,fuel_level_change,fuel_level_change,6283.0,,437.0,,
StationTank,fuel_level_change,fuel_level_change,6284.0,,437.0,,
StationTank,fuel_level_change,fuel_level_change,6285.0,,437.0,,
StationTank,fuel_level_change,fuel_level_change,6286.0,,437.0,,
StationTank,fuel_level_change,fuel_level_change,6287.0,,437.0,,
StationTank,fuel_level_change,fuel_level_change,6288.0,,437.0,,
StationTank,fuel_level_change,fuel_level_change,6289.0,,437.0,,
StationTank,fuel_level_change,fuel_level_change,6290.0,,437.0,,
StationTank,fuel_level_change,fuel_level_change,6291.0,,437.0,,
StationTank,fuel_level_change,fuel_level_change,6292.0,,437.0,,
StationTank,fuel_level_change,fuel_level_change,6293.0,,437.0,,
StationTank,fuel_level_change,fuel_level_change,6294.0,,437.0,,
StationTank,fuel_level_change,fuel_level_change,6295.0,,437.0,,
StationTank,fuel_level_change,fuel_level_change,6296.0,,437.0,,
StationTank,fuel_level_change,fuel_level_change,6297.0,,437.0,,
StationTank,fuel_level_change,fuel_level_change,6298.0,,437.0,,
StationTank,fuel_level_change,fuel_level_change,6299.0,,437.0,,
StationTank,fuel_level_change,fuel_level_change,6300.0,,437.0,,
StationTank,fuel_level_change,fuel_level_change,6301.0,,437.0,,
StationTank,fuel_level_change,fuel_level_change,6302.0,,437.0,,
StationTank,fuel_level_change,fuel_level_change,6303.0,,437.0,,
StationTank,fuel_level_change,fuel_level_change,6304.0,,437.0,,
Car 124,arrival_departure,arrival,6305.0,,,,
Car 124,queue,pump_queue_wait_begins,6305.0,,,24.0,50.0
StationTank,fuel_level_change,fuel_level_change,6305.0,,437.0,,
StationTank,fuel_level_change,fuel_level_change,6306.0,,437.0,,
StationTank,fuel_level_change,fuel_level_change,6307.0,,437.0,,
StationTank,fuel_level_change,fuel_level_change,6308.0,,437.0,,
StationTank,fuel_level_change,fuel_level_change,6309.0,,437.0,,
StationTank,fuel_level_change,fuel_level_change,6310.0,,437.0,,
StationTank,fuel_level_change,fuel_level_change,6311.0,,437.0,,
StationTank,fuel_level_change,fuel_level_change,6312.0,,437.0,,
Car 111,resource_use_end,payment_ends,6313.0,2.0,,10.0,50.0
Car 111,resource_use,pumping_begins,6313.0,2.0,,10.0,50.0
StationTank,fuel_level_change,fuel_level_change,6313.0,,437.0,,
StationTank,fuel_level_change,fuel_level_change,6314.0,,437.0,,
StationTank,fuel_level_change,fuel_level_change,6315.0,,437.0,,
StationTank,fuel_level_change,fuel_level_change,6316.0,,437.0,,
StationTank,fuel_level_change,fuel_level_change,6317.0,,437.0,,
StationTank,fuel_level_change,fuel_level_change,6318.0,,437.0,,
StationTank,fuel_level_change,fuel_level_change,6319.0,,437.0,,
StationTank,fuel_level_change,fuel_level_change,6320.0,,437.0,,
StationTank,fuel_level_change,fuel_level_change,6321.0,,437.0,,
StationTank,fuel_level_change,fuel_level_change,6322.0,,437.0,,
StationTank,fuel_level_change,fuel_level_change,6323.0,,437.0,,
StationTank,fuel_level_change,fuel_level_change,6324.0,,437.0,,
StationTank,fuel_level_change,fuel_level_change,6325.0,,437.0,,
StationTank,fuel_level_change,fuel_level_change,6326.0,,437.0,,
StationTank,fuel_level_change,fuel_level_change,6327.0,,437.0,,
StationTank,fuel_level_change,fuel_level_change,6328.0,,437.0,,
StationTank,fuel_level_change,fuel_level_change,6329.0,,437.0,,
StationTank,fuel_level_change,fuel_level_change,6330.0,,437.0,,
StationTank,fuel_level_change,fuel_level_change,6331.0,,437.0,,
StationTank,fuel_level_change,fuel_level_change,6332.0,,437.0,,
StationTank,fuel_level_change,fuel_level_change,6333.0,,437.0,,
StationTank,fuel_level_change,fuel_level_change,6334.0,,437.0,,
StationTank,fuel_level_change,fuel_level_change,6335.0,,437.0,,
StationTank,fuel_level_change,fuel_level_change,6336.0,,437.0,,
StationTank,fuel_level_change,fuel_level_change,6337.0,,437.0,,
StationTank,fuel_level_change,fuel_level_change,6338.0,,437.0,,
StationTank,fuel_level_change,fuel_level_change,6339.0,,437.0,,
StationTank,fuel_level_change,fuel_level_change,6340.0,,437.0,,
StationTank,fuel_level_change,fuel_level_change,6341.0,,437.0,,
StationTank,fuel_level_change,fuel_level_change,6342.0,,437.0,,
StationTank,fuel_level_change,fuel_level_change,6343.0,,437.0,,
StationTank,fuel_level_change,fuel_level_change,6344.0,,437.0,,
StationTank,fuel_level_change,fuel_level_change,6345.0,,437.0,,
StationTank,fuel_level_change,fuel_level_change,6346.0,,437.0,,
StationTank,fuel_level_change,fuel_level_change,6347.0,,437.0,,
StationTank,fuel_level_change,fuel_level_change,6348.0,,437.0,,
StationTank,fuel_level_change,fuel_level_change,6349.0,,437.0,,
StationTank,fuel_level_change,fuel_level_change,6350.0,,437.0,,
StationTank,fuel_level_change,fuel_level_change,6351.0,,437.0,,
StationTank,fuel_level_change,fuel_level_change,6352.0,,437.0,,
Car 111,resource_use_end,pumping_ends,6353.0,2.0,,10.0,50.0
Car 111,arrival_departure,depart,6353.0,,,,
StationTank,fuel_level_change,fuel_level_change,6353.0,,437.0,,
Car 113,resource_use,payment_begins,6353.0,2.0,,12.0,50.0
StationTank,fuel_level_change,fuel_level_change,6354.0,,399.0,,
Car 112,resource_use_end,payment_ends,6355.0,1.0,,7.0,50.0
Car 112,resource_use,pumping_begins,6355.0,1.0,,7.0,50.0
StationTank,fuel_level_change,fuel_level_change,6355.0,,399.0,,
StationTank,fuel_level_change,fuel_level_change,6356.0,,399.0,,
StationTank,fuel_level_change,fuel_level_change,6357.0,,399.0,,
StationTank,fuel_level_change,fuel_level_change,6358.0,,399.0,,
StationTank,fuel_level_change,fuel_level_change,6359.0,,399.0,,
StationTank,fuel_level_change,fuel_level_change,6360.0,,399.0,,
StationTank,fuel_level_change,fuel_level_change,6361.0,,399.0,,
StationTank,fuel_level_change,fuel_level_change,6362.0,,399.0,,
StationTank,fuel_level_change,fuel_level_change,6363.0,,399.0,,
StationTank,fuel_level_change,fuel_level_change,6364.0,,399.0,,
StationTank,fuel_level_change,fuel_level_change,6365.0,,399.0,,
StationTank,fuel_level_change,fuel_level_change,6366.0,,399.0,,
StationTank,fuel_level_change,fuel_level_change,6367.0,,399.0,,
StationTank,fuel_level_change,fuel_level_change,6368.0,,399.0,,
StationTank,fuel_level_change,fuel_level_change,6369.0,,399.0,,
StationTank,fuel_level_change,fuel_level_change,6370.0,,399.0,,
StationTank,fuel_level_change,fuel_level_change,6371.0,,399.0,,
StationTank,fuel_level_change,fuel_level_change,6372.0,,399.0,,
StationTank,fuel_level_change,fuel_level_change,6373.0,,399.0,,
StationTank,fuel_level_change,fuel_level_change,6374.0,,399.0,,
StationTank,fuel_level_change,fuel_level_change,6375.0,,399.0,,
StationTank,fuel_level_change,fuel_level_change,6376.0,,399.0,,
StationTank,fuel_level_change,fuel_level_change,6377.0,,399.0,,
Car 125,arrival_departure,arrival,6378.0,,,,
Car 125,queue,pump_queue_wait_begins,6378.0,,,7.0,50.0
StationTank,fuel_level_change,fuel_level_change,6378.0,,399.0,,
StationTank,fuel_level_change,fuel_level_change,6379.0,,399.0,,
StationTank,fuel_level_change,fuel_level_change,6380.0,,399.0,,
StationTank,fuel_level_change,fuel_level_change,6381.0,,399.0,,
StationTank,fuel_level_change,fuel_level_change,6382.0,,399.0,,
StationTank,fuel_level_change,fuel_level_change,6383.0,,399.0,,
StationTank,fuel_level_change,fuel_level_change,6384.0,,399.0,,
StationTank,fuel_level_change,fuel_level_change,6385.0,,399.0,,
StationTank,fuel_level_change,fuel_level_change,6386.0,,399.0,,
StationTank,fuel_level_change,fuel_level_change,6387.0,,399.0,,
StationTank,fuel_level_change,fuel_level_change,6388.0,,399.0,,
StationTank,fuel_level_change,fuel_level_change,6389.0,,399.0,,
StationTank,fuel_level_change,fuel_level_change,6390.0,,399.0,,
StationTank,fuel_level_change,fuel_level_change,6391.0,,399.0,,
StationTank,fuel_level_change,fuel_level_change,6392.0,,399.0,,
StationTank,fuel_level_change,fuel_level_change,6393.0,,399.0,,
StationTank,fuel_level_change,fuel_level_change,6394.0,,399.0,,
StationTank,fuel_level_change,fuel_level_change,6395.0,,399.0,,
StationTank,fuel_level_change,fuel_level_change,6396.0,,399.0,,
StationTank,fuel_level_change,fuel_level_change,6397.0,,399.0,,
Car 112,resource_use_end,pumping_ends,6398.0,1.0,,7.0,50.0
Car 112,arrival_departure,depart,6398.0,,,,
StationTank,fuel_level_change,fuel_level_change,6398.0,,399.0,,
Car 114,resource_use,payment_begins,6398.0,1.0,,8.0,50.0
StationTank,fuel_level_change,fuel_level_change,6399.0,,357.0,,
StationTank,fuel_level_change,fuel_level_change,6400.0,,357.0,,
StationTank,fuel_level_change,fuel_level_change,6401.0,,357.0,,
StationTank,fuel_level_change,fuel_level_change,6402.0,,357.0,,
StationTank,fuel_level_change,fuel_level_change,6403.0,,357.0,,
StationTank,fuel_level_change,fuel_level_change,6404.0,,357.0,,
Car 126,arrival_departure,arrival,6405.0,,,,
Car 126,queue,pump_queue_wait_begins,6405.0,,,21.0,50.0
StationTank,fuel_level_change,fuel_level_change,6405.0,,357.0,,
StationTank,fuel_level_change,fuel_level_change,6406.0,,357.0,,
StationTank,fuel_level_change,fuel_level_change,6407.0,,357.0,,
StationTank,fuel_level_change,fuel_level_change,6408.0,,357.0,,
StationTank,fuel_level_change,fuel_level_change,6409.0,,357.0,,
StationTank,fuel_level_change,fuel_level_change,6410.0,,357.0,,
StationTank,fuel_level_change,fuel_level_change,6411.0,,357.0,,
StationTank,fuel_level_change,fuel_level_change,6412.0,,357.0,,
StationTank,fuel_level_change,fuel_level_change,6413.0,,357.0,,
StationTank,fuel_level_change,fuel_level_change,6414.0,,357.0,,
StationTank,fuel_level_change,fuel_level_change,6415.0,,357.0,,
StationTank,fuel_level_change,fuel_level_change,6416.0,,357.0,,
StationTank,fuel_level_change,fuel_level_change,6417.0,,357.0,,
StationTank,fuel_level_change,fuel_level_change,6418.0,,357.0,,
Car 113,resource_use_end,payment_ends,6419.0,2.0,,12.0,50.0
Car 113,resource_use,pumping_begins,6419.0,2.0,,12.0,50.0
StationTank,fuel_level_change,fuel_level_change,6419.0,,357.0,,
StationTank,fuel_level_change,fuel_level_change,6420.0,,357.0,,
StationTank,fuel_level_change,fuel_level_change,6421.0,,357.0,,
StationTank,fuel_level_change,fuel_level_change,6422.0,,357.0,,
StationTank,fuel_level_change,fuel_level_change,6423.0,,357.0,,
StationTank,fuel_level_change,fuel_level_change,6424.0,,357.0,,
StationTank,fuel_level_change,fuel_level_change,6425.0,,357.0,,
StationTank,fuel_level_change,fuel_level_change,6426.0,,357.0,,
StationTank,fuel_level_change,fuel_level_change,6427.0,,357.0,,
StationTank,fuel_level_change,fuel_level_change,6428.0,,357.0,,
StationTank,fuel_level_change,fuel_level_change,6429.0,,357.0,,
StationTank,fuel_level_change,fuel_level_change,6430.0,,357.0,,
StationTank,fuel_level_change,fuel_level_change,6431.0,,357.0,,
StationTank,fuel_level_change,fuel_level_change,6432.0,,357.0,,
StationTank,fuel_level_change,fuel_level_change,6433.0,,357.0,,
StationTank,fuel_level_change,fuel_level_change,6434.0,,357.0,,
StationTank,fuel_level_change,fuel_level_change,6435.0,,357.0,,
StationTank,fuel_level_change,fuel_level_change,6436.0,,357.0,,
StationTank,fuel_level_change,fuel_level_change,6437.0,,357.0,,
StationTank,fuel_level_change,fuel_level_change,6438.0,,357.0,,
StationTank,fuel_level_change,fuel_level_change,6439.0,,357.0,,
StationTank,fuel_level_change,fuel_level_change,6440.0,,357.0,,
StationTank,fuel_level_change,fuel_level_change,6441.0,,357.0,,
StationTank,fuel_level_change,fuel_level_change,6442.0,,357.0,,
StationTank,fuel_level_change,fuel_level_change,6443.0,,357.0,,
StationTank,fuel_level_change,fuel_level_change,6444.0,,357.0,,
StationTank,fuel_level_change,fuel_level_change,6445.0,,357.0,,
StationTank,fuel_level_change,fuel_level_change,6446.0,,357.0,,
Car 127,arrival_departure,arrival,6447.0,,,,
Car 127,queue,pump_queue_wait_begins,6447.0,,,9.0,50.0
StationTank,fuel_level_change,fuel_level_change,6447.0,,357.0,,
StationTank,fuel_level_change,fuel_level_change,6448.0,,357.0,,
StationTank,fuel_level_change,fuel_level_change,6449.0,,357.0,,
StationTank,fuel_level_change,fuel_level_change,6450.0,,357.0,,
StationTank,fuel_level_change,fuel_level_change,6451.0,,357.0,,
StationTank,fuel_level_change,fuel_level_change,6452.0,,357.0,,
StationTank,fuel_level_change,fuel_level_change,6453.0,,357.0,,
StationTank,fuel_level_change,fuel_level_change,6454.0,,357.0,,
StationTank,fuel_level_change,fuel_level_change,6455.0,,357.0,,
StationTank,fuel_level_change,fuel_level_change,6456.0,,357.0,,
Car 113,resource_use_end,pumping_ends,6457.0,2.0,,12.0,50.0
Car 113,arrival_departure,depart,6457.0,,,,
StationTank,fuel_level_change,fuel_level_change,6457.0,,357.0,,
Car 115,resource_use,payment_begins,6457.0,2.0,,12.0,50.0
StationTank,fuel_level_change,fuel_level_change,6458.0,,319.0,,
StationTank,fuel_level_change,fuel_level_change,6459.0,,319.0,,
StationTank,fuel_level_change,fuel_level_change,6460.0,,319.0,,
StationTank,fuel_level_change,fuel_level_change,6461.0,,319.0,,
Car 114,resource_use_end,payment_ends,6462.0,1.0,,8.0,50.0
Car 114,resource_use,pumping_begins,6462.0,1.0,,8.0,50.0
StationTank,fuel_level_change,fuel_level_change,6462.0,,319.0,,
StationTank,fuel_level_change,fuel_level_change,6463.0,,319.0,,
StationTank,fuel_level_change,fuel_level_change,6464.0,,319.0,,
StationTank,fuel_level_change,fuel_level_change,6465.0,,319.0,,
StationTank,fuel_level_change,fuel_level_change,6466.0,,319.0,,
StationTank,fuel_level_change,fuel_level_change,6467.0,,319.0,,
StationTank,fuel_level_change,fuel_level_change,6468.0,,319.0,,
StationTank,fuel_level_change,fuel_level_change,6469.0,,319.0,,
StationTank,fuel_level_change,fuel_level_change,6470.0,,319.0,,
StationTank,fuel_level_change,fuel_level_change,6471.0,,319.0,,
StationTank,fuel_level_change,fuel_level_change,6472.0,,319.0,,
StationTank,fuel_level_change,fuel_level_change,6473.0,,319.0,,
StationTank,fuel_level_change,fuel_level_change,6474.0,,319.0,,
StationTank,fuel_level_change,fuel_level_change,6475.0,,319.0,,
StationTank,fuel_level_change,fuel_level_change,6476.0,,319.0,,
StationTank,fuel_level_change,fuel_level_change,6477.0,,319.0,,
StationTank,fuel_level_change,fuel_level_change,6478.0,,319.0,,
StationTank,fuel_level_change,fuel_level_change,6479.0,,319.0,,
StationTank,fuel_level_change,fuel_level_change,6480.0,,319.0,,
StationTank,fuel_level_change,fuel_level_change,6481.0,,319.0,,
StationTank,fuel_level_change,fuel_level_change,6482.0,,319.0,,
StationTank,fuel_level_change,fuel_level_change,6483.0,,319.0,,
StationTank,fuel_level_change,fuel_level_change,6484.0,,319.0,,
StationTank,fuel_level_change,fuel_level_change,6485.0,,319.0,,
StationTank,fuel_level_change,fuel_level_change,6486.0,,319.0,,
StationTank,fuel_level_change,fuel_level_change,6487.0,,319.0,,
StationTank,fuel_level_change,fuel_level_change,6488.0,,319.0,,
StationTank,fuel_level_change,fuel_level_change,6489.0,,319.0,,
StationTank,fuel_level_change,fuel_level_change,6490.0,,319.0,,
StationTank,fuel_level_change,fuel_level_change,6491.0,,319.0,,
StationTank,fuel_level_change,fuel_level_change,6492.0,,319.0,,
StationTank,fuel_level_change,fuel_level_change,6493.0,,319.0,,
StationTank,fuel_level_change,fuel_level_change,6494.0,,319.0,,
Car 128,arrival_departure,arrival,6495.0,,,,
Car 128,queue,pump_queue_wait_begins,6495.0,,,7.0,50.0
StationTank,fuel_level_change,fuel_level_change,6495.0,,319.0,,
StationTank,fuel_level_change,fuel_level_change,6496.0,,319.0,,
StationTank,fuel_level_change,fuel_level_change,6497.0,,319.0,,
StationTank,fuel_level_change,fuel_level_change,6498.0,,319.0,,
StationTank,fuel_level_change,fuel_level_change,6499.0,,319.0,,
StationTank,fuel_level_change,fuel_level_change,6500.0,,319.0,,
StationTank,fuel_level_change,fuel_level_change,6501.0,,319.0,,
StationTank,fuel_level_change,fuel_level_change,6502.0,,319.0,,
StationTank,fuel_level_change,fuel_level_change,6503.0,,319.0,,
Car 114,resource_use_end,pumping_ends,6504.0,1.0,,8.0,50.0
Car 114,arrival_departure,depart,6504.0,,,,
StationTank,fuel_level_change,fuel_level_change,6504.0,,319.0,,
Car 116,resource_use,payment_begins,6504.0,1.0,,24.0,50.0
StationTank,fuel_level_change,fuel_level_change,6505.0,,293.0,,
StationTank,fuel_level_change,fuel_level_change,6506.0,,293.0,,
StationTank,fuel_level_change,fuel_level_change,6507.0,,293.0,,
StationTank,fuel_level_change,fuel_level_change,6508.0,,293.0,,
StationTank,fuel_level_change,fuel_level_change,6509.0,,293.0,,
StationTank,fuel_level_change,fuel_level_change,6510.0,,293.0,,
StationTank,fuel_level_change,fuel_level_change,6511.0,,293.0,,
StationTank,fuel_level_change,fuel_level_change,6512.0,,293.0,,
StationTank,fuel_level_change,fuel_level_change,6513.0,,293.0,,
StationTank,fuel_level_change,fuel_level_change,6514.0,,293.0,,
StationTank,fuel_level_change,fuel_level_change,6515.0,,293.0,,
StationTank,fuel_level_change,fuel_level_change,6516.0,,293.0,,
StationTank,fuel_level_change,fuel_level_change,6517.0,,293.0,,
StationTank,fuel_level_change,fuel_level_change,6518.0,,293.0,,
StationTank,fuel_level_change,fuel_level_change,6519.0,,293.0,,
StationTank,fuel_level_change,fuel_level_change,6520.0,,293.0,,
StationTank,fuel_level_change,fuel_level_change,6521.0,,293.0,,
StationTank,fuel_level_change,fuel_level_change,6522.0,,293.0,,
StationTank,fuel_level_change,fuel_level_change,6523.0,,293.0,,
StationTank,fuel_level_change,fuel_level_change,6524.0,,293.0,,
StationTank,fuel_level_change,fuel_level_change,6525.0,,293.0,,
StationTank,fuel_level_change,fuel_level_change,6526.0,,293.0,,
StationTank,fuel_level_change,fuel_level_change,6527.0,,293.0,,
StationTank,fuel_level_change,fuel_level_change,6528.0,,293.0,,
StationTank,fuel_level_change,fuel_level_change,6529.0,,293.0,,
StationTank,fuel_level_change,fuel_level_change,6530.0,,293.0,,
StationTank,fuel_level_change,fuel_level_change,6531.0,,293.0,,
StationTank,fuel_level_change,fuel_level_change,6532.0,,293.0,,
StationTank,fuel_level_change,fuel_level_change,6533.0,,293.0,,
StationTank,fuel_level_change,fuel_level_change,6534.0,,293.0,,
StationTank,fuel_level_change,fuel_level_change,6535.0,,293.0,,
StationTank,fuel_level_change,fuel_level_change,6536.0,,293.0,,
StationTank,fuel_level_change,fuel_level_change,6537.0,,293.0,,
StationTank,fuel_level_change,fuel_level_change,6538.0,,293.0,,
StationTank,fuel_level_change,fuel_level_change,6539.0,,293.0,,
StationTank,fuel_level_change,fuel_level_change,6540.0,,293.0,,
StationTank,fuel_level_change,fuel_level_change,6541.0,,293.0,,
StationTank,fuel_level_change,fuel_level_change,6542.0,,293.0,,
StationTank,fuel_level_change,fuel_level_change,6543.0,,293.0,,
StationTank,fuel_level_change,fuel_level_change,6544.0,,293.0,,
StationTank,fuel_level_change,fuel_level_change,6545.0,,293.0,,
Car 115,resource_use_end,payment_ends,6546.0,2.0,,12.0,50.0
Car 115,resource_use,pumping_begins,6546.0,2.0,,12.0,50.0
StationTank,fuel_level_change,fuel_level_change,6546.0,,293.0,,
StationTank,fuel_level_change,fuel_level_change,6547.0,,293.0,,
StationTank,fuel_level_change,fuel_level_change,6548.0,,293.0,,
StationTank,fuel_level_change,fuel_level_change,6549.0,,293.0,,
StationTank,fuel_level_change,fuel_level_change,6550.0,,293.0,,
StationTank,fuel_level_change,fuel_level_change,6551.0,,293.0,,
StationTank,fuel_level_change,fuel_level_change,6552.0,,293.0,,
StationTank,fuel_level_change,fuel_level_change,6553.0,,293.0,,
Car 129,arrival_departure,arrival,6554.0,,,,
Car 129,queue,pump_queue_wait_begins,6554.0,,,16.0,50.0
StationTank,fuel_level_change,fuel_level_change,6554.0,,293.0,,
StationTank,fuel_level_change,fuel_level_change,6555.0,,293.0,,
StationTank,fuel_level_change,fuel_level_change,6556.0,,293.0,,
StationTank,fuel_level_change,fuel_level_change,6557.0,,293.0,,
StationTank,fuel_level_change,fuel_level_change,6558.0,,293.0,,
StationTank,fuel_level_change,fuel_level_change,6559.0,,293.0,,
StationTank,fuel_level_change,fuel_level_change,6560.0,,293.0,,
StationTank,fuel_level_change,fuel_level_change,6561.0,,293.0,,
StationTank,fuel_level_change,fuel_level_change,6562.0,,293.0,,
StationTank,fuel_level_change,fuel_level_change,6563.0,,293.0,,
StationTank,fuel_level_change,fuel_level_change,6564.0,,293.0,,
StationTank,fuel_level_change,fuel_level_change,6565.0,,293.0,,
StationTank,fuel_level_change,fuel_level_change,6566.0,,293.0,,
StationTank,fuel_level_change,fuel_level_change,6567.0,,293.0,,
StationTank,fuel_level_change,fuel_level_change,6568.0,,293.0,,
StationTank,fuel_level_change,fuel_level_change,6569.0,,293.0,,
StationTank,fuel_level_change,fuel_level_change,6570.0,,293.0,,
StationTank,fuel_level_change,fuel_level_change,6571.0,,293.0,,
StationTank,fuel_level_change,fuel_level_change,6572.0,,293.0,,
StationTank,fuel_level_change,fuel_level_change,6573.0,,293.0,,
StationTank,fuel_level_change,fuel_level_change,6574.0,,293.0,,
StationTank,fuel_level_change,fuel_level_change,6575.0,,293.0,,
StationTank,fuel_level_change,fuel_level_change,6576.0,,293.0,,
StationTank,fuel_level_change,fuel_level_change,6577.0,,293.0,,
StationTank,fuel_level_change,fuel_level_change,6578.0,,293.0,,
StationTank,fuel_level_change,fuel_level_change,6579.0,,293.0,,
StationTank,fuel_level_change,fuel_level_change,6580.0,,293.0,,
StationTank,fuel_level_change,fuel_level_change,6581.0,,293.0,,
StationTank,fuel_level_change,fuel_level_change,6582.0,,293.0,,
StationTank,fuel_level_change,fuel_level_change,6583.0,,293.0,,
Car 115,resource_use_end,pumping_ends,6584.0,2.0,,12.0,50.0
Car 115,arrival_departure,depart,6584.0,,,,
StationTank,fuel_level_change,fuel_level_change,6584.0,,293.0,,
Car 117,resource_use,payment_begins,6584.0,2.0,,18.0,50.0
StationTank,fuel_level_change,fuel_level_change,6585.0,,261.0,,
StationTank,fuel_level_change,fuel_level_change,6586.0,,261.0,,
StationTank,fuel_level_change,fuel_level_change,6587.0,,261.0,,
StationTank,fuel_level_change,fuel_level_change,6588.0,,261.0,,
StationTank,fuel_level_change,fuel_level_change,6589.0,,261.0,,
Car 116,resource_use_end,payment_ends,6590.0,1.0,,24.0,50.0
Car 116,resource_use,pumping_begins,6590.0,1.0,,24.0,50.0
StationTank,fuel_level_change,fuel_level_change,6590.0,,261.0,,
StationTank,fuel_level_change,fuel_level_change,6591.0,,261.0,,
StationTank,fuel_level_change,fuel_level_change,6592.0,,261.0,,
StationTank,fuel_level_change,fuel_level_change,6593.0,,261.0,,
StationTank,fuel_level_change,fuel_level_change,6594.0,,261.0,,
StationTank,fuel_level_change,fuel_level_change,6595.0,,261.0,,
StationTank,fuel_level_change,fuel_level_change,6596.0,,261.0,,
StationTank,fuel_level_change,fuel_level_change,6597.0,,261.0,,
StationTank,fuel_level_change,fuel_level_change,6598.0,,261.0,,
StationTank,fuel_level_change,fuel_level_change,6599.0,,261.0,,
Car 130,arrival_departure,arrival,6600.0,,,,
Car 130,queue,pump_queue_wait_begins,6600.0,,,19.0,50.0
StationTank,fuel_level_change,fuel_level_change,6600.0,,261.0,,
StationTank,fuel_level_change,fuel_level_change,6601.0,,261.0,,
StationTank,fuel_level_change,fuel_level_change,6602.0,,261.0,,
StationTank,fuel_level_change,fuel_level_change,6603.0,,261.0,,
StationTank,fuel_level_change,fuel_level_change,6604.0,,261.0,,
StationTank,fuel_level_change,fuel_level_change,6605.0,,261.0,,
StationTank,fuel_level_change,fuel_level_change,6606.0,,261.0,,
StationTank,fuel_level_change,fuel_level_change,6607.0,,261.0,,
StationTank,fuel_level_change,fuel_level_change,6608.0,,261.0,,
StationTank,fuel_level_change,fuel_level_change,6609.0,,261.0,,
StationTank,fuel_level_change,fuel_level_change,6610.0,,261.0,,
StationTank,fuel_level_change,fuel_level_change,6611.0,,261.0,,
StationTank,fuel_level_change,fuel_level_change,6612.0,,261.0,,
StationTank,fuel_level_change,fuel_level_change,6613.0,,261.0,,
StationTank,fuel_level_change,fuel_level_change,6614.0,,261.0,,
StationTank,fuel_level_change,fuel_level_change,6615.0,,261.0,,
Car 116,resource_use_end,pumping_ends,6616.0,1.0,,24.0,50.0
Car 116,arrival_departure,depart,6616.0,,,,
StationTank,fuel_level_change,fuel_level_change,6616.0,,261.0,,
Car 118,resource_use,payment_begins,6616.0,1.0,,23.0,50.0
StationTank,fuel_level_change,fuel_level_change,6617.0,,234.0,,
StationTank,fuel_level_change,fuel_level_change,6618.0,,234.0,,
StationTank,fuel_level_change,fuel_level_change,6619.0,,234.0,,
StationTank,fuel_level_change,fuel_level_change,6620.0,,234.0,,
StationTank,fuel_level_change,fuel_level_change,6621.0,,234.0,,
StationTank,fuel_level_change,fuel_level_change,6622.0,,234.0,,
StationTank,fuel_level_change,fuel_level_change,6623.0,,234.0,,
StationTank,fuel_level_change,fuel_level_change,6624.0,,234.0,,
StationTank,fuel_level_change,fuel_level_change,6625.0,,234.0,,
StationTank,fuel_level_change,fuel_level_change,6626.0,,234.0,,
StationTank,fuel_level_change,fuel_level_change,6627.0,,234.0,,
StationTank,fuel_level_change,fuel_level_change,6628.0,,234.0,,
StationTank,fuel_level_change,fuel_level_change,6629.0,,234.0,,
StationTank,fuel_level_change,fuel_level_change,6630.0,,234.0,,
StationTank,fuel_level_change,fuel_level_change,6631.0,,234.0,,
Car 117,resource_use_end,payment_ends,6632.0,2.0,,18.0,50.0
Car 117,resource_use,pumping_begins,6632.0,2.0,,18.0,50.0
StationTank,fuel_level_change,fuel_level_change,6632.0,,234.0,,
StationTank,fuel_level_change,fuel_level_change,6633.0,,234.0,,
StationTank,fuel_level_change,fuel_level_change,6634.0,,234.0,,
Car 131,arrival_departure,arrival,6635.0,,,,
Car 131,queue,pump_queue_wait_begins,6635.0,,,14.0,50.0
StationTank,fuel_level_change,fuel_level_change,6635.0,,234.0,,
StationTank,fuel_level_change,fuel_level_change,6636.0,,234.0,,
StationTank,fuel_level_change,fuel_level_change,6637.0,,234.0,,
StationTank,fuel_level_change,fuel_level_change,6638.0,,234.0,,
StationTank,fuel_level_change,fuel_level_change,6639.0,,234.0,,
StationTank,fuel_level_change,fuel_level_change,6640.0,,234.0,,
StationTank,fuel_level_change,fuel_level_change,6641.0,,234.0,,
StationTank,fuel_level_change,fuel_level_change,6642.0,,234.0,,
StationTank,fuel_level_change,fuel_level_change,6643.0,,234.0,,
StationTank,fuel_level_change,fuel_level_change,6644.0,,234.0,,
StationTank,fuel_level_change,fuel_level_change,6645.0,,234.0,,
StationTank,fuel_level_change,fuel_level_change,6646.0,,234.0,,
StationTank,fuel_level_change,fuel_level_change,6647.0,,234.0,,
StationTank,fuel_level_change,fuel_level_change,6648.0,,234.0,,
StationTank,fuel_level_change,fuel_level_change,6649.0,,234.0,,
StationTank,fuel_level_change,fuel_level_change,6650.0,,234.0,,
StationTank,fuel_level_change,fuel_level_change,6651.0,,234.0,,
StationTank,fuel_level_change,fuel_level_change,6652.0,,234.0,,
StationTank,fuel_level_change,fuel_level_change,6653.0,,234.0,,
StationTank,fuel_level_change,fuel_level_change,6654.0,,234.0,,
StationTank,fuel_level_change,fuel_level_change,6655.0,,234.0,,
StationTank,fuel_level_change,fuel_level_change,6656.0,,234.0,,
StationTank,fuel_level_change,fuel_level_change,6657.0,,234.0,,
StationTank,fuel_level_change,fuel_level_change,6658.0,,234.0,,
StationTank,fuel_level_change,fuel_level_change,6659.0,,234.0,,
StationTank,fuel_level_change,fuel_level_change,6660.0,,234.0,,
StationTank,fuel_level_change,fuel_level_change,6661.0,,234.0,,
StationTank,fuel_level_change,fuel_level_change,6662.0,,234.0,,
StationTank,fuel_level_change,fuel_level_change,6663.0,,234.0,,
Car 117,resource_use_end,pumping_ends,6664.0,2.0,,18.0,50.0
Car 117,arrival_departure,depart,6664.0,,,,
StationTank,fuel_level_change,fuel_level_change,6664.0,,234.0,,
Car 119,resource_use,payment_begins,6664.0,2.0,,11.0,50.0
StationTank,fuel_level_change,fuel_level_change,6665.0,,195.0,,
StationTank,fuel_level_change,fuel_level_change,6666.0,,195.0,,
StationTank,fuel_level_change,fuel_level_change,6667.0,,195.0,,
StationTank,fuel_level_change,fuel_level_change,6668.0,,195.0,,
StationTank,fuel_level_change,fuel_level_change,6669.0,,195.0,,
StationTank,fuel_level_change,fuel_level_change,6670.0,,195.0,,
StationTank,fuel_level_change,fuel_level_change,6671.0,,195.0,,
StationTank,fuel_level_change,fuel_level_change,6672.0,,195.0,,
StationTank,fuel_level_change,fuel_level_change,6673.0,,195.0,,
StationTank,fuel_level_change,fuel_level_change,6674.0,,195.0,,
StationTank,fuel_level_change,fuel_level_change,6675.0,,195.0,,
StationTank,fuel_level_change,fuel_level_change,6676.0,,195.0,,
StationTank,fuel_level_change,fuel_level_change,6677.0,,195.0,,
StationTank,fuel_level_change,fuel_level_change,6678.0,,195.0,,
StationTank,fuel_level_change,fuel_level_change,6679.0,,195.0,,
StationTank,fuel_level_change,fuel_level_change,6680.0,,195.0,,
StationTank,fuel_level_change,fuel_level_change,6681.0,,195.0,,
StationTank,fuel_level_change,fuel_level_change,6682.0,,195.0,,
StationTank,fuel_level_change,fuel_level_change,6683.0,,195.0,,
StationTank,fuel_level_change,fuel_level_change,6684.0,,195.0,,
StationTank,fuel_level_change,fuel_level_change,6685.0,,195.0,,
StationTank,fuel_level_change,fuel_level_change,6686.0,,195.0,,
StationTank,fuel_level_change,fuel_level_change,6687.0,,195.0,,
StationTank,fuel_level_change,fuel_level_change,6688.0,,195.0,,
StationTank,fuel_level_change,fuel_level_change,6689.0,,195.0,,
StationTank,fuel_level_change,fuel_level_change,6690.0,,195.0,,
StationTank,fuel_level_change,fuel_level_change,6691.0,,195.0,,
StationTank,fuel_level_change,fuel_level_change,6692.0,,195.0,,
StationTank,fuel_level_change,fuel_level_change,6693.0,,195.0,,
StationTank,fuel_level_change,fuel_level_change,6694.0,,195.0,,
StationTank,fuel_level_change,fuel_level_change,6695.0,,195.0,,
StationTank,fuel_level_change,fuel_level_change,6696.0,,195.0,,
StationTank,fuel_level_change,fuel_level_change,6697.0,,195.0,,
StationTank,fuel_level_change,fuel_level_change,6698.0,,195.0,,
Car 118,resource_use_end,payment_ends,6699.0,1.0,,23.0,50.0
Car 118,resource_use,pumping_begins,6699.0,1.0,,23.0,50.0
StationTank,fuel_level_change,fuel_level_change,6699.0,,195.0,,
StationTank,fuel_level_change,fuel_level_change,6700.0,,195.0,,
StationTank,fuel_level_change,fuel_level_change,6701.0,,195.0,,
StationTank,fuel_level_change,fuel_level_change,6702.0,,195.0,,
StationTank,fuel_level_change,fuel_level_change,6703.0,,195.0,,
StationTank,fuel_level_change,fuel_level_change,6704.0,,195.0,,
StationTank,fuel_level_change,fuel_level_change,6705.0,,195.0,,
StationTank,fuel_level_change,fuel_level_change,6706.0,,195.0,,
StationTank,fuel_level_change,fuel_level_change,6707.0,,195.0,,
StationTank,fuel_level_change,fuel_level_change,6708.0,,195.0,,
StationTank,fuel_level_change,fuel_level_change,6709.0,,195.0,,
StationTank,fuel_level_change,fuel_level_change,6710.0,,195.0,,
StationTank,fuel_level_change,fuel_level_change,6711.0,,195.0,,
StationTank,fuel_level_change,fuel_level_change,6712.0,,195.0,,
StationTank,fuel_level_change,fuel_level_change,6713.0,,195.0,,
StationTank,fuel_level_change,fuel_level_change,6714.0,,195.0,,
StationTank,fuel_level_change,fuel_level_change,6715.0,,195.0,,
StationTank,fuel_level_change,fuel_level_change,6716.0,,195.0,,
StationTank,fuel_level_change,fuel_level_change,6717.0,,195.0,,
StationTank,fuel_level_change,fuel_level_change,6718.0,,195.0,,
Car 132,arrival_departure,arrival,6719.0,,,,
Car 132,queue,pump_queue_wait_begins,6719.0,,,5.0,50.0
StationTank,fuel_level_change,fuel_level_change,6719.0,,195.0,,
StationTank,fuel_level_change,fuel_level_change,6720.0,,195.0,,
StationTank,fuel_level_change,fuel_level_change,6721.0,,195.0,,
StationTank,fuel_level_change,fuel_level_change,6722.0,,195.0,,
StationTank,fuel_level_change,fuel_level_change,6723.0,,195.0,,
StationTank,fuel_level_change,fuel_level_change,6724.0,,195.0,,
StationTank,fuel_level_change,fuel_level_change,6725.0,,195.0,,
Car 118,resource_use_end,pumping_ends,6726.0,1.0,,23.0,50.0
Car 118,arrival_departure,depart,6726.0,,,,
StationTank,fuel_level_change,fuel_level_change,6726.0,,195.0,,
Car 120,resource_use,payment_begins,6726.0,1.0,,12.0,50.0
StationTank,fuel_level_change,fuel_level_change,6727.0,,157.0,,
StationTank,fuel_level_change,fuel_level_change,6728.0,,157.0,,
StationTank,fuel_level_change,fuel_level_change,6729.0,,157.0,,
StationTank,fuel_level_change,fuel_level_change,6730.0,,157.0,,
StationTank,fuel_level_change,fuel_level_change,6731.0,,157.0,,
StationTank,fuel_level_change,fuel_level_change,6732.0,,157.0,,
Car 119,resource_use_end,payment_ends,6733.0,2.0,,11.0,50.0
Car 119,resource_use,pumping_begins,6733.0,2.0,,11.0,50.0
StationTank,fuel_level_change,fuel_level_change,6733.0,,157.0,,
StationTank,fuel_level_change,fuel_level_change,6734.0,,157.0,,
StationTank,fuel_level_change,fuel_level_change,6735.0,,157.0,,
StationTank,fuel_level_change,fuel_level_change,6736.0,,157.0,,
StationTank,fuel_level_change,fuel_level_change,6737.0,,157.0,,
StationTank,fuel_level_change,fuel_level_change,6738.0,,157.0,,
StationTank,fuel_level_change,fuel_level_change,6739.0,,157.0,,
StationTank,fuel_level_change,fuel_level_change,6740.0,,157.0,,
StationTank,fuel_level_change,fuel_level_change,6741.0,,157.0,,
StationTank,fuel_level_change,fuel_level_change,6742.0,,157.0,,
StationTank,fuel_level_change,fuel_level_change,6743.0,,157.0,,
StationTank,fuel_level_change,fuel_level_change,6744.0,,157.0,,
StationTank,fuel_level_change,fuel_level_change,6745.0,,157.0,,
StationTank,fuel_level_change,fuel_level_change,6746.0,,157.0,,
StationTank,fuel_level_change,fuel_level_change,6747.0,,157.0,,
StationTank,fuel_level_change,fuel_level_change,6748.0,,157.0,,
StationTank,fuel_level_change,fuel_level_change,6749.0,,157.0,,
StationTank,fuel_level_change,fuel_level_change,6750.0,,157.0,,
StationTank,fuel_level_change,fuel_level_change,6751.0,,157.0,,
StationTank,fuel_level_change,fuel_level_change,6752.0,,157.0,,
StationTank,fuel_level_change,fuel_level_change,6753.0,,157.0,,
StationTank,fuel_level_change,fuel_level_change,6754.0,,157.0,,
StationTank,fuel_level_change,fuel_level_change,6755.0,,157.0,,
StationTank,fuel_level_change,fuel_level_change,6756.0,,157.0,,
StationTank,fuel_level_change,fuel_level_change,6757.0,,157.0,,
StationTank,fuel_level_change,fuel_level_change,6758.0,,157.0,,
StationTank,fuel_level_change,fuel_level_change,6759.0,,157.0,,
StationTank,fuel_level_change,fuel_level_change,6760.0,,157.0,,
StationTank,fuel_level_change,fuel_level_change,6761.0,,157.0,,
StationTank,fuel_level_change,fuel_level_change,6762.0,,157.0,,
StationTank,fuel_level_change,fuel_level_change,6763.0,,157.0,,
StationTank,fuel_level_change,fuel_level_change,6764.0,,157.0,,
StationTank,fuel_level_change,fuel_level_change,6765.0,,157.0,,
StationTank,fuel_level_change,fuel_level_change,6766.0,,157.0,,
StationTank,fuel_level_change,fuel_level_change,6767.0,,157.0,,
StationTank,fuel_level_change,fuel_level_change,6768.0,,157.0,,
StationTank,fuel_level_change,fuel_level_change,6769.0,,157.0,,
StationTank,fuel_level_change,fuel_level_change,6770.0,,157.0,,
StationTank,fuel_level_change,fuel_level_change,6771.0,,157.0,,
Car 119,resource_use_end,pumping_ends,6772.0,2.0,,11.0,50.0
Car 119,arrival_departure,depart,6772.0,,,,
StationTank,fuel_level_change,fuel_level_change,6772.0,,157.0,,
Car 121,resource_use,payment_begins,6772.0,2.0,,25.0,50.0
StationTank,fuel_level_change,fuel_level_change,6773.0,,132.0,,
StationTank,fuel_level_change,fuel_level_change,6774.0,,132.0,,
StationTank,fuel_level_change,fuel_level_change,6775.0,,132.0,,
StationTank,fuel_level_change,fuel_level_change,6776.0,,132.0,,
StationTank,fuel_level_change,fuel_level_change,6777.0,,132.0,,
StationTank,fuel_level_change,fuel_level_change,6778.0,,132.0,,
StationTank,fuel_level_change,fuel_level_change,6779.0,,132.0,,
StationTank,fuel_level_change,fuel_level_change,6780.0,,132.0,,
StationTank,fuel_level_change,fuel_level_change,6781.0,,132.0,,
StationTank,fuel_level_change,fuel_level_change,6782.0,,132.0,,
StationTank,fuel_level_change,fuel_level_change,6783.0,,132.0,,
StationTank,fuel_level_change,fuel_level_change,6784.0,,132.0,,
StationTank,fuel_level_change,fuel_level_change,6785.0,,132.0,,
StationTank,fuel_level_change,fuel_level_change,6786.0,,132.0,,
StationTank,fuel_level_change,fuel_level_change,6787.0,,132.0,,
StationTank,fuel_level_change,fuel_level_change,6788.0,,132.0,,
StationTank,fuel_level_change,fuel_level_change,6789.0,,132.0,,
StationTank,fuel_level_change,fuel_level_change,6790.0,,132.0,,
StationTank,fuel_level_change,fuel_level_change,6791.0,,132.0,,
StationTank,fuel_level_change,fuel_level_change,6792.0,,132.0,,
StationTank,fuel_level_change,fuel_level_change,6793.0,,132.0,,
StationTank,fuel_level_change,fuel_level_change,6794.0,,132.0,,
StationTank,fuel_level_change,fuel_level_change,6795.0,,132.0,,
StationTank,fuel_level_change,fuel_level_change,6796.0,,132.0,,
StationTank,fuel_level_change,fuel_level_change,6797.0,,132.0,,
Car 120,resource_use_end,payment_ends,6798.0,1.0,,12.0,50.0
Car 120,resource_use,pumping_begins,6798.0,1.0,,12.0,50.0
StationTank,fuel_level_change,fuel_level_change,6798.0,,132.0,,
StationTank,fuel_level_change,fuel_level_change,6799.0,,132.0,,
StationTank,fuel_level_change,fuel_level_change,6800.0,,132.0,,
Car 133,arrival_departure,arrival,6801.0,,,,
Car 133,queue,pump_queue_wait_begins,6801.0,,,14.0,50.0
StationTank,fuel_level_change,fuel_level_change,6801.0,,132.0,,
StationTank,fuel_level_change,fuel_level_change,6802.0,,132.0,,
StationTank,fuel_level_change,fuel_level_change,6803.0,,132.0,,
StationTank,fuel_level_change,fuel_level_change,6804.0,,132.0,,
StationTank,fuel_level_change,fuel_level_change,6805.0,,132.0,,
StationTank,fuel_level_change,fuel_level_change,6806.0,,132.0,,
StationTank,fuel_level_change,fuel_level_change,6807.0,,132.0,,
StationTank,fuel_level_change,fuel_level_change,6808.0,,132.0,,
StationTank,fuel_level_change,fuel_level_change,6809.0,,132.0,,
StationTank,fuel_level_change,fuel_level_change,6810.0,,132.0,,
StationTank,fuel_level_change,fuel_level_change,6811.0,,132.0,,
StationTank,fuel_level_change,fuel_level_change,6812.0,,132.0,,
StationTank,fuel_level_change,fuel_level_change,6813.0,,132.0,,
StationTank,fuel_level_change,fuel_level_change,6814.0,,132.0,,
StationTank,fuel_level_change,fuel_level_change,6815.0,,132.0,,
StationTank,fuel_level_change,fuel_level_change,6816.0,,132.0,,
StationTank,fuel_level_change,fuel_level_change,6817.0,,132.0,,
StationTank,fuel_level_change,fuel_level_change,6818.0,,132.0,,
StationTank,fuel_level_change,fuel_level_change,6819.0,,132.0,,
StationTank,fuel_level_change,fuel_level_change,6820.0,,132.0,,
StationTank,fuel_level_change,fuel_level_change,6821.0,,132.0,,
StationTank,fuel_level_change,fuel_level_change,6822.0,,132.0,,
StationTank,fuel_level_change,fuel_level_change,6823.0,,132.0,,
StationTank,fuel_level_change,fuel_level_change,6824.0,,132.0,,
StationTank,fuel_level_change,fuel_level_change,6825.0,,132.0,,
StationTank,fuel_level_change,fuel_level_change,6826.0,,132.0,,
StationTank,fuel_level_change,fuel_level_change,6827.0,,132.0,,
StationTank,fuel_level_change,fuel_level_change,6828.0,,132.0,,
StationTank,fuel_level_change,fuel_level_change,6829.0,,132.0,,
StationTank,fuel_level_change,fuel_level_change,6830.0,,132.0,,
StationTank,fuel_level_change,fuel_level_change,6831.0,,132.0,,
StationTank,fuel_level_change,fuel_level_change,6832.0,,132.0,,
StationTank,fuel_level_change,fuel_level_change,6833.0,,132.0,,
StationTank,fuel_level_change,fuel_level_change,6834.0,,132.0,,
StationTank,fuel_level_change,fuel_level_change,6835.0,,132.0,,
Car 120,resource_use_end,pumping_ends,6836.0,1.0,,12.0,50.0
Car 120,arrival_departure,depart,6836.0,,,,
StationTank,fuel_level_change,fuel_level_change,6836.0,,132.0,,
Car 122,resource_use,payment_begins,6836.0,1.0,,19.0,50.0
StationTank,fuel_level_change,fuel_level_change,6837.0,,101.0,,
StationTank,fuel_level_change,fuel_level_change,6838.0,,101.0,,
StationTank,fuel_level_change,fuel_level_change,6839.0,,101.0,,
StationTank,fuel_level_change,fuel_level_change,6840.0,,101.0,,
StationTank,fuel_level_change,fuel_level_change,6841.0,,101.0,,
StationTank,fuel_level_change,fuel_level_change,6842.0,,101.0,,
StationTank,fuel_level_change,fuel_level_change,6843.0,,101.0,,
StationTank,fuel_level_change,fuel_level_change,6844.0,,101.0,,
StationTank,fuel_level_change,fuel_level_change,6845.0,,101.0,,
StationTank,fuel_level_change,fuel_level_change,6846.0,,101.0,,
StationTank,fuel_level_change,fuel_level_change,6847.0,,101.0,,
StationTank,fuel_level_change,fuel_level_change,6848.0,,101.0,,
StationTank,fuel_level_change,fuel_level_change,6849.0,,101.0,,
StationTank,fuel_level_change,fuel_level_change,6850.0,,101.0,,
StationTank,fuel_level_change,fuel_level_change,6851.0,,101.0,,
StationTank,fuel_level_change,fuel_level_change,6852.0,,101.0,,
StationTank,fuel_level_change,fuel_level_change,6853.0,,101.0,,
Car 121,resource_use_end,payment_ends,6854.0,2.0,,25.0,50.0
Car 121,resource_use,pumping_begins,6854.0,2.0,,25.0,50.0
StationTank,fuel_level_change,fuel_level_change,6854.0,,101.0,,
StationTank,fuel_level_change,fuel_level_change,6855.0,,101.0,,
StationTank,fuel_level_change,fuel_level_change,6856.0,,101.0,,
StationTank,fuel_level_change,fuel_level_change,6857.0,,101.0,,
StationTank,fuel_level_change,fuel_level_change,6858.0,,101.0,,
StationTank,fuel_level_change,fuel_level_change,6859.0,,101.0,,
StationTank,fuel_level_change,fuel_level_change,6860.0,,101.0,,
StationTank,fuel_level_change,fuel_level_change,6861.0,,101.0,,
StationTank,fuel_level_change,fuel_level_change,6862.0,,101.0,,
StationTank,fuel_level_change,fuel_level_change,6863.0,,101.0,,
StationTank,fuel_level_change,fuel_level_change,6864.0,,101.0,,
StationTank,fuel_level_change,fuel_level_change,6865.0,,101.0,,
Call 6,arrival_departure,arrival,6866.0,,,,
Call 6,queue,calling_truck,6866.0,,,,
StationTank,fuel_level_change,fuel_level_change,6866.0,,101.0,,
StationTank,fuel_level_change,fuel_level_change,6867.0,,101.0,,
StationTank,fuel_level_change,fuel_level_change,6868.0,,101.0,,
StationTank,fuel_level_change,fuel_level_change,6869.0,,101.0,,
StationTank,fuel_level_change,fuel_level_change,6870.0,,101.0,,
StationTank,fuel_level_change,fuel_level_change,6871.0,,101.0,,
StationTank,fuel_level_change,fuel_level_change,6872.0,,101.0,,
StationTank,fuel_level_change,fuel_level_change,6873.0,,101.0,,
StationTank,fuel_level_change,fuel_level_change,6874.0,,101.0,,
StationTank,fuel_level_change,fuel_level_change,6875.0,,101.0,,
StationTank,fuel_level_change,fuel_level_change,6876.0,,101.0,,
StationTank,fuel_level_change,fuel_level_change,6877.0,,101.0,,
StationTank,fuel_level_change,fuel_level_change,6878.0,,101.0,,
Car 121,resource_use_end,pumping_ends,6879.0,2.0,,25.0,50.0
Car 121,arrival_departure,depart,6879.0,,,,
StationTank,fuel_level_change,fuel_level_change,6879.0,,101.0,,
Car 123,resource_use,payment_begins,6879.0,2.0,,5.0,50.0
StationTank,fuel_level_change,fuel_level_change,6880.0,,56.0,,
StationTank,fuel_level_change,fuel_level_change,6881.0,,56.0,,
StationTank,fuel_level_change,fuel_level_change,6882.0,,56.0,,
StationTank,fuel_level_change,fuel_level_change,6883.0,,56.0,,
StationTank,fuel_level_change,fuel_level_change,6884.0,,56.0,,
StationTank,fuel_level_change,fuel_level_change,6885.0,,56.0,,
Car 134,arrival_departure,arrival,6886.0,,,,
Car 134,queue,pump_queue_wait_begins,6886.0,,,9.0,50.0
StationTank,fuel_level_change,fuel_level_change,6886.0,,56.0,,
StationTank,fuel_level_change,fuel_level_change,6887.0,,56.0,,
StationTank,fuel_level_change,fuel_level_change,6888.0,,56.0,,
StationTank,fuel_level_change,fuel_level_change,6889.0,,56.0,,
StationTank,fuel_level_change,fuel_level_change,6890.0,,56.0,,
StationTank,fuel_level_change,fuel_level_change,6891.0,,56.0,,
StationTank,fuel_level_change,fuel_level_change,6892.0,,56.0,,
StationTank,fuel_level_change,fuel_level_change,6893.0,,56.0,,
StationTank,fuel_level_change,fuel_level_change,6894.0,,56.0,,
StationTank,fuel_level_change,fuel_level_change,6895.0,,56.0,,
StationTank,fuel_level_change,fuel_level_change,6896.0,,56.0,,
StationTank,fuel_level_change,fuel_level_change,6897.0,,56.0,,
StationTank,fuel_level_change,fuel_level_change,6898.0,,56.0,,
StationTank,fuel_level_change,fuel_level_change,6899.0,,56.0,,
StationTank,fuel_level_change,fuel_level_change,6900.0,,56.0,,
StationTank,fuel_level_change,fuel_level_change,6901.0,,56.0,,
StationTank,fuel_level_change,fuel_level_change,6902.0,,56.0,,
StationTank,fuel_level_change,fuel_level_change,6903.0,,56.0,,
StationTank,fuel_level_change,fuel_level_change,6904.0,,56.0,,
StationTank,fuel_level_change,fuel_level_change,6905.0,,56.0,,
StationTank,fuel_level_change,fuel_level_change,6906.0,,56.0,,
StationTank,fuel_level_change,fuel_level_change,6907.0,,56.0,,
StationTank,fuel_level_change,fuel_level_change,6908.0,,56.0,,
StationTank,fuel_level_change,fuel_level_change,6909.0,,56.0,,
StationTank,fuel_level_change,fuel_level_change,6910.0,,56.0,,
StationTank,fuel_level_change,fuel_level_change,6911.0,,56.0,,
StationTank,fuel_level_change,fuel_level_change,6912.0,,56.0,,
StationTank,fuel_level_change,fuel_level_change,6913.0,,56.0,,
Car 135,arrival_departure,arrival,6914.0,,,,
Car 135,queue,pump_queue_wait_begins,6914.0,,,8.0,50.0
StationTank,fuel_level_change,fuel_level_change,6914.0,,56.0,,
StationTank,fuel_level_change,fuel_level_change,6915.0,,56.0,,
StationTank,fuel_level_change,fuel_level_change,6916.0,,56.0,,
StationTank,fuel_level_change,fuel_level_change,6917.0,,56.0,,
StationTank,fuel_level_change,fuel_level_change,6918.0,,56.0,,
StationTank,fuel_level_change,fuel_level_change,6919.0,,56.0,,
StationTank,fuel_level_change,fuel_level_change,6920.0,,56.0,,
StationTank,fuel_level_change,fuel_level_change,6921.0,,56.0,,
StationTank,fuel_level_change,fuel_level_change,6922.0,,56.0,,
StationTank,fuel_level_change,fuel_level_change,6923.0,,56.0,,
StationTank,fuel_level_change,fuel_level_change,6924.0,,56.0,,
Car 122,resource_use_end,payment_ends,6925.0,1.0,,19.0,50.0
Car 122,resource_use,pumping_begins,6925.0,1.0,,19.0,50.0
StationTank,fuel_level_change,fuel_level_change,6925.0,,56.0,,
StationTank,fuel_level_change,fuel_level_change,6926.0,,56.0,,
StationTank,fuel_level_change,fuel_level_change,6927.0,,56.0,,
StationTank,fuel_level_change,fuel_level_change,6928.0,,56.0,,
StationTank,fuel_level_change,fuel_level_change,6929.0,,56.0,,
StationTank,fuel_level_change,fuel_level_change,6930.0,,56.0,,
StationTank,fuel_level_change,fuel_level_change,6931.0,,56.0,,
StationTank,fuel_level_change,fuel_level_change,6932.0,,56.0,,
StationTank,fuel_level_change,fuel_level_change,6933.0,,56.0,,
StationTank,fuel_level_change,fuel_level_change,6934.0,,56.0,,
StationTank,fuel_level_change,fuel_level_change,6935.0,,56.0,,
StationTank,fuel_level_change,fuel_level_change,6936.0,,56.0,,
StationTank,fuel_level_change,fuel_level_change,6937.0,,56.0,,
StationTank,fuel_level_change,fuel_level_change,6938.0,,56.0,,
StationTank,fuel_level_change,fuel_level_change,6939.0,,56.0,,
StationTank,fuel_level_change,fuel_level_change,6940.0,,56.0,,
StationTank,fuel_level_change,fuel_level_change,6941.0,,56.0,,
StationTank,fuel_level_change,fuel_level_change,6942.0,,56.0,,
StationTank,fuel_level_change,fuel_level_change,6943.0,,56.0,,
StationTank,fuel_level_change,fuel_level_change,6944.0,,56.0,,
StationTank,fuel_level_change,fuel_level_change,6945.0,,56.0,,
StationTank,fuel_level_change,fuel_level_change,6946.0,,56.0,,
StationTank,fuel_level_change,fuel_level_change,6947.0,,56.0,,
StationTank,fuel_level_change,fuel_level_change,6948.0,,56.0,,
StationTank,fuel_level_change,fuel_level_change,6949.0,,56.0,,
StationTank,fuel_level_change,fuel_level_change,6950.0,,56.0,,
Car 123,resource_use_end,payment_ends,6951.0,2.0,,5.0,50.0
Car 123,resource_use,pumping_begins,6951.0,2.0,,5.0,50.0
StationTank,fuel_level_change,fuel_level_change,6951.0,,56.0,,
StationTank,fuel_level_change,fuel_level_change,6952.0,,56.0,,
StationTank,fuel_level_change,fuel_level_change,6953.0,,56.0,,
StationTank,fuel_level_change,fuel_level_change,6954.0,,56.0,,
StationTank,fuel_level_change,fuel_level_change,6955.0,,56.0,,
Car 122,resource_use_end,pumping_ends,6956.0,1.0,,19.0,50.0
Car 122,arrival_departure,depart,6956.0,,,,
StationTank,fuel_level_change,fuel_level_change,6956.0,,56.0,,
Car 124,resource_use,payment_begins,6956.0,1.0,,24.0,50.0
StationTank,fuel_level_change,fuel_level_change,6957.0,,30.0,,
StationTank,fuel_level_change,fuel_level_change,6958.0,,30.0,,
StationTank,fuel_level_change,fuel_level_change,6959.0,,30.0,,
StationTank,fuel_level_change,fuel_level_change,6960.0,,30.0,,
StationTank,fuel_level_change,fuel_level_change,6961.0,,30.0,,
Car 136,arrival_departure,arrival,6962.0,,,,
Car 136,queue,pump_queue_wait_begins,6962.0,,,22.0,50.0
StationTank,fuel_level_change,fuel_level_change,6962.0,,30.0,,
StationTank,fuel_level_change,fuel_level_change,6963.0,,30.0,,
StationTank,fuel_level_change,fuel_level_change,6964.0,,30.0,,
StationTank,fuel_level_change,fuel_level_change,6965.0,,30.0,,
StationTank,fuel_level_change,fuel_level_change,6966.0,,30.0,,
StationTank,fuel_level_change,fuel_level_change,6967.0,,30.0,,
StationTank,fuel_level_change,fuel_level_change,6968.0,,30.0,,
StationTank,fuel_level_change,fuel_level_change,6969.0,,30.0,,
StationTank,fuel_level_change,fuel_level_change,6970.0,,30.0,,
StationTank,fuel_level_change,fuel_level_change,6971.0,,30.0,,
StationTank,fuel_level_change,fuel_level_change,6972.0,,30.0,,
StationTank,fuel_level_change,fuel_level_change,6973.0,,30.0,,
StationTank,fuel_level_change,fuel_level_change,6974.0,,30.0,,
StationTank,fuel_level_change,fuel_level_change,6975.0,,30.0,,
StationTank,fuel_level_change,fuel_level_change,6976.0,,30.0,,
StationTank,fuel_level_change,fuel_level_change,6977.0,,30.0,,
StationTank,fuel_level_change,fuel_level_change,6978.0,,30.0,,
StationTank,fuel_level_change,fuel_level_change,6979.0,,30.0,,
StationTank,fuel_level_change,fuel_level_change,6980.0,,30.0,,
StationTank,fuel_level_change,fuel_level_change,6981.0,,30.0,,
StationTank,fuel_level_change,fuel_level_change,6982.0,,30.0,,
StationTank,fuel_level_change,fuel_level_change,6983.0,,30.0,,
StationTank,fuel_level_change,fuel_level_change,6984.0,,30.0,,
StationTank,fuel_level_change,fuel_level_change,6985.0,,30.0,,
StationTank,fuel_level_change,fuel_level_change,6986.0,,30.0,,
StationTank,fuel_level_change,fuel_level_change,6987.0,,30.0,,
StationTank,fuel_level_change,fuel_level_change,6988.0,,30.0,,
StationTank,fuel_level_change,fuel_level_change,6989.0,,30.0,,
Car 137,arrival_departure,arrival,6990.0,,,,
Car 137,queue,pump_queue_wait_begins,6990.0,,,13.0,50.0
StationTank,fuel_level_change,fuel_level_change,6990.0,,30.0,,
StationTank,fuel_level_change,fuel_level_change,6991.0,,30.0,,
StationTank,fuel_level_change,fuel_level_change,6992.0,,30.0,,
StationTank,fuel_level_change,fuel_level_change,6993.0,,30.0,,
StationTank,fuel_level_change,fuel_level_change,6994.0,,30.0,,
StationTank,fuel_level_change,fuel_level_change,6995.0,,30.0,,
Car 123,resource_use_end,pumping_ends,6996.0,2.0,,5.0,50.0
Car 123,arrival_departure,depart,6996.0,,,,
StationTank,fuel_level_change,fuel_level_change,6996.0,,30.0,,
StationTank,fuel_level_change,fuel_level_change,6997.0,,30.0,,
StationTank,fuel_level_change,fuel_level_change,6998.0,,30.0,,
StationTank,fuel_level_change,fuel_level_change,6999.0,,30.0,,
StationTank,fuel_level_change,fuel_level_change,7000.0,,30.0,,
StationTank,fuel_level_change,fuel_level_change,7001.0,,30.0,,
StationTank,fuel_level_change,fuel_level_change,7002.0,,30.0,,
StationTank,fuel_level_change,fuel_level_change,7003.0,,30.0,,
StationTank,fuel_level_change,fuel_level_change,7004.0,,30.0,,
StationTank,fuel_level_change,fuel_level_change,7005.0,,30.0,,
StationTank,fuel_level_change,fuel_level_change,7006.0,,30.0,,
StationTank,fuel_level_change,fuel_level_change,7007.0,,30.0,,
StationTank,fuel_level_change,fuel_level_change,7008.0,,30.0,,
StationTank,fuel_level_change,fuel_level_change,7009.0,,30.0,,
StationTank,fuel_level_change,fuel_level_change,7010.0,,30.0,,
StationTank,fuel_level_change,fuel_level_change,7011.0,,30.0,,
StationTank,fuel_level_change,fuel_level_change,7012.0,,30.0,,
StationTank,fuel_level_change,fuel_level_change,7013.0,,30.0,,
StationTank,fuel_level_change,fuel_level_change,7014.0,,30.0,,
StationTank,fuel_level_change,fuel_level_change,7015.0,,30.0,,
StationTank,fuel_level_change,fuel_level_change,7016.0,,30.0,,
StationTank,fuel_level_change,fuel_level_change,7017.0,,30.0,,
StationTank,fuel_level_change,fuel_level_change,7018.0,,30.0,,
StationTank,fuel_level_change,fuel_level_change,7019.0,,30.0,,
StationTank,fuel_level_change,fuel_level_change,7020.0,,30.0,,
StationTank,fuel_level_change,fuel_level_change,7021.0,,30.0,,
StationTank,fuel_level_change,fuel_level_change,7022.0,,30.0,,
StationTank,fuel_level_change,fuel_level_change,7023.0,,30.0,,
Car 138,arrival_departure,arrival,7024.0,,,,
Car 138,queue,pump_queue_wait_begins,7024.0,,,24.0,50.0
StationTank,fuel_level_change,fuel_level_change,7024.0,,30.0,,
StationTank,fuel_level_change,fuel_level_change,7025.0,,30.0,,
StationTank,fuel_level_change,fuel_level_change,7026.0,,30.0,,
StationTank,fuel_level_change,fuel_level_change,7027.0,,30.0,,
StationTank,fuel_level_change,fuel_level_change,7028.0,,30.0,,
StationTank,fuel_level_change,fuel_level_change,7029.0,,30.0,,
StationTank,fuel_level_change,fuel_level_change,7030.0,,30.0,,
StationTank,fuel_level_change,fuel_level_change,7031.0,,30.0,,
StationTank,fuel_level_change,fuel_level_change,7032.0,,30.0,,
StationTank,fuel_level_change,fuel_level_change,7033.0,,30.0,,
StationTank,fuel_level_change,fuel_level_change,7034.0,,30.0,,
StationTank,fuel_level_change,fuel_level_change,7035.0,,30.0,,
StationTank,fuel_level_change,fuel_level_change,7036.0,,30.0,,
StationTank,fuel_level_change,fuel_level_change,7037.0,,30.0,,
StationTank,fuel_level_change,fuel_level_change,7038.0,,30.0,,
StationTank,fuel_level_change,fuel_level_change,7039.0,,30.0,,
StationTank,fuel_level_change,fuel_level_change,7040.0,,30.0,,
StationTank,fuel_level_change,fuel_level_change,7041.0,,30.0,,
Car 124,resource_use_end,payment_ends,7042.0,1.0,,24.0,50.0
Car 124,resource_use,pumping_begins,7042.0,1.0,,24.0,50.0
StationTank,fuel_level_change,fuel_level_change,7042.0,,30.0,,
StationTank,fuel_level_change,fuel_level_change,7043.0,,30.0,,
StationTank,fuel_level_change,fuel_level_change,7044.0,,30.0,,
StationTank,fuel_level_change,fuel_level_change,7045.0,,30.0,,
StationTank,fuel_level_change,fuel_level_change,7046.0,,30.0,,
StationTank,fuel_level_change,fuel_level_change,7047.0,,30.0,,
StationTank,fuel_level_change,fuel_level_change,7048.0,,30.0,,
StationTank,fuel_level_change,fuel_level_change,7049.0,,30.0,,
StationTank,fuel_level_change,fuel_level_change,7050.0,,30.0,,
StationTank,fuel_level_change,fuel_level_change,7051.0,,30.0,,
StationTank,fuel_level_change,fuel_level_change,7052.0,,30.0,,
StationTank,fuel_level_change,fuel_level_change,7053.0,,30.0,,
StationTank,fuel_level_change,fuel_level_change,7054.0,,30.0,,
StationTank,fuel_level_change,fuel_level_change,7055.0,,30.0,,
StationTank,fuel_level_change,fuel_level_change,7056.0,,30.0,,
StationTank,fuel_level_change,fuel_level_change,7057.0,,30.0,,
StationTank,fuel_level_change,fuel_level_change,7058.0,,30.0,,
StationTank,fuel_level_change,fuel_level_change,7059.0,,30.0,,
StationTank,fuel_level_change,fuel_level_change,7060.0,,30.0,,
StationTank,fuel_level_change,fuel_level_change,7061.0,,30.0,,
StationTank,fuel_level_change,fuel_level_change,7062.0,,30.0,,
StationTank,fuel_level_change,fuel_level_change,7063.0,,30.0,,
StationTank,fuel_level_change,fuel_level_change,7064.0,,30.0,,
StationTank,fuel_level_change,fuel_level_change,7065.0,,30.0,,
StationTank,fuel_level_change,fuel_level_change,7066.0,,30.0,,
StationTank,fuel_level_change,fuel_level_change,7067.0,,30.0,,
Car 124,resource_use_end,pumping_ends,7068.0,1.0,,24.0,50.0
Car 124,arrival_departure,depart,7068.0,,,,
StationTank,fuel_level_change,fuel_level_change,7068.0,,30.0,,
StationTank,fuel_level_change,fuel_level_change,7069.0,,30.0,,
StationTank,fuel_level_change,fuel_level_change,7070.0,,30.0,,
StationTank,fuel_level_change,fuel_level_change,7071.0,,30.0,,
StationTank,fuel_level_change,fuel_level_change,7072.0,,30.0,,
StationTank,fuel_level_change,fuel_level_change,7073.0,,30.0,,
StationTank,fuel_level_change,fuel_level_change,7074.0,,30.0,,
Car 139,arrival_departure,arrival,7075.0,,,,
Car 139,queue,pump_queue_wait_begins,7075.0,,,15.0,50.0
StationTank,fuel_level_change,fuel_level_change,7075.0,,30.0,,
StationTank,fuel_level_change,fuel_level_change,7076.0,,30.0,,
StationTank,fuel_level_change,fuel_level_change,7077.0,,30.0,,
StationTank,fuel_level_change,fuel_level_change,7078.0,,30.0,,
StationTank,fuel_level_change,fuel_level_change,7079.0,,30.0,,
StationTank,fuel_level_change,fuel_level_change,7080.0,,30.0,,
StationTank,fuel_level_change,fuel_level_change,7081.0,,30.0,,
StationTank,fuel_level_change,fuel_level_change,7082.0,,30.0,,
StationTank,fuel_level_change,fuel_level_change,7083.0,,30.0,,
StationTank,fuel_level_change,fuel_level_change,7084.0,,30.0,,
StationTank,fuel_level_change,fuel_level_change,7085.0,,30.0,,
StationTank,fuel_level_change,fuel_level_change,7086.0,,30.0,,
StationTank,fuel_level_change,fuel_level_change,7087.0,,30.0,,
StationTank,fuel_level_change,fuel_level_change,7088.0,,30.0,,
StationTank,fuel_level_change,fuel_level_change,7089.0,,30.0,,
StationTank,fuel_level_change,fuel_level_change,7090.0,,30.0,,
StationTank,fuel_level_change,fuel_level_change,7091.0,,30.0,,
StationTank,fuel_level_change,fuel_level_change,7092.0,,30.0,,
StationTank,fuel_level_change,fuel_level_change,7093.0,,30.0,,
StationTank,fuel_level_change,fuel_level_change,7094.0,,30.0,,
StationTank,fuel_level_change,fuel_level_change,7095.0,,30.0,,
StationTank,fuel_level_change,fuel_level_change,7096.0,,30.0,,
StationTank,fuel_level_change,fuel_level_change,7097.0,,30.0,,
StationTank,fuel_level_change,fuel_level_change,7098.0,,30.0,,
StationTank,fuel_level_change,fuel_level_change,7099.0,,30.0,,
StationTank,fuel_level_change,fuel_level_change,7100.0,,30.0,,
StationTank,fuel_level_change,fuel_level_change,7101.0,,30.0,,
StationTank,fuel_level_change,fuel_level_change,7102.0,,30.0,,
StationTank,fuel_level_change,fuel_level_change,7103.0,,30.0,,
StationTank,fuel_level_change,fuel_level_change,7104.0,,30.0,,
StationTank,fuel_level_change,fuel_level_change,7105.0,,30.0,,
StationTank,fuel_level_change,fuel_level_change,7106.0,,30.0,,
StationTank,fuel_level_change,fuel_level_change,7107.0,,30.0,,
StationTank,fuel_level_change,fuel_level_change,7108.0,,30.0,,
StationTank,fuel_level_change,fuel_level_change,7109.0,,30.0,,
StationTank,fuel_level_change,fuel_level_change,7110.0,,30.0,,
StationTank,fuel_level_change,fuel_level_change,7111.0,,30.0,,
StationTank,fuel_level_change,fuel_level_change,7112.0,,30.0,,
StationTank,fuel_level_change,fuel_level_change,7113.0,,30.0,,
StationTank,fuel_level_change,fuel_level_change,7114.0,,30.0,,
StationTank,fuel_level_change,fuel_level_change,7115.0,,30.0,,
Car 140,arrival_departure,arrival,7116.0,,,,
Car 140,queue,pump_queue_wait_begins,7116.0,,,25.0,50.0
StationTank,fuel_level_change,fuel_level_change,7116.0,,30.0,,
StationTank,fuel_level_change,fuel_level_change,7117.0,,30.0,,
StationTank,fuel_level_change,fuel_level_change,7118.0,,30.0,,
StationTank,fuel_level_change,fuel_level_change,7119.0,,30.0,,
StationTank,fuel_level_change,fuel_level_change,7120.0,,30.0,,
StationTank,fuel_level_change,fuel_level_change,7121.0,,30.0,,
StationTank,fuel_level_change,fuel_level_change,7122.0,,30.0,,
StationTank,fuel_level_change,fuel_level_change,7123.0,,30.0,,
StationTank,fuel_level_change,fuel_level_change,7124.0,,30.0,,
StationTank,fuel_level_change,fuel_level_change,7125.0,,30.0,,
StationTank,fuel_level_change,fuel_level_change,7126.0,,30.0,,
StationTank,fuel_level_change,fuel_level_change,7127.0,,30.0,,
StationTank,fuel_level_change,fuel_level_change,7128.0,,30.0,,
StationTank,fuel_level_change,fuel_level_change,7129.0,,30.0,,
StationTank,fuel_level_change,fuel_level_change,7130.0,,30.0,,
StationTank,fuel_level_change,fuel_level_change,7131.0,,30.0,,
StationTank,fuel_level_change,fuel_level_change,7132.0,,30.0,,
StationTank,fuel_level_change,fuel_level_change,7133.0,,30.0,,
StationTank,fuel_level_change,fuel_level_change,7134.0,,30.0,,
StationTank,fuel_level_change,fuel_level_change,7135.0,,30.0,,
StationTank,fuel_level_change,fuel_level_change,7136.0,,30.0,,
StationTank,fuel_level_change,fuel_level_change,7137.0,,30.0,,
StationTank,fuel_level_change,fuel_level_change,7138.0,,30.0,,
StationTank,fuel_level_change,fuel_level_change,7139.0,,30.0,,
StationTank,fuel_level_change,fuel_level_change,7140.0,,30.0,,
StationTank,fuel_level_change,fuel_level_change,7141.0,,30.0,,
StationTank,fuel_level_change,fuel_level_change,7142.0,,30.0,,
StationTank,fuel_level_change,fuel_level_change,7143.0,,30.0,,
StationTank,fuel_level_change,fuel_level_change,7144.0,,30.0,,
StationTank,fuel_level_change,fuel_level_change,7145.0,,30.0,,
StationTank,fuel_level_change,fuel_level_change,7146.0,,30.0,,
StationTank,fuel_level_change,fuel_level_change,7147.0,,30.0,,
StationTank,fuel_level_change,fuel_level_change,7148.0,,30.0,,
StationTank,fuel_level_change,fuel_level_change,7149.0,,30.0,,
StationTank,fuel_level_change,fuel_level_change,7150.0,,30.0,,
StationTank,fuel_level_change,fuel_level_change,7151.0,,30.0,,
StationTank,fuel_level_change,fuel_level_change,7152.0,,30.0,,
StationTank,fuel_level_change,fuel_level_change,7153.0,,30.0,,
StationTank,fuel_level_change,fuel_level_change,7154.0,,30.0,,
StationTank,fuel_level_change,fuel_level_change,7155.0,,30.0,,
StationTank,fuel_level_change,fuel_level_change,7156.0,,30.0,,
Car 141,arrival_departure,arrival,7157.0,,,,
Car 141,queue,pump_queue_wait_begins,7157.0,,,21.0,50.0
StationTank,fuel_level_change,fuel_level_change,7157.0,,30.0,,
StationTank,fuel_level_change,fuel_level_change,7158.0,,30.0,,
StationTank,fuel_level_change,fuel_level_change,7159.0,,30.0,,
StationTank,fuel_level_change,fuel_level_change,7160.0,,30.0,,
StationTank,fuel_level_change,fuel_level_change,7161.0,,30.0,,
StationTank,fuel_level_change,fuel_level_change,7162.0,,30.0,,
StationTank,fuel_level_change,fuel_level_change,7163.0,,30.0,,
StationTank,fuel_level_change,fuel_level_change,7164.0,,30.0,,
StationTank,fuel_level_change,fuel_level_change,7165.0,,30.0,,
Call 6,arrival_departure,depart,7166.0,,,,
Truck 6,arrival_departure,arrival,7166.0,,,,
Truck 6,queue,refuelling,7166.0,,,,
StationTank,fuel_level_change,fuel_level_change,7166.0,,30.0,,
StationTank,fuel_level_change,fuel_level_change,7167.0,,40.0,,
StationTank,fuel_level_change,fuel_level_change,7168.0,,50.0,,
Car 125,resource_use,payment_begins,7168.0,2.0,,7.0,50.0
StationTank,fuel_level_change,fuel_level_change,7169.0,,17.0,,
StationTank,fuel_level_change,fuel_level_change,7170.0,,27.0,,
StationTank,fuel_level_change,fuel_level_change,7171.0,,37.0,,
Car 126,resource_use,payment_begins,7171.0,1.0,,21.0,50.0
StationTank,fuel_level_change,fuel_level_change,7172.0,,18.0,,
StationTank,fuel_level_change,fuel_level_change,7173.0,,28.0,,
StationTank,fuel_level_change,fuel_level_change,7174.0,,38.0,,
StationTank,fuel_level_change,fuel_level_change,7175.0,,48.0,,
StationTank,fuel_level_change,fuel_level_change,7176.0,,58.0,,
StationTank,fuel_level_change,fuel_level_change,7177.0,,68.0,,
StationTank,fuel_level_change,fuel_level_change,7178.0,,78.0,,
StationTank,fuel_level_change,fuel_level_change,7179.0,,88.0,,
StationTank,fuel_level_change,fuel_level_change,7180.0,,98.0,,
StationTank,fuel_level_change,fuel_level_change,7181.0,,108.0,,
StationTank,fuel_level_change,fuel_level_change,7182.0,,118.0,,
StationTank,fuel_level_change,fuel_level_change,7183.0,,128.0,,
StationTank,fuel_level_change,fuel_level_change,7184.0,,138.0,,
StationTank,fuel_level_change,fuel_level_change,7185.0,,148.0,,
StationTank,fuel_level_change,fuel_level_change,7186.0,,158.0,,
StationTank,fuel_level_change,fuel_level_change,7187.0,,168.0,,
StationTank,fuel_level_change,fuel_level_change,7188.0,,178.0,,
StationTank,fuel_level_change,fuel_level_change,7189.0,,188.0,,
StationTank,fuel_level_change,fuel_level_change,7190.0,,198.0,,
StationTank,fuel_level_change,fuel_level_change,7191.0,,208.0,,
StationTank,fuel_level_change,fuel_level_change,7192.0,,218.0,,
StationTank,fuel_level_change,fuel_level_change,7193.0,,228.0,,
StationTank,fuel_level_change,fuel_level_change,7194.0,,238.0,,
StationTank,fuel_level_change,fuel_level_change,7195.0,,248.0,,
StationTank,fuel_level_change,fuel_level_change,7196.0,,258.0,,
StationTank,fuel_level_change,fuel_level_change,7197.0,,268.0,,
StationTank,fuel_level_change,fuel_level_change,7198.0,,278.0,,
StationTank,fuel_level_change,fuel_level_change,7199.0,,288.0,,
StationTank,fuel_level_change,fuel_level_change,7200.0,,298.0,,
StationTank,fuel_level_change,fuel_level_change,7201.0,,308.0,,
StationTank,fuel_level_change,fuel_level_change,7202.0,,318.0,,
StationTank,fuel_level_change,fuel_level_change,7203.0,,328.0,,
StationTank,fuel_level_change,fuel_level_change,7204.0,,338.0,,
Car 142,arrival_departure,arrival,7205.0,,,,
Car 142,queue,pump_queue_wait_begins,7205.0,,,7.0,50.0
StationTank,fuel_level_change,fuel_level_change,7205.0,,348.0,,
StationTank,fuel_level_change,fuel_level_change,7206.0,,358.0,,
StationTank,fuel_level_change,fuel_level_change,7207.0,,368.0,,
StationTank,fuel_level_change,fuel_level_change,7208.0,,378.0,,
StationTank,fuel_level_change,fuel_level_change,7209.0,,388.0,,
StationTank,fuel_level_change,fuel_level_change,7210.0,,398.0,,
StationTank,fuel_level_change,fuel_level_change,7211.0,,408.0,,
StationTank,fuel_level_change,fuel_level_change,7212.0,,418.0,,
StationTank,fuel_level_change,fuel_level_change,7213.0,,428.0,,
StationTank,fuel_level_change,fuel_level_change,7214.0,,438.0,,
StationTank,fuel_level_change,fuel_level_change,7215.0,,448.0,,
StationTank,fuel_level_change,fuel_level_change,7216.0,,458.0,,
Car 126,resource_use_end,payment_ends,7217.0,1.0,,21.0,50.0
Car 126,resource_use,pumping_begins,7217.0,1.0,,21.0,50.0
StationTank,fuel_level_change,fuel_level_change,7217.0,,468.0,,
StationTank,fuel_level_change,fuel_level_change,7218.0,,478.0,,
StationTank,fuel_level_change,fuel_level_change,7219.0,,488.0,,
StationTank,fuel_level_change,fuel_level_change,7220.0,,498.0,,
StationTank,fuel_level_change,fuel_level_change,7221.0,,508.0,,
StationTank,fuel_level_change,fuel_level_change,7222.0,,518.0,,
StationTank,fuel_level_change,fuel_level_change,7223.0,,528.0,,
StationTank,fuel_level_change,fuel_level_change,7224.0,,538.0,,
StationTank,fuel_level_change,fuel_level_change,7225.0,,548.0,,
Car 143,arrival_departure,arrival,7226.0,,,,
Car 143,queue,pump_queue_wait_begins,7226.0,,,13.0,50.0
StationTank,fuel_level_change,fuel_level_change,7226.0,,558.0,,
StationTank,fuel_level_change,fuel_level_change,7227.0,,568.0,,
StationTank,fuel_level_change,fuel_level_change,7228.0,,578.0,,
Car 125,resource_use_end,payment_ends,7229.0,2.0,,7.0,50.0
Car 125,resource_use,pumping_begins,7229.0,2.0,,7.0,50.0
Truck 6,arrival_departure,depart,7229.0,,,,
StationTank,fuel_level_change,fuel_level_change,7229.0,,588.0,,
StationTank,fuel_level_change,fuel_level_change,7230.0,,588.0,,
StationTank,fuel_level_change,fuel_level_change,7231.0,,588.0,,
StationTank,fuel_level_change,fuel_level_change,7232.0,,588.0,,
StationTank,fuel_level_change,fuel_level_change,7233.0,,588.0,,
StationTank,fuel_level_change,fuel_level_change,7234.0,,588.0,,
StationTank,fuel_level_change,fuel_level_change,7235.0,,588.0,,
StationTank,fuel_level_change,fuel_level_change,7236.0,,588.0,,
StationTank,fuel_level_change,fuel_level_change,7237.0,,588.0,,
StationTank,fuel_level_change,fuel_level_change,7238.0,,588.0,,
StationTank,fuel_level_change,fuel_level_change,7239.0,,588.0,,
StationTank,fuel_level_change,fuel_level_change,7240.0,,588.0,,
StationTank,fuel_level_change,fuel_level_change,7241.0,,588.0,,
StationTank,fuel_level_change,fuel_level_change,7242.0,,588.0,,
StationTank,fuel_level_change,fuel_level_change,7243.0,,588.0,,
StationTank,fuel_level_change,fuel_level_change,7244.0,,588.0,,
StationTank,fuel_level_change,fuel_level_change,7245.0,,588.0,,
Car 126,resource_use_end,pumping_ends,7246.0,1.0,,21.0,50.0
Car 126,arrival_departure,depart,7246.0,,,,
StationTank,fuel_level_change,fuel_level_change,7246.0,,588.0,,
Car 127,resource_use,payment_begins,7246.0,1.0,,9.0,50.0
StationTank,fuel_level_change,fuel_level_change,7247.0,,547.0,,
StationTank,fuel_level_change,fuel_level_change,7248.0,,547.0,,
StationTank,fuel_level_change,fuel_level_change,7249.0,,547.0,,
StationTank,fuel_level_change,fuel_level_change,7250.0,,547.0,,
StationTank,fuel_level_change,fuel_level_change,7251.0,,547.0,,
StationTank,fuel_level_change,fuel_level_change,7252.0,,547.0,,
StationTank,fuel_level_change,fuel_level_change,7253.0,,547.0,,
StationTank,fuel_level_change,fuel_level_change,7254.0,,547.0,,
StationTank,fuel_level_change,fuel_level_change,7255.0,,547.0,,
StationTank,fuel_level_change,fuel_level_change,7256.0,,547.0,,
StationTank,fuel_level_change,fuel_level_change,7257.0,,547.0,,
StationTank,fuel_level_change,fuel_level_change,7258.0,,547.0,,
StationTank,fuel_level_change,fuel_level_change,7259.0,,547.0,,
StationTank,fuel_level_change,fuel_level_change,7260.0,,547.0,,
StationTank,fuel_level_change,fuel_level_change,7261.0,,547.0,,
StationTank,fuel_level_change,fuel_level_change,7262.0,,547.0,,
StationTank,fuel_level_change,fuel_level_change,7263.0,,547.0,,
StationTank,fuel_level_change,fuel_level_change,7264.0,,547.0,,
StationTank,fuel_level_change,fuel_level_change,7265.0,,547.0,,
StationTank,fuel_level_change,fuel_level_change,7266.0,,547.0,,
StationTank,fuel_level_change,fuel_level_change,7267.0,,547.0,,
StationTank,fuel_level_change,fuel_level_change,7268.0,,547.0,,
StationTank,fuel_level_change,fuel_level_change,7269.0,,547.0,,
StationTank,fuel_level_change,fuel_level_change,7270.0,,547.0,,
StationTank,fuel_level_change,fuel_level_change,7271.0,,547.0,,
Car 125,resource_use_end,pumping_ends,7272.0,2.0,,7.0,50.0
Car 125,arrival_departure,depart,7272.0,,,,
StationTank,fuel_level_change,fuel_level_change,7272.0,,547.0,,
Car 128,resource_use,payment_begins,7272.0,2.0,,7.0,50.0
StationTank,fuel_level_change,fuel_level_change,7273.0,,504.0,,
StationTank,fuel_level_change,fuel_level_change,7274.0,,504.0,,
StationTank,fuel_level_change,fuel_level_change,7275.0,,504.0,,
StationTank,fuel_level_change,fuel_level_change,7276.0,,504.0,,
StationTank,fuel_level_change,fuel_level_change,7277.0,,504.0,,
Car 127,resource_use_end,payment_ends,7278.0,1.0,,9.0,50.0
Car 127,resource_use,pumping_begins,7278.0,1.0,,9.0,50.0
StationTank,fuel_level_change,fuel_level_change,7278.0,,504.0,,
StationTank,fuel_level_change,fuel_level_change,7279.0,,504.0,,
StationTank,fuel_level_change,fuel_level_change,7280.0,,504.0,,
StationTank,fuel_level_change,fuel_level_change,7281.0,,504.0,,
StationTank,fuel_level_change,fuel_level_change,7282.0,,504.0,,
StationTank,fuel_level_change,fuel_level_change,7283.0,,504.0,,
StationTank,fuel_level_change,fuel_level_change,7284.0,,504.0,,
StationTank,fuel_level_change,fuel_level_change,7285.0,,504.0,,
StationTank,fuel_level_change,fuel_level_change,7286.0,,504.0,,
StationTank,fuel_level_change,fuel_level_change,7287.0,,504.0,,
StationTank,fuel_level_change,fuel_level_change,7288.0,,504.0,,
StationTank,fuel_level_change,fuel_level_change,7289.0,,504.0,,
StationTank,fuel_level_change,fuel_level_change,7290.0,,504.0,,
StationTank,fuel_level_change,fuel_level_change,7291.0,,504.0,,
StationTank,fuel_level_change,fuel_level_change,7292.0,,504.0,,
StationTank,fuel_level_change,fuel_level_change,7293.0,,504.0,,
StationTank,fuel_level_change,fuel_level_change,7294.0,,504.0,,
Car 144,arrival_departure,arrival,7295.0,,,,
Car 144,queue,pump_queue_wait_begins,7295.0,,,9.0,50.0
StationTank,fuel_level_change,fuel_level_change,7295.0,,504.0,,
StationTank,fuel_level_change,fuel_level_change,7296.0,,504.0,,
StationTank,fuel_level_change,fuel_level_change,7297.0,,504.0,,
StationTank,fuel_level_change,fuel_level_change,7298.0,,504.0,,
StationTank,fuel_level_change,fuel_level_change,7299.0,,504.0,,
StationTank,fuel_level_change,fuel_level_change,7300.0,,504.0,,
StationTank,fuel_level_change,fuel_level_change,7301.0,,504.0,,
Car 128,resource_use_end,payment_ends,7302.0,2.0,,7.0,50.0
Car 128,resource_use,pumping_begins,7302.0,2.0,,7.0,50.0
StationTank,fuel_level_change,fuel_level_change,7302.0,,504.0,,
StationTank,fuel_level_change,fuel_level_change,7303.0,,504.0,,
StationTank,fuel_level_change,fuel_level_change,7304.0,,504.0,,
StationTank,fuel_level_change,fuel_level_change,7305.0,,504.0,,
StationTank,fuel_level_change,fuel_level_change,7306.0,,504.0,,
StationTank,fuel_level_change,fuel_level_change,7307.0,,504.0,,
StationTank,fuel_level_change,fuel_level_change,7308.0,,504.0,,
StationTank,fuel_level_change,fuel_level_change,7309.0,,504.0,,
StationTank,fuel_level_change,fuel_level_change,7310.0,,504.0,,
StationTank,fuel_level_change,fuel_level_change,7311.0,,504.0,,
StationTank,fuel_level_change,fuel_level_change,7312.0,,504.0,,
StationTank,fuel_level_change,fuel_level_change,7313.0,,504.0,,
StationTank,fuel_level_change,fuel_level_change,7314.0,,504.0,,
StationTank,fuel_level_change,fuel_level_change,7315.0,,504.0,,
StationTank,fuel_level_change,fuel_level_change,7316.0,,504.0,,
StationTank,fuel_level_change,fuel_level_change,7317.0,,504.0,,
StationTank,fuel_level_change,fuel_level_change,7318.0,,504.0,,
Car 127,resource_use_end,pumping_ends,7319.0,1.0,,9.0,50.0
Car 127,arrival_departure,depart,7319.0,,,,
StationTank,fuel_level_change,fuel_level_change,7319.0,,504.0,,
Car 129,resource_use,payment_begins,7319.0,1.0,,16.0,50.0
StationTank,fuel_level_change,fuel_level_change,7320.0,,470.0,,
StationTank,fuel_level_change,fuel_level_change,7321.0,,470.0,,
StationTank,fuel_level_change,fuel_level_change,7322.0,,470.0,,
StationTank,fuel_level_change,fuel_level_change,7323.0,,470.0,,
StationTank,fuel_level_change,fuel_level_change,7324.0,,470.0,,
StationTank,fuel_level_change,fuel_level_change,7325.0,,470.0,,
StationTank,fuel_level_change,fuel_level_change,7326.0,,470.0,,
StationTank,fuel_level_change,fuel_level_change,7327.0,,470.0,,
StationTank,fuel_level_change,fuel_level_change,7328.0,,470.0,,
StationTank,fuel_level_change,fuel_level_change,7329.0,,470.0,,
StationTank,fuel_level_change,fuel_level_change,7330.0,,470.0,,
StationTank,fuel_level_change,fuel_level_change,7331.0,,470.0,,
StationTank,fuel_level_change,fuel_level_change,7332.0,,470.0,,
StationTank,fuel_level_change,fuel_level_change,7333.0,,470.0,,
StationTank,fuel_level_change,fuel_level_change,7334.0,,470.0,,
StationTank,fuel_level_change,fuel_level_change,7335.0,,470.0,,
StationTank,fuel_level_change,fuel_level_change,7336.0,,470.0,,
StationTank,fuel_level_change,fuel_level_change,7337.0,,470.0,,
StationTank,fuel_level_change,fuel_level_change,7338.0,,470.0,,
StationTank,fuel_level_change,fuel_level_change,7339.0,,470.0,,
StationTank,fuel_level_change,fuel_level_change,7340.0,,470.0,,
StationTank,fuel_level_change,fuel_level_change,7341.0,,470.0,,
StationTank,fuel_level_change,fuel_level_change,7342.0,,470.0,,
StationTank,fuel_level_change,fuel_level_change,7343.0,,470.0,,
StationTank,fuel_level_change,fuel_level_change,7344.0,,470.0,,
Car 128,resource_use_end,pumping_ends,7345.0,2.0,,7.0,50.0
Car 128,arrival_departure,depart,7345.0,,,,
StationTank,fuel_level_change,fuel_level_change,7345.0,,470.0,,
Car 130,resource_use,payment_begins,7345.0,2.0,,19.0,50.0
StationTank,fuel_level_change,fuel_level_change,7346.0,,439.0,,
StationTank,fuel_level_change,fuel_level_change,7347.0,,439.0,,
StationTank,fuel_level_change,fuel_level_change,7348.0,,439.0,,
StationTank,fuel_level_change,fuel_level_change,7349.0,,439.0,,
StationTank,fuel_level_change,fuel_level_change,7350.0,,439.0,,
StationTank,fuel_level_change,fuel_level_change,7351.0,,439.0,,
Car 145,arrival_departure,arrival,7352.0,,,,
Car 145,queue,pump_queue_wait_begins,7352.0,,,19.0,50.0
StationTank,fuel_level_change,fuel_level_change,7352.0,,439.0,,
StationTank,fuel_level_change,fuel_level_change,7353.0,,439.0,,
StationTank,fuel_level_change,fuel_level_change,7354.0,,439.0,,
StationTank,fuel_level_change,fuel_level_change,7355.0,,439.0,,
StationTank,fuel_level_change,fuel_level_change,7356.0,,439.0,,
StationTank,fuel_level_change,fuel_level_change,7357.0,,439.0,,
StationTank,fuel_level_change,fuel_level_change,7358.0,,439.0,,
StationTank,fuel_level_change,fuel_level_change,7359.0,,439.0,,
StationTank,fuel_level_change,fuel_level_change,7360.0,,439.0,,
StationTank,fuel_level_change,fuel_level_change,7361.0,,439.0,,
StationTank,fuel_level_change,fuel_level_change,7362.0,,439.0,,
StationTank,fuel_level_change,fuel_level_change,7363.0,,439.0,,
StationTank,fuel_level_change,fuel_level_change,7364.0,,439.0,,
StationTank,fuel_level_change,fuel_level_change,7365.0,,439.0,,
StationTank,fuel_level_change,fuel_level_change,7366.0,,439.0,,
StationTank,fuel_level_change,fuel_level_change,7367.0,,439.0,,
StationTank,fuel_level_change,fuel_level_change,7368.0,,439.0,,
StationTank,fuel_level_change,fuel_level_change,7369.0,,439.0,,
StationTank,fuel_level_change,fuel_level_change,7370.0,,439.0,,
StationTank,fuel_level_change,fuel_level_change,7371.0,,439.0,,
StationTank,fuel_level_change,fuel_level_change,7372.0,,439.0,,
StationTank,fuel_level_change,fuel_level_change,7373.0,,439.0,,
StationTank,fuel_level_change,fuel_level_change,7374.0,,439.0,,
StationTank,fuel_level_change,fuel_level_change,7375.0,,439.0,,
StationTank,fuel_level_change,fuel_level_change,7376.0,,439.0,,
StationTank,fuel_level_change,fuel_level_change,7377.0,,439.0,,
StationTank,fuel_level_change,fuel_level_change,7378.0,,439.0,,
StationTank,fuel_level_change,fuel_level_change,7379.0,,439.0,,
StationTank,fuel_level_change,fuel_level_change,7380.0,,439.0,,
StationTank,fuel_level_change,fuel_level_change,7381.0,,439.0,,
StationTank,fuel_level_change,fuel_level_change,7382.0,,439.0,,
StationTank,fuel_level_change,fuel_level_change,7383.0,,439.0,,
StationTank,fuel_level_change,fuel_level_change,7384.0,,439.0,,
StationTank,fuel_level_change,fuel_level_change,7385.0,,439.0,,
StationTank,fuel_level_change,fuel_level_change,7386.0,,439.0,,
Car 146,arrival_departure,arrival,7387.0,,,,
Car 146,queue,pump_queue_wait_begins,7387.0,,,18.0,50.0
StationTank,fuel_level_change,fuel_level_change,7387.0,,439.0,,
StationTank,fuel_level_change,fuel_level_change,7388.0,,439.0,,
Car 129,resource_use_end,payment_ends,7389.0,1.0,,16.0,50.0
Car 129,resource_use,pumping_begins,7389.0,1.0,,16.0,50.0
StationTank,fuel_level_change,fuel_level_change,7389.0,,439.0,,
StationTank,fuel_level_change,fuel_level_change,7390.0,,439.0,,
Car 130,resource_use_end,payment_ends,7391.0,2.0,,19.0,50.0
Car 130,resource_use,pumping_begins,7391.0,2.0,,19.0,50.0
StationTank,fuel_level_change,fuel_level_change,7391.0,,439.0,,
StationTank,fuel_level_change,fuel_level_change,7392.0,,439.0,,
StationTank,fuel_level_change,fuel_level_change,7393.0,,439.0,,
StationTank,fuel_level_change,fuel_level_change,7394.0,,439.0,,
StationTank,fuel_level_change,fuel_level_change,7395.0,,439.0,,
StationTank,fuel_level_change,fuel_level_change,7396.0,,439.0,,
StationTank,fuel_level_change,fuel_level_change,7397.0,,439.0,,
StationTank,fuel_level_change,fuel_level_change,7398.0,,439.0,,
StationTank,fuel_level_change,fuel_level_change,7399.0,,439.0,,
StationTank,fuel_level_change,fuel_level_change,7400.0,,439.0,,
StationTank,fuel_level_change,fuel_level_change,7401.0,,439.0,,
StationTank,fuel_level_change,fuel_level_change,7402.0,,439.0,,
StationTank,fuel_level_change,fuel_level_change,7403.0,,439.0,,
StationTank,fuel_level_change,fuel_level_change,7404.0,,439.0,,
StationTank,fuel_level_change,fuel_level_change,7405.0,,439.0,,
StationTank,fuel_level_change,fuel_level_change,7406.0,,439.0,,
StationTank,fuel_level_change,fuel_level_change,7407.0,,439.0,,
StationTank,fuel_level_change,fuel_level_change,7408.0,,439.0,,
StationTank,fuel_level_change,fuel_level_change,7409.0,,439.0,,
StationTank,fuel_level_change,fuel_level_change,7410.0,,439.0,,
StationTank,fuel_level_change,fuel_level_change,7411.0,,439.0,,
StationTank,fuel_level_change,fuel_level_change,7412.0,,439.0,,
StationTank,fuel_level_change,fuel_level_change,7413.0,,439.0,,
StationTank,fuel_level_change,fuel_level_change,7414.0,,439.0,,
StationTank,fuel_level_change,fuel_level_change,7415.0,,439.0,,
StationTank,fuel_level_change,fuel_level_change,7416.0,,439.0,,
StationTank,fuel_level_change,fuel_level_change,7417.0,,439.0,,
StationTank,fuel_level_change,fuel_level_change,7418.0,,439.0,,
StationTank,fuel_level_change,fuel_level_change,7419.0,,439.0,,
StationTank,fuel_level_change,fuel_level_change,7420.0,,439.0,,
StationTank,fuel_level_change,fuel_level_change,7421.0,,439.0,,
Car 130,resource_use_end,pumping_ends,7422.0,2.0,,19.0,50.0
Car 130,arrival_departure,depart,7422.0,,,,
StationTank,fuel_level_change,fuel_level_change,7422.0,,439.0,,
Car 131,resource_use,payment_begins,7422.0,2.0,,14.0,50.0
Car 129,resource_use_end,pumping_ends,7423.0,1.0,,16.0,50.0
Car 129,arrival_departure,depart,7423.0,,,,
StationTank,fuel_level_change,fuel_level_change,7423.0,,403.0,,
Car 132,resource_use,payment_begins,7423.0,1.0,,5.0,50.0
StationTank,fuel_level_change,fuel_level_change,7424.0,,358.0,,
StationTank,fuel_level_change,fuel_level_change,7425.0,,358.0,,
StationTank,fuel_level_change,fuel_level_change,7426.0,,358.0,,
StationTank,fuel_level_change,fuel_level_change,7427.0,,358.0,,
StationTank,fuel_level_change,fuel_level_change,7428.0,,358.0,,
StationTank,fuel_level_change,fuel_level_change,7429.0,,358.0,,
StationTank,fuel_level_change,fuel_level_change,7430.0,,358.0,,
StationTank,fuel_level_change,fuel_level_change,7431.0,,358.0,,
StationTank,fuel_level_change,fuel_level_change,7432.0,,358.0,,
StationTank,fuel_level_change,fuel_level_change,7433.0,,358.0,,
StationTank,fuel_level_change,fuel_level_change,7434.0,,358.0,,
StationTank,fuel_level_change,fuel_level_change,7435.0,,358.0,,
StationTank,fuel_level_change,fuel_level_change,7436.0,,358.0,,
StationTank,fuel_level_change,fuel_level_change,7437.0,,358.0,,
StationTank,fuel_level_change,fuel_level_change,7438.0,,358.0,,
StationTank,fuel_level_change,fuel_level_change,7439.0,,358.0,,
StationTank,fuel_level_change,fuel_level_change,7440.0,,358.0,,
StationTank,fuel_level_change,fuel_level_change,7441.0,,358.0,,
StationTank,fuel_level_change,fuel_level_change,7442.0,,358.0,,
StationTank,fuel_level_change,fuel_level_change,7443.0,,358.0,,
StationTank,fuel_level_change,fuel_level_change,7444.0,,358.0,,
StationTank,fuel_level_change,fuel_level_change,7445.0,,358.0,,
StationTank,fuel_level_change,fuel_level_change,7446.0,,358.0,,
StationTank,fuel_level_change,fuel_level_change,7447.0,,358.0,,
StationTank,fuel_level_change,fuel_level_change,7448.0,,358.0,,
StationTank,fuel_level_change,fuel_level_change,7449.0,,358.0,,
StationTank,fuel_level_change,fuel_level_change,7450.0,,358.0,,
StationTank,fuel_level_change,fuel_level_change,7451.0,,358.0,,
StationTank,fuel_level_change,fuel_level_change,7452.0,,358.0,,
Car 132,resource_use_end,payment_ends,7453.0,1.0,,5.0,50.0
Car 132,resource_use,pumping_begins,7453.0,1.0,,5.0,50.0
StationTank,fuel_level_change,fuel_level_change,7453.0,,358.0,,
StationTank,fuel_level_change,fuel_level_change,7454.0,,358.0,,
StationTank,fuel_level_change,fuel_level_change,7455.0,,358.0,,
StationTank,fuel_level_change,fuel_level_change,7456.0,,358.0,,
StationTank,fuel_level_change,fuel_level_change,7457.0,,358.0,,
StationTank,fuel_level_change,fuel_level_change,7458.0,,358.0,,
StationTank,fuel_level_change,fuel_level_change,7459.0,,358.0,,
StationTank,fuel_level_change,fuel_level_change,7460.0,,358.0,,
StationTank,fuel_level_change,fuel_level_change,7461.0,,358.0,,
StationTank,fuel_level_change,fuel_level_change,7462.0,,358.0,,
StationTank,fuel_level_change,fuel_level_change,7463.0,,358.0,,
StationTank,fuel_level_change,fuel_level_change,7464.0,,358.0,,
StationTank,fuel_level_change,fuel_level_change,7465.0,,358.0,,
StationTank,fuel_level_change,fuel_level_change,7466.0,,358.0,,
StationTank,fuel_level_change,fuel_level_change,7467.0,,358.0,,
StationTank,fuel_level_change,fuel_level_change,7468.0,,358.0,,
StationTank,fuel_level_change,fuel_level_change,7469.0,,358.0,,
StationTank,fuel_level_change,fuel_level_change,7470.0,,358.0,,
StationTank,fuel_level_change,fuel_level_change,7471.0,,358.0,,
Car 147,arrival_departure,arrival,7472.0,,,,
Car 147,queue,pump_queue_wait_begins,7472.0,,,7.0,50.0
StationTank,fuel_level_change,fuel_level_change,7472.0,,358.0,,
StationTank,fuel_level_change,fuel_level_change,7473.0,,358.0,,
StationTank,fuel_level_change,fuel_level_change,7474.0,,358.0,,
StationTank,fuel_level_change,fuel_level_change,7475.0,,358.0,,
StationTank,fuel_level_change,fuel_level_change,7476.0,,358.0,,
StationTank,fuel_level_change,fuel_level_change,7477.0,,358.0,,
StationTank,fuel_level_change,fuel_level_change,7478.0,,358.0,,
StationTank,fuel_level_change,fuel_level_change,7479.0,,358.0,,
StationTank,fuel_level_change,fuel_level_change,7480.0,,358.0,,
StationTank,fuel_level_change,fuel_level_change,7481.0,,358.0,,
StationTank,fuel_level_change,fuel_level_change,7482.0,,358.0,,
StationTank,fuel_level_change,fuel_level_change,7483.0,,358.0,,
StationTank,fuel_level_change,fuel_level_change,7484.0,,358.0,,
StationTank,fuel_level_change,fuel_level_change,7485.0,,358.0,,
StationTank,fuel_level_change,fuel_level_change,7486.0,,358.0,,
Car 131,resource_use_end,payment_ends,7487.0,2.0,,14.0,50.0
Car 131,resource_use,pumping_begins,7487.0,2.0,,14.0,50.0
StationTank,fuel_level_change,fuel_level_change,7487.0,,358.0,,
StationTank,fuel_level_change,fuel_level_change,7488.0,,358.0,,
StationTank,fuel_level_change,fuel_level_change,7489.0,,358.0,,
StationTank,fuel_level_change,fuel_level_change,7490.0,,358.0,,
StationTank,fuel_level_change,fuel_level_change,7491.0,,358.0,,
StationTank,fuel_level_change,fuel_level_change,7492.0,,358.0,,
StationTank,fuel_level_change,fuel_level_change,7493.0,,358.0,,
StationTank,fuel_level_change,fuel_level_change,7494.0,,358.0,,
StationTank,fuel_level_change,fuel_level_change,7495.0,,358.0,,
StationTank,fuel_level_change,fuel_level_change,7496.0,,358.0,,
StationTank,fuel_level_change,fuel_level_change,7497.0,,358.0,,
Car 132,resource_use_end,pumping_ends,7498.0,1.0,,5.0,50.0
Car 132,arrival_departure,depart,7498.0,,,,
StationTank,fuel_level_change,fuel_level_change,7498.0,,358.0,,
Car 133,resource_use,payment_begins,7498.0,1.0,,14.0,50.0
StationTank,fuel_level_change,fuel_level_change,7499.0,,322.0,,
StationTank,fuel_level_change,fuel_level_change,7500.0,,322.0,,
Car 148,arrival_departure,arrival,7501.0,,,,
Car 148,queue,pump_queue_wait_begins,7501.0,,,22.0,50.0
StationTank,fuel_level_change,fuel_level_change,7501.0,,322.0,,
StationTank,fuel_level_change,fuel_level_change,7502.0,,322.0,,
StationTank,fuel_level_change,fuel_level_change,7503.0,,322.0,,
StationTank,fuel_level_change,fuel_level_change,7504.0,,322.0,,
StationTank,fuel_level_change,fuel_level_change,7505.0,,322.0,,
StationTank,fuel_level_change,fuel_level_change,7506.0,,322.0,,
StationTank,fuel_level_change,fuel_level_change,7507.0,,322.0,,
StationTank,fuel_level_change,fuel_level_change,7508.0,,322.0,,
StationTank,fuel_level_change,fuel_level_change,7509.0,,322.0,,
StationTank,fuel_level_change,fuel_level_change,7510.0,,322.0,,
StationTank,fuel_level_change,fuel_level_change,7511.0,,322.0,,
StationTank,fuel_level_change,fuel_level_change,7512.0,,322.0,,
StationTank,fuel_level_change,fuel_level_change,7513.0,,322.0,,
StationTank,fuel_level_change,fuel_level_change,7514.0,,322.0,,
StationTank,fuel_level_change,fuel_level_change,7515.0,,322.0,,
StationTank,fuel_level_change,fuel_level_change,7516.0,,322.0,,
StationTank,fuel_level_change,fuel_level_change,7517.0,,322.0,,
StationTank,fuel_level_change,fuel_level_change,7518.0,,322.0,,
StationTank,fuel_level_change,fuel_level_change,7519.0,,322.0,,
StationTank,fuel_level_change,fuel_level_change,7520.0,,322.0,,
StationTank,fuel_level_change,fuel_level_change,7521.0,,322.0,,
StationTank,fuel_level_change,fuel_level_change,7522.0,,322.0,,
Car 131,resource_use_end,pumping_ends,7523.0,2.0,,14.0,50.0
Car 131,arrival_departure,depart,7523.0,,,,
StationTank,fuel_level_change,fuel_level_change,7523.0,,322.0,,
Car 134,resource_use,payment_begins,7523.0,2.0,,9.0,50.0
StationTank,fuel_level_change,fuel_level_change,7524.0,,281.0,,
StationTank,fuel_level_change,fuel_level_change,7525.0,,281.0,,
StationTank,fuel_level_change,fuel_level_change,7526.0,,281.0,,
StationTank,fuel_level_change,fuel_level_change,7527.0,,281.0,,
StationTank,fuel_level_change,fuel_level_change,7528.0,,281.0,,
StationTank,fuel_level_change,fuel_level_change,7529.0,,281.0,,
StationTank,fuel_level_change,fuel_level_change,7530.0,,281.0,,
StationTank,fuel_level_change,fuel_level_change,7531.0,,281.0,,
StationTank,fuel_level_change,fuel_level_change,7532.0,,281.0,,
StationTank,fuel_level_change,fuel_level_change,7533.0,,281.0,,
StationTank,fuel_level_change,fuel_level_change,7534.0,,281.0,,
Car 149,arrival_departure,arrival,7535.0,,,,
Car 149,queue,pump_queue_wait_begins,7535.0,,,23.0,50.0
StationTank,fuel_level_change,fuel_level_change,7535.0,,281.0,,
StationTank,fuel_level_change,fuel_level_change,7536.0,,281.0,,
StationTank,fuel_level_change,fuel_level_change,7537.0,,281.0,,
StationTank,fuel_level_change,fuel_level_change,7538.0,,281.0,,
StationTank,fuel_level_change,fuel_level_change,7539.0,,281.0,,
StationTank,fuel_level_change,fuel_level_change,7540.0,,281.0,,
StationTank,fuel_level_change,fuel_level_change,7541.0,,281.0,,
StationTank,fuel_level_change,fuel_level_change,7542.0,,281.0,,
StationTank,fuel_level_change,fuel_level_change,7543.0,,281.0,,
StationTank,fuel_level_change,fuel_level_change,7544.0,,281.0,,
StationTank,fuel_level_change,fuel_level_change,7545.0,,281.0,,
StationTank,fuel_level_change,fuel_level_change,7546.0,,281.0,,
StationTank,fuel_level_change,fuel_level_change,7547.0,,281.0,,
StationTank,fuel_level_change,fuel_level_change,7548.0,,281.0,,
StationTank,fuel_level_change,fuel_level_change,7549.0,,281.0,,
StationTank,fuel_level_change,fuel_level_change,7550.0,,281.0,,
StationTank,fuel_level_change,fuel_level_change,7551.0,,281.0,,
StationTank,fuel_level_change,fuel_level_change,7552.0,,281.0,,
StationTank,fuel_level_change,fuel_level_change,7553.0,,281.0,,
StationTank,fuel_level_change,fuel_level_change,7554.0,,281.0,,
Car 134,resource_use_end,payment_ends,7555.0,2.0,,9.0,50.0
Car 134,resource_use,pumping_begins,7555.0,2.0,,9.0,50.0
StationTank,fuel_level_change,fuel_level_change,7555.0,,281.0,,
StationTank,fuel_level_change,fuel_level_change,7556.0,,281.0,,
StationTank,fuel_level_change,fuel_level_change,7557.0,,281.0,,
StationTank,fuel_level_change,fuel_level_change,7558.0,,281.0,,
StationTank,fuel_level_change,fuel_level_change,7559.0,,281.0,,
StationTank,fuel_level_change,fuel_level_change,7560.0,,281.0,,
StationTank,fuel_level_change,fuel_level_change,7561.0,,281.0,,
StationTank,fuel_level_change,fuel_level_change,7562.0,,281.0,,
StationTank,fuel_level_change,fuel_level_change,7563.0,,281.0,,
StationTank,fuel_level_change,fuel_level_change,7564.0,,281.0,,
StationTank,fuel_level_change,fuel_level_change,7565.0,,281.0,,
StationTank,fuel_level_change,fuel_level_change,7566.0,,281.0,,
StationTank,fuel_level_change,fuel_level_change,7567.0,,281.0,,
StationTank,fuel_level_change,fuel_level_change,7568.0,,281.0,,
StationTank,fuel_level_change,fuel_level_change,7569.0,,281.0,,
StationTank,fuel_level_change,fuel_level_change,7570.0,,281.0,,
StationTank,fuel_level_change,fuel_level_change,7571.0,,281.0,,
StationTank,fuel_level_change,fuel_level_change,7572.0,,281.0,,
StationTank,fuel_level_change,fuel_level_change,7573.0,,281.0,,
StationTank,fuel_level_change,fuel_level_change,7574.0,,281.0,,
StationTank,fuel_level_change,fuel_level_change,7575.0,,281.0,,
StationTank,fuel_level_change,fuel_level_change,7576.0,,281.0,,
StationTank,fuel_level_change,fuel_level_change,7577.0,,281.0,,
StationTank,fuel_level_change,fuel_level_change,7578.0,,281.0,,
StationTank,fuel_level_change,fuel_level_change,7579.0,,281.0,,
StationTank,fuel_level_change,fuel_level_change,7580.0,,281.0,,
StationTank,fuel_level_change,fuel_level_change,7581.0,,281.0,,
StationTank,fuel_level_change,fuel_level_change,7582.0,,281.0,,
StationTank,fuel_level_change,fuel_level_change,7583.0,,281.0,,
StationTank,fuel_level_change,fuel_level_change,7584.0,,281.0,,
StationTank,fuel_level_change,fuel_level_change,7585.0,,281.0,,
StationTank,fuel_level_change,fuel_level_change,7586.0,,281.0,,
StationTank,fuel_level_change,fuel_level_change,7587.0,,281.0,,
Car 133,resource_use_end,payment_ends,7588.0,1.0,,14.0,50.0
Car 133,resource_use,pumping_begins,7588.0,1.0,,14.0,50.0
StationTank,fuel_level_change,fuel_level_change,7588.0,,281.0,,
StationTank,fuel_level_change,fuel_level_change,7589.0,,281.0,,
StationTank,fuel_level_change,fuel_level_change,7590.0,,281.0,,
StationTank,fuel_level_change,fuel_level_change,7591.0,,281.0,,
StationTank,fuel_level_change,fuel_level_change,7592.0,,281.0,,
StationTank,fuel_level_change,fuel_level_change,7593.0,,281.0,,
StationTank,fuel_level_change,fuel_level_change,7594.0,,281.0,,
StationTank,fuel_level_change,fuel_level_change,7595.0,,281.0,,
Car 134,resource_use_end,pumping_ends,7596.0,2.0,,9.0,50.0
Car 134,arrival_departure,depart,7596.0,,,,
StationTank,fuel_level_change,fuel_level_change,7596.0,,281.0,,
Car 135,resource_use,payment_begins,7596.0,2.0,,8.0,50.0
Car 150,arrival_departure,arrival,7597.0,,,,
Car 150,queue,pump_queue_wait_begins,7597.0,,,18.0,50.0
StationTank,fuel_level_change,fuel_level_change,7597.0,,239.0,,
StationTank,fuel_level_change,fuel_level_change,7598.0,,239.0,,
StationTank,fuel_level_change,fuel_level_change,7599.0,,239.0,,
StationTank,fuel_level_change,fuel_level_change,7600.0,,239.0,,
StationTank,fuel_level_change,fuel_level_change,7601.0,,239.0,,
StationTank,fuel_level_change,fuel_level_change,7602.0,,239.0,,
StationTank,fuel_level_change,fuel_level_change,7603.0,,239.0,,
StationTank,fuel_level_change,fuel_level_change,7604.0,,239.0,,
StationTank,fuel_level_change,fuel_level_change,7605.0,,239.0,,
StationTank,fuel_level_change,fuel_level_change,7606.0,,239.0,,
StationTank,fuel_level_change,fuel_level_change,7607.0,,239.0,,
StationTank,fuel_level_change,fuel_level_change,7608.0,,239.0,,
StationTank,fuel_level_change,fuel_level_change,7609.0,,239.0,,
StationTank,fuel_level_change,fuel_level_change,7610.0,,239.0,,
StationTank,fuel_level_change,fuel_level_change,7611.0,,239.0,,
StationTank,fuel_level_change,fuel_level_change,7612.0,,239.0,,
StationTank,fuel_level_change,fuel_level_change,7613.0,,239.0,,
StationTank,fuel_level_change,fuel_level_change,7614.0,,239.0,,
StationTank,fuel_level_change,fuel_level_change,7615.0,,239.0,,
StationTank,fuel_level_change,fuel_level_change,7616.0,,239.0,,
StationTank,fuel_level_change,fuel_level_change,7617.0,,239.0,,
StationTank,fuel_level_change,fuel_level_change,7618.0,,239.0,,
StationTank,fuel_level_change,fuel_level_change,7619.0,,239.0,,
StationTank,fuel_level_change,fuel_level_change,7620.0,,239.0,,
StationTank,fuel_level_change,fuel_level_change,7621.0,,239.0,,
StationTank,fuel_level_change,fuel_level_change,7622.0,,239.0,,
StationTank,fuel_level_change,fuel_level_change,7623.0,,239.0,,
Car 133,resource_use_end,pumping_ends,7624.0,1.0,,14.0,50.0
Car 133,arrival_departure,depart,7624.0,,,,
StationTank,fuel_level_change,fuel_level_change,7624.0,,239.0,,
Car 136,resource_use,payment_begins,7624.0,1.0,,22.0,50.0
StationTank,fuel_level_change,fuel_level_change,7625.0,,211.0,,
StationTank,fuel_level_change,fuel_level_change,7626.0,,211.0,,
StationTank,fuel_level_change,fuel_level_change,7627.0,,211.0,,
StationTank,fuel_level_change,fuel_level_change,7628.0,,211.0,,
StationTank,fuel_level_change,fuel_level_change,7629.0,,211.0,,
Car 151,arrival_departure,arrival,7630.0,,,,
Car 151,queue,pump_queue_wait_begins,7630.0,,,14.0,50.0
StationTank,fuel_level_change,fuel_level_change,7630.0,,211.0,,
StationTank,fuel_level_change,fuel_level_change,7631.0,,211.0,,
StationTank,fuel_level_change,fuel_level_change,7632.0,,211.0,,
StationTank,fuel_level_change,fuel_level_change,7633.0,,211.0,,
StationTank,fuel_level_change,fuel_level_change,7634.0,,211.0,,
StationTank,fuel_level_change,fuel_level_change,7635.0,,211.0,,
StationTank,fuel_level_change,fuel_level_change,7636.0,,211.0,,
StationTank,fuel_level_change,fuel_level_change,7637.0,,211.0,,
StationTank,fuel_level_change,fuel_level_change,7638.0,,211.0,,
StationTank,fuel_level_change,fuel_level_change,7639.0,,211.0,,
StationTank,fuel_level_change,fuel_level_change,7640.0,,211.0,,
StationTank,fuel_level_change,fuel_level_change,7641.0,,211.0,,
StationTank,fuel_level_change,fuel_level_change,7642.0,,211.0,,
StationTank,fuel_level_change,fuel_level_change,7643.0,,211.0,,
StationTank,fuel_level_change,fuel_level_change,7644.0,,211.0,,
StationTank,fuel_level_change,fuel_level_change,7645.0,,211.0,,
StationTank,fuel_level_change,fuel_level_change,7646.0,,211.0,,
StationTank,fuel_level_change,fuel_level_change,7647.0,,211.0,,
StationTank,fuel_level_change,fuel_level_change,7648.0,,211.0,,
StationTank,fuel_level_change,fuel_level_change,7649.0,,211.0,,
Car 152,arrival_departure,arrival,7650.0,,,,
Car 152,queue,pump_queue_wait_begins,7650.0,,,6.0,50.0
StationTank,fuel_level_change,fuel_level_change,7650.0,,211.0,,
StationTank,fuel_level_change,fuel_level_change,7651.0,,211.0,,
StationTank,fuel_level_change,fuel_level_change,7652.0,,211.0,,
StationTank,fuel_level_change,fuel_level_change,7653.0,,211.0,,
StationTank,fuel_level_change,fuel_level_change,7654.0,,211.0,,
StationTank,fuel_level_change,fuel_level_change,7655.0,,211.0,,
StationTank,fuel_level_change,fuel_level_change,7656.0,,211.0,,
StationTank,fuel_level_change,fuel_level_change,7657.0,,211.0,,
StationTank,fuel_level_change,fuel_level_change,7658.0,,211.0,,
StationTank,fuel_level_change,fuel_level_change,7659.0,,211.0,,
StationTank,fuel_level_change,fuel_level_change,7660.0,,211.0,,
Car 135,resource_use_end,payment_ends,7661.0,2.0,,8.0,50.0
Car 135,resource_use,pumping_begins,7661.0,2.0,,8.0,50.0
StationTank,fuel_level_change,fuel_level_change,7661.0,,211.0,,
Car 136,resource_use_end,payment_ends,7662.0,1.0,,22.0,50.0
Car 136,resource_use,pumping_begins,7662.0,1.0,,22.0,50.0
StationTank,fuel_level_change,fuel_level_change,7662.0,,211.0,,
StationTank,fuel_level_change,fuel_level_change,7663.0,,211.0,,
StationTank,fuel_level_change,fuel_level_change,7664.0,,211.0,,
StationTank,fuel_level_change,fuel_level_change,7665.0,,211.0,,
StationTank,fuel_level_change,fuel_level_change,7666.0,,211.0,,
StationTank,fuel_level_change,fuel_level_change,7667.0,,211.0,,
StationTank,fuel_level_change,fuel_level_change,7668.0,,211.0,,
StationTank,fuel_level_change,fuel_level_change,7669.0,,211.0,,
StationTank,fuel_level_change,fuel_level_change,7670.0,,211.0,,
StationTank,fuel_level_change,fuel_level_change,7671.0,,211.0,,
StationTank,fuel_level_change,fuel_level_change,7672.0,,211.0,,
StationTank,fuel_level_change,fuel_level_change,7673.0,,211.0,,
StationTank,fuel_level_change,fuel_level_change,7674.0,,211.0,,
StationTank,fuel_level_change,fuel_level_change,7675.0,,211.0,,
StationTank,fuel_level_change,fuel_level_change,7676.0,,211.0,,
StationTank,fuel_level_change,fuel_level_change,7677.0,,211.0,,
StationTank,fuel_level_change,fuel_level_change,7678.0,,211.0,,
StationTank,fuel_level_change,fuel_level_change,7679.0,,211.0,,
StationTank,fuel_level_change,fuel_level_change,7680.0,,211.0,,
StationTank,fuel_level_change,fuel_level_change,7681.0,,211.0,,
StationTank,fuel_level_change,fuel_level_change,7682.0,,211.0,,
StationTank,fuel_level_change,fuel_level_change,7683.0,,211.0,,
StationTank,fuel_level_change,fuel_level_change,7684.0,,211.0,,
StationTank,fuel_level_change,fuel_level_change,7685.0,,211.0,,
StationTank,fuel_level_change,fuel_level_change,7686.0,,211.0,,
StationTank,fuel_level_change,fuel_level_change,7687.0,,211.0,,
StationTank,fuel_level_change,fuel_level_change,7688.0,,211.0,,
StationTank,fuel_level_change,fuel_level_change,7689.0,,211.0,,
Car 136,resource_use_end,pumping_ends,7690.0,1.0,,22.0,50.0
Car 136,arrival_departure,depart,7690.0,,,,
StationTank,fuel_level_change,fuel_level_change,7690.0,,211.0,,
Car 137,resource_use,payment_begins,7690.0,1.0,,13.0,50.0
StationTank,fuel_level_change,fuel_level_change,7691.0,,174.0,,
StationTank,fuel_level_change,fuel_level_change,7692.0,,174.0,,
StationTank,fuel_level_change,fuel_level_change,7693.0,,174.0,,
StationTank,fuel_level_change,fuel_level_change,7694.0,,174.0,,
StationTank,fuel_level_change,fuel_level_change,7695.0,,174.0,,
StationTank,fuel_level_change,fuel_level_change,7696.0,,174.0,,
StationTank,fuel_level_change,fuel_level_change,7697.0,,174.0,,
StationTank,fuel_level_change,fuel_level_change,7698.0,,174.0,,
StationTank,fuel_level_change,fuel_level_change,7699.0,,174.0,,
StationTank,fuel_level_change,fuel_level_change,7700.0,,174.0,,
StationTank,fuel_level_change,fuel_level_change,7701.0,,174.0,,
StationTank,fuel_level_change,fuel_level_change,7702.0,,174.0,,
Car 135,resource_use_end,pumping_ends,7703.0,2.0,,8.0,50.0
Car 135,arrival_departure,depart,7703.0,,,,
StationTank,fuel_level_change,fuel_level_change,7703.0,,174.0,,
Car 138,resource_use,payment_begins,7703.0,2.0,,24.0,50.0
StationTank,fuel_level_change,fuel_level_change,7704.0,,148.0,,
StationTank,fuel_level_change,fuel_level_change,7705.0,,148.0,,
StationTank,fuel_level_change,fuel_level_change,7706.0,,148.0,,
StationTank,fuel_level_change,fuel_level_change,7707.0,,148.0,,
StationTank,fuel_level_change,fuel_level_change,7708.0,,148.0,,
Call 7,arrival_departure,arrival,7709.0,,,,
Call 7,queue,calling_truck,7709.0,,,,
StationTank,fuel_level_change,fuel_level_change,7709.0,,148.0,,
StationTank,fuel_level_change,fuel_level_change,7710.0,,148.0,,
Car 153,arrival_departure,arrival,7711.0,,,,
Car 153,queue,pump_queue_wait_begins,7711.0,,,12.0,50.0
StationTank,fuel_level_change,fuel_level_change,7711.0,,148.0,,
StationTank,fuel_level_change,fuel_level_change,7712.0,,148.0,,
StationTank,fuel_level_change,fuel_level_change,7713.0,,148.0,,
StationTank,fuel_level_change,fuel_level_change,7714.0,,148.0,,
StationTank,fuel_level_change,fuel_level_change,7715.0,,148.0,,
StationTank,fuel_level_change,fuel_level_change,7716.0,,148.0,,
StationTank,fuel_level_change,fuel_level_change,7717.0,,148.0,,
StationTank,fuel_level_change,fuel_level_change,7718.0,,148.0,,
StationTank,fuel_level_change,fuel_level_change,7719.0,,148.0,,
StationTank,fuel_level_change,fuel_level_change,7720.0,,148.0,,
StationTank,fuel_level_change,fuel_level_change,7721.0,,148.0,,
StationTank,fuel_level_change,fuel_level_change,7722.0,,148.0,,
StationTank,fuel_level_change,fuel_level_change,7723.0,,148.0,,
StationTank,fuel_level_change,fuel_level_change,7724.0,,148.0,,
StationTank,fuel_level_change,fuel_level_change,7725.0,,148.0,,
StationTank,fuel_level_change,fuel_level_change,7726.0,,148.0,,
StationTank,fuel_level_change,fuel_level_change,7727.0,,148.0,,
StationTank,fuel_level_change,fuel_level_change,7728.0,,148.0,,
StationTank,fuel_level_change,fuel_level_change,7729.0,,148.0,,
StationTank,fuel_level_change,fuel_level_change,7730.0,,148.0,,
StationTank,fuel_level_change,fuel_level_change,7731.0,,148.0,,
StationTank,fuel_level_change,fuel_level_change,7732.0,,148.0,,
StationTank,fuel_level_change,fuel_level_change,7733.0,,148.0,,
StationTank,fuel_level_change,fuel_level_change,7734.0,,148.0,,
StationTank,fuel_level_change,fuel_level_change,7735.0,,148.0,,
StationTank,fuel_level_change,fuel_level_change,7736.0,,148.0,,
StationTank,fuel_level_change,fuel_level_change,7737.0,,148.0,,
StationTank,fuel_level_change,fuel_level_change,7738.0,,148.0,,
StationTank,fuel_level_change,fuel_level_change,7739.0,,148.0,,
StationTank,fuel_level_change,fuel_level_change,7740.0,,148.0,,
StationTank,fuel_level_change,fuel_level_change,7741.0,,148.0,,
StationTank,fuel_level_change,fuel_level_change,7742.0,,148.0,,
StationTank,fuel_level_change,fuel_level_change,7743.0,,148.0,,
StationTank,fuel_level_change,fuel_level_change,7744.0,,148.0,,
StationTank,fuel_level_change,fuel_level_change,7745.0,,148.0,,
StationTank,fuel_level_change,fuel_level_change,7746.0,,148.0,,
StationTank,fuel_level_change,fuel_level_change,7747.0,,148.0,,
StationTank,fuel_level_change,fuel_level_change,7748.0,,148.0,,
StationTank,fuel_level_change,fuel_level_change,7749.0,,148.0,,
StationTank,fuel_level_change,fuel_level_change,7750.0,,148.0,,
StationTank,fuel_level_change,fuel_level_change,7751.0,,148.0,,
Car 154,arrival_departure,arrival,7752.0,,,,
Car 154,queue,pump_queue_wait_begins,7752.0,,,16.0,50.0
StationTank,fuel_level_change,fuel_level_change,7752.0,,148.0,,
StationTank,fuel_level_change,fuel_level_change,7753.0,,148.0,,
StationTank,fuel_level_change,fuel_level_change,7754.0,,148.0,,
Car 138,resource_use_end,payment_ends,7755.0,2.0,,24.0,50.0
Car 138,resource_use,pumping_begins,7755.0,2.0,,24.0,50.0
StationTank,fuel_level_change,fuel_level_change,7755.0,,148.0,,
StationTank,fuel_level_change,fuel_level_change,7756.0,,148.0,,
StationTank,fuel_level_change,fuel_level_change,7757.0,,148.0,,
StationTank,fuel_level_change,fuel_level_change,7758.0,,148.0,,
StationTank,fuel_level_change,fuel_level_change,7759.0,,148.0,,
StationTank,fuel_level_change,fuel_level_change,7760.0,,148.0,,
StationTank,fuel_level_change,fuel_level_change,7761.0,,148.0,,
StationTank,fuel_level_change,fuel_level_change,7762.0,,148.0,,
StationTank,fuel_level_change,fuel_level_change,7763.0,,148.0,,
StationTank,fuel_level_change,fuel_level_change,7764.0,,148.0,,
StationTank,fuel_level_change,fuel_level_change,7765.0,,148.0,,
StationTank,fuel_level_change,fuel_level_change,7766.0,,148.0,,
StationTank,fuel_level_change,fuel_level_change,7767.0,,148.0,,
StationTank,fuel_level_change,fuel_level_change,7768.0,,148.0,,
StationTank,fuel_level_change,fuel_level_change,7769.0,,148.0,,
StationTank,fuel_level_change,fuel_level_change,7770.0,,148.0,,
StationTank,fuel_level_change,fuel_level_change,7771.0,,148.0,,
StationTank,fuel_level_change,fuel_level_change,7772.0,,148.0,,
StationTank,fuel_level_change,fuel_level_change,7773.0,,148.0,,
StationTank,fuel_level_change,fuel_level_change,7774.0,,148.0,,
StationTank,fuel_level_change,fuel_level_change,7775.0,,148.0,,
StationTank,fuel_level_change,fuel_level_change,7776.0,,148.0,,
Car 137,resource_use_end,payment_ends,7777.0,1.0,,13.0,50.0
Car 137,resource_use,pumping_begins,7777.0,1.0,,13.0,50.0
StationTank,fuel_level_change,fuel_level_change,7777.0,,148.0,,
StationTank,fuel_level_change,fuel_level_change,7778.0,,148.0,,
StationTank,fuel_level_change,fuel_level_change,7779.0,,148.0,,
Car 155,arrival_departure,arrival,7780.0,,,,
Car 155,queue,pump_queue_wait_begins,7780.0,,,18.0,50.0
StationTank,fuel_level_change,fuel_level_change,7780.0,,148.0,,
Car 138,resource_use_end,pumping_ends,7781.0,2.0,,24.0,50.0
Car 138,arrival_departure,depart,7781.0,,,,
StationTank,fuel_level_change,fuel_level_change,7781.0,,148.0,,
Car 139,resource_use,payment_begins,7781.0,2.0,,15.0,50.0
StationTank,fuel_level_change,fuel_level_change,7782.0,,113.0,,
StationTank,fuel_level_change,fuel_level_change,7783.0,,113.0,,
StationTank,fuel_level_change,fuel_level_change,7784.0,,113.0,,
StationTank,fuel_level_change,fuel_level_change,7785.0,,113.0,,
StationTank,fuel_level_change,fuel_level_change,7786.0,,113.0,,
StationTank,fuel_level_change,fuel_level_change,7787.0,,113.0,,
StationTank,fuel_level_change,fuel_level_change,7788.0,,113.0,,
StationTank,fuel_level_change,fuel_level_change,7789.0,,113.0,,
StationTank,fuel_level_change,fuel_level_change,7790.0,,113.0,,
StationTank,fuel_level_change,fuel_level_change,7791.0,,113.0,,
StationTank,fuel_level_change,fuel_level_change,7792.0,,113.0,,
StationTank,fuel_level_change,fuel_level_change,7793.0,,113.0,,
StationTank,fuel_level_change,fuel_level_change,7794.0,,113.0,,
StationTank,fuel_level_change,fuel_level_change,7795.0,,113.0,,
StationTank,fuel_level_change,fuel_level_change,7796.0,,113.0,,
StationTank,fuel_level_change,fuel_level_change,7797.0,,113.0,,
StationTank,fuel_level_change,fuel_level_change,7798.0,,113.0,,
StationTank,fuel_level_change,fuel_level_change,7799.0,,113.0,,
StationTank,fuel_level_change,fuel_level_change,7800.0,,113.0,,
StationTank,fuel_level_change,fuel_level_change,7801.0,,113.0,,
StationTank,fuel_level_change,fuel_level_change,7802.0,,113.0,,
StationTank,fuel_level_change,fuel_level_change,7803.0,,113.0,,
StationTank,fuel_level_change,fuel_level_change,7804.0,,113.0,,
StationTank,fuel_level_change,fuel_level_change,7805.0,,113.0,,
StationTank,fuel_level_change,fuel_level_change,7806.0,,113.0,,
StationTank,fuel_level_change,fuel_level_change,7807.0,,113.0,,
StationTank,fuel_level_change,fuel_level_change,7808.0,,113.0,,
StationTank,fuel_level_change,fuel_level_change,7809.0,,113.0,,
StationTank,fuel_level_change,fuel_level_change,7810.0,,113.0,,
StationTank,fuel_level_change,fuel_level_change,7811.0,,113.0,,
StationTank,fuel_level_change,fuel_level_change,7812.0,,113.0,,
StationTank,fuel_level_change,fuel_level_change,7813.0,,113.0,,
Car 137,resource_use_end,pumping_ends,7814.0,1.0,,13.0,50.0
Car 137,arrival_departure,depart,7814.0,,,,
StationTank,fuel_level_change,fuel_level_change,7814.0,,113.0,,
Car 140,resource_use,payment_begins,7814.0,1.0,,25.0,50.0
StationTank,fuel_level_change,fuel_level_change,7815.0,,88.0,,
StationTank,fuel_level_change,fuel_level_change,7816.0,,88.0,,
StationTank,fuel_level_change,fuel_level_change,7817.0,,88.0,,
StationTank,fuel_level_change,fuel_level_change,7818.0,,88.0,,
StationTank,fuel_level_change,fuel_level_change,7819.0,,88.0,,
StationTank,fuel_level_change,fuel_level_change,7820.0,,88.0,,
StationTank,fuel_level_change,fuel_level_change,7821.0,,88.0,,
StationTank,fuel_level_change,fuel_level_change,7822.0,,88.0,,
StationTank,fuel_level_change,fuel_level_change,7823.0,,88.0,,
StationTank,fuel_level_change,fuel_level_change,7824.0,,88.0,,
StationTank,fuel_level_change,fuel_level_change,7825.0,,88.0,,
StationTank,fuel_level_change,fuel_level_change,7826.0,,88.0,,
StationTank,fuel_level_change,fuel_level_change,7827.0,,88.0,,
StationTank,fuel_level_change,fuel_level_change,7828.0,,88.0,,
StationTank,fuel_level_change,fuel_level_change,7829.0,,88.0,,
StationTank,fuel_level_change,fuel_level_change,7830.0,,88.0,,
StationTank,fuel_level_change,fuel_level_change,7831.0,,88.0,,
StationTank,fuel_level_change,fuel_level_change,7832.0,,88.0,,
StationTank,fuel_level_change,fuel_level_change,7833.0,,88.0,,
StationTank,fuel_level_change,fuel_level_change,7834.0,,88.0,,
StationTank,fuel_level_change,fuel_level_change,7835.0,,88.0,,
StationTank,fuel_level_change,fuel_level_change,7836.0,,88.0,,
StationTank,fuel_level_change,fuel_level_change,7837.0,,88.0,,
StationTank,fuel_level_change,fuel_level_change,7838.0,,88.0,,
StationTank,fuel_level_change,fuel_level_change,7839.0,,88.0,,
StationTank,fuel_level_change,fuel_level_change,7840.0,,88.0,,
StationTank,fuel_level_change,fuel_level_change,7841.0,,88.0,,
StationTank,fuel_level_change,fuel_level_change,7842.0,,88.0,,
StationTank,fuel_level_change,fuel_level_change,7843.0,,88.0,,
StationTank,fuel_level_change,fuel_level_change,7844.0,,88.0,,
StationTank,fuel_level_change,fuel_level_change,7845.0,,88.0,,
StationTank,fuel_level_change,fuel_level_change,7846.0,,88.0,,
StationTank,fuel_level_change,fuel_level_change,7847.0,,88.0,,
StationTank,fuel_level_change,fuel_level_change,7848.0,,88.0,,
StationTank,fuel_level_change,fuel_level_change,7849.0,,88.0,,
Car 139,resource_use_end,payment_ends,7850.0,2.0,,15.0,50.0
Car 139,resource_use,pumping_begins,7850.0,2.0,,15.0,50.0
StationTank,fuel_level_change,fuel_level_change,7850.0,,88.0,,
StationTank,fuel_level_change,fuel_level_change,7851.0,,88.0,,
StationTank,fuel_level_change,fuel_level_change,7852.0,,88.0,,
StationTank,fuel_level_change,fuel_level_change,7853.0,,88.0,,
StationTank,fuel_level_change,fuel_level_change,7854.0,,88.0,,
StationTank,fuel_level_change,fuel_level_change,7855.0,,88.0,,
StationTank,fuel_level_change,fuel_level_change,7856.0,,88.0,,
StationTank,fuel_level_change,fuel_level_change,7857.0,,88.0,,
StationTank,fuel_level_change,fuel_level_change,7858.0,,88.0,,
StationTank,fuel_level_change,fuel_level_change,7859.0,,88.0,,
StationTank,fuel_level_change,fuel_level_change,7860.0,,88.0,,
StationTank,fuel_level_change,fuel_level_change,7861.0,,88.0,,
StationTank,fuel_level_change,fuel_level_change,7862.0,,88.0,,
StationTank,fuel_level_change,fuel_level_change,7863.0,,88.0,,
StationTank,fuel_level_change,fuel_level_change,7864.0,,88.0,,
StationTank,fuel_level_change,fuel_level_change,7865.0,,88.0,,
Car 156,arrival_departure,arrival,7866.0,,,,
Car 156,queue,pump_queue_wait_begins,7866.0,,,12.0,50.0
StationTank,fuel_level_change,fuel_level_change,7866.0,,88.0,,
StationTank,fuel_level_change,fuel_level_change,7867.0,,88.0,,
StationTank,fuel_level_change,fuel_level_change,7868.0,,88.0,,
StationTank,fuel_level_change,fuel_level_change,7869.0,,88.0,,
StationTank,fuel_level_change,fuel_level_change,7870.0,,88.0,,
StationTank,fuel_level_change,fuel_level_change,7871.0,,88.0,,
StationTank,fuel_level_change,fuel_level_change,7872.0,,88.0,,
StationTank,fuel_level_change,fuel_level_change,7873.0,,88.0,,
StationTank,fuel_level_change,fuel_level_change,7874.0,,88.0,,
StationTank,fuel_level_change,fuel_level_change,7875.0,,88.0,,
StationTank,fuel_level_change,fuel_level_change,7876.0,,88.0,,
StationTank,fuel_level_change,fuel_level_change,7877.0,,88.0,,
StationTank,fuel_level_change,fuel_level_change,7878.0,,88.0,,
StationTank,fuel_level_change,fuel_level_change,7879.0,,88.0,,
StationTank,fuel_level_change,fuel_level_change,7880.0,,88.0,,
StationTank,fuel_level_change,fuel_level_change,7881.0,,88.0,,
StationTank,fuel_level_change,fuel_level_change,7882.0,,88.0,,
StationTank,fuel_level_change,fuel_level_change,7883.0,,88.0,,
StationTank,fuel_level_change,fuel_level_change,7884.0,,88.0,,
Car 139,resource_use_end,pumping_ends,7885.0,2.0,,15.0,50.0
Car 139,arrival_departure,depart,7885.0,,,,
StationTank,fuel_level_change,fuel_level_change,7885.0,,88.0,,
Car 141,resource_use,payment_begins,7885.0,2.0,,21.0,50.0
StationTank,fuel_level_change,fuel_level_change,7886.0,,59.0,,
StationTank,fuel_level_change,fuel_level_change,7887.0,,59.0,,
StationTank,fuel_level_change,fuel_level_change,7888.0,,59.0,,
StationTank,fuel_level_change,fuel_level_change,7889.0,,59.0,,
StationTank,fuel_level_change,fuel_level_change,7890.0,,59.0,,
Car 140,resource_use_end,payment_ends,7891.0,1.0,,25.0,50.0
Car 140,resource_use,pumping_begins,7891.0,1.0,,25.0,50.0
StationTank,fuel_level_change,fuel_level_change,7891.0,,59.0,,
StationTank,fuel_level_change,fuel_level_change,7892.0,,59.0,,
StationTank,fuel_level_change,fuel_level_change,7893.0,,59.0,,
StationTank,fuel_level_change,fuel_level_change,7894.0,,59.0,,
StationTank,fuel_level_change,fuel_level_change,7895.0,,59.0,,
StationTank,fuel_level_change,fuel_level_change,7896.0,,59.0,,
StationTank,fuel_level_change,fuel_level_change,7897.0,,59.0,,
StationTank,fuel_level_change,fuel_level_change,7898.0,,59.0,,
StationTank,fuel_level_change,fuel_level_change,7899.0,,59.0,,
Car 157,arrival_departure,arrival,7900.0,,,,
Car 157,queue,pump_queue_wait_begins,7900.0,,,10.0,50.0
StationTank,fuel_level_change,fuel_level_change,7900.0,,59.0,,
StationTank,fuel_level_change,fuel_level_change,7901.0,,59.0,,
StationTank,fuel_level_change,fuel_level_change,7902.0,,59.0,,
StationTank,fuel_level_change,fuel_level_change,7903.0,,59.0,,
StationTank,fuel_level_change,fuel_level_change,7904.0,,59.0,,
StationTank,fuel_level_change,fuel_level_change,7905.0,,59.0,,
StationTank,fuel_level_change,fuel_level_change,7906.0,,59.0,,
StationTank,fuel_level_change,fuel_level_change,7907.0,,59.0,,
StationTank,fuel_level_change,fuel_level_change,7908.0,,59.0,,
StationTank,fuel_level_change,fuel_level_change,7909.0,,59.0,,
StationTank,fuel_level_change,fuel_level_change,7910.0,,59.0,,
StationTank,fuel_level_change,fuel_level_change,7911.0,,59.0,,
StationTank,fuel_level_change,fuel_level_change,7912.0,,59.0,,
StationTank,fuel_level_change,fuel_level_change,7913.0,,59.0,,
StationTank,fuel_level_change,fuel_level_change,7914.0,,59.0,,
StationTank,fuel_level_change,fuel_level_change,7915.0,,59.0,,
Car 140,resource_use_end,pumping_ends,7916.0,1.0,,25.0,50.0
Car 140,arrival_departure,depart,7916.0,,,,
StationTank,fuel_level_change,fuel_level_change,7916.0,,59.0,,
Car 142,resource_use,payment_begins,7916.0,1.0,,7.0,50.0
StationTank,fuel_level_change,fuel_level_change,7917.0,,16.0,,
StationTank,fuel_level_change,fuel_level_change,7918.0,,16.0,,
StationTank,fuel_level_change,fuel_level_change,7919.0,,16.0,,
StationTank,fuel_level_change,fuel_level_change,7920.0,,16.0,,
StationTank,fuel_level_change,fuel_level_change,7921.0,,16.0,,
StationTank,fuel_level_change,fuel_level_change,7922.0,,16.0,,
StationTank,fuel_level_change,fuel_level_change,7923.0,,16.0,,
StationTank,fuel_level_change,fuel_level_change,7924.0,,16.0,,
StationTank,fuel_level_change,fuel_level_change,7925.0,,16.0,,
StationTank,fuel_level_change,fuel_level_change,7926.0,,16.0,,
StationTank,fuel_level_change,fuel_level_change,7927.0,,16.0,,
StationTank,fuel_level_change,fuel_level_change,7928.0,,16.0,,
StationTank,fuel_level_change,fuel_level_change,7929.0,,16.0,,
StationTank,fuel_level_change,fuel_level_change,7930.0,,16.0,,
StationTank,fuel_level_change,fuel_level_change,7931.0,,16.0,,
StationTank,fuel_level_change,fuel_level_change,7932.0,,16.0,,
StationTank,fuel_level_change,fuel_level_change,7933.0,,16.0,,
StationTank,fuel_level_change,fuel_level_change,7934.0,,16.0,,
Car 158,arrival_departure,arrival,7935.0,,,,
Car 158,queue,pump_queue_wait_begins,7935.0,,,5.0,50.0
StationTank,fuel_level_change,fuel_level_change,7935.0,,16.0,,
StationTank,fuel_level_change,fuel_level_change,7936.0,,16.0,,
StationTank,fuel_level_change,fuel_level_change,7937.0,,16.0,,
StationTank,fuel_level_change,fuel_level_change,7938.0,,16.0,,
StationTank,fuel_level_change,fuel_level_change,7939.0,,16.0,,
StationTank,fuel_level_change,fuel_level_change,7940.0,,16.0,,
StationTank,fuel_level_change,fuel_level_change,7941.0,,16.0,,
StationTank,fuel_level_change,fuel_level_change,7942.0,,16.0,,
StationTank,fuel_level_change,fuel_level_change,7943.0,,16.0,,
StationTank,fuel_level_change,fuel_level_change,7944.0,,16.0,,
StationTank,fuel_level_change,fuel_level_change,7945.0,,16.0,,
StationTank,fuel_level_change,fuel_level_change,7946.0,,16.0,,
StationTank,fuel_level_change,fuel_level_change,7947.0,,16.0,,
StationTank,fuel_level_change,fuel_level_change,7948.0,,16.0,,
StationTank,fuel_level_change,fuel_level_change,7949.0,,16.0,,
StationTank,fuel_level_change,fuel_level_change,7950.0,,16.0,,
StationTank,fuel_level_change,fuel_level_change,7951.0,,16.0,,
StationTank,fuel_level_change,fuel_level_change,7952.0,,16.0,,
StationTank,fuel_level_change,fuel_level_change,7953.0,,16.0,,
StationTank,fuel_level_change,fuel_level_change,7954.0,,16.0,,
StationTank,fuel_level_change,fuel_level_change,7955.0,,16.0,,
StationTank,fuel_level_change,fuel_level_change,7956.0,,16.0,,
StationTank,fuel_level_change,fuel_level_change,7957.0,,16.0,,
StationTank,fuel_level_change,fuel_level_change,7958.0,,16.0,,
StationTank,fuel_level_change,fuel_level_change,7959.0,,16.0,,
StationTank,fuel_level_change,fuel_level_change,7960.0,,16.0,,
StationTank,fuel_level_change,fuel_level_change,7961.0,,16.0,,
StationTank,fuel_level_change,fuel_level_change,7962.0,,16.0,,
StationTank,fuel_level_change,fuel_level_change,7963.0,,16.0,,
StationTank,fuel_level_change,fuel_level_change,7964.0,,16.0,,
StationTank,fuel_level_change,fuel_level_change,7965.0,,16.0,,
StationTank,fuel_level_change,fuel_level_change,7966.0,,16.0,,
StationTank,fuel_level_change,fuel_level_change,7967.0,,16.0,,
StationTank,fuel_level_change,fuel_level_change,7968.0,,16.0,,
StationTank,fuel_level_change,fuel_level_change,7969.0,,16.0,,
Car 141,resource_use_end,payment_ends,7970.0,2.0,,21.0,50.0
Car 141,resource_use,pumping_begins,7970.0,2.0,,21.0,50.0
StationTank,fuel_level_change,fuel_level_change,7970.0,,16.0,,
StationTank,fuel_level_change,fuel_level_change,7971.0,,16.0,,
StationTank,fuel_level_change,fuel_level_change,7972.0,,16.0,,
StationTank,fuel_level_change,fuel_level_change,7973.0,,16.0,,
StationTank,fuel_level_change,fuel_level_change,7974.0,,16.0,,
StationTank,fuel_level_change,fuel_level_change,7975.0,,16.0,,
StationTank,fuel_level_change,fuel_level_change,7976.0,,16.0,,
StationTank,fuel_level_change,fuel_level_change,7977.0,,16.0,,
StationTank,fuel_level_change,fuel_level_change,7978.0,,16.0,,
StationTank,fuel_level_change,fuel_level_change,7979.0,,16.0,,
StationTank,fuel_level_change,fuel_level_change,7980.0,,16.0,,
StationTank,fuel_level_change,fuel_level_change,7981.0,,16.0,,
StationTank,fuel_level_change,fuel_level_change,7982.0,,16.0,,
StationTank,fuel_level_change,fuel_level_change,7983.0,,16.0,,
StationTank,fuel_level_change,fuel_level_change,7984.0,,16.0,,
StationTank,fuel_level_change,fuel_level_change,7985.0,,16.0,,
StationTank,fuel_level_change,fuel_level_change,7986.0,,16.0,,
StationTank,fuel_level_change,fuel_level_change,7987.0,,16.0,,
StationTank,fuel_level_change,fuel_level_change,7988.0,,16.0,,
StationTank,fuel_level_change,fuel_level_change,7989.0,,16.0,,
StationTank,fuel_level_change,fuel_level_change,7990.0,,16.0,,
StationTank,fuel_level_change,fuel_level_change,7991.0,,16.0,,
StationTank,fuel_level_change,fuel_level_change,7992.0,,16.0,,
StationTank,fuel_level_change,fuel_level_change,7993.0,,16.0,,
StationTank,fuel_level_change,fuel_level_change,7994.0,,16.0,,
StationTank,fuel_level_change,fuel_level_change,7995.0,,16.0,,
StationTank,fuel_level_change,fuel_level_change,7996.0,,16.0,,
StationTank,fuel_level_change,fuel_level_change,7997.0,,16.0,,
StationTank,fuel_level_change,fuel_level_change,7998.0,,16.0,,
Car 141,resource_use_end,pumping_ends,7999.0,2.0,,21.0,50.0
Car 141,arrival_departure,depart,7999.0,,,,
StationTank,fuel_level_change,fuel_level_change,7999.0,,16.0,,
StationTank,fuel_level_change,fuel_level_change,8000.0,,16.0,,
StationTank,fuel_level_change,fuel_level_change,8001.0,,16.0,,
Car 142,resource_use_end,payment_ends,8002.0,1.0,,7.0,50.0
Car 142,resource_use,pumping_begins,8002.0,1.0,,7.0,50.0
Car 159,arrival_departure,arrival,8002.0,,,,
Car 159,queue,pump_queue_wait_begins,8002.0,,,15.0,50.0
StationTank,fuel_level_change,fuel_level_change,8002.0,,16.0,,
StationTank,fuel_level_change,fuel_level_change,8003.0,,16.0,,
StationTank,fuel_level_change,fuel_level_change,8004.0,,16.0,,
StationTank,fuel_level_change,fuel_level_change,8005.0,,16.0,,
StationTank,fuel_level_change,fuel_level_change,8006.0,,16.0,,
StationTank,fuel_level_change,fuel_level_change,8007.0,,16.0,,
StationTank,fuel_level_change,fuel_level_change,8008.0,,16.0,,
Call 7,arrival_departure,depart,8009.0,,,,
Truck 7,arrival_departure,arrival,8009.0,,,,
Truck 7,queue,refuelling,8009.0,,,,
StationTank,fuel_level_change,fuel_level_change,8009.0,,16.0,,
StationTank,fuel_level_change,fuel_level_change,8010.0,,26.0,,
StationTank,fuel_level_change,fuel_level_change,8011.0,,36.0,,
StationTank,fuel_level_change,fuel_level_change,8012.0,,46.0,,
Car 143,resource_use,payment_begins,8012.0,2.0,,13.0,50.0
StationTank,fuel_level_change,fuel_level_change,8013.0,,19.0,,
StationTank,fuel_level_change,fuel_level_change,8014.0,,29.0,,
StationTank,fuel_level_change,fuel_level_change,8015.0,,39.0,,
StationTank,fuel_level_change,fuel_level_change,8016.0,,49.0,,
StationTank,fuel_level_change,fuel_level_change,8017.0,,59.0,,
StationTank,fuel_level_change,fuel_level_change,8018.0,,69.0,,
StationTank,fuel_level_change,fuel_level_change,8019.0,,79.0,,
StationTank,fuel_level_change,fuel_level_change,8020.0,,89.0,,
StationTank,fuel_level_change,fuel_level_change,8021.0,,99.0,,
StationTank,fuel_level_change,fuel_level_change,8022.0,,109.0,,
StationTank,fuel_level_change,fuel_level_change,8023.0,,119.0,,
StationTank,fuel_level_change,fuel_level_change,8024.0,,129.0,,
StationTank,fuel_level_change,fuel_level_change,8025.0,,139.0,,
StationTank,fuel_level_change,fuel_level_change,8026.0,,149.0,,
StationTank,fuel_level_change,fuel_level_change,8027.0,,159.0,,
StationTank,fuel_level_change,fuel_level_change,8028.0,,169.0,,
StationTank,fuel_level_change,fuel_level_change,8029.0,,179.0,,
StationTank,fuel_level_change,fuel_level_change,8030.0,,189.0,,
StationTank,fuel_level_change,fuel_level_change,8031.0,,199.0,,
StationTank,fuel_level_change,fuel_level_change,8032.0,,209.0,,
StationTank,fuel_level_change,fuel_level_change,8033.0,,219.0,,
StationTank,fuel_level_change,fuel_level_change,8034.0,,229.0,,
StationTank,fuel_level_change,fuel_level_change,8035.0,,239.0,,
StationTank,fuel_level_change,fuel_level_change,8036.0,,249.0,,
StationTank,fuel_level_change,fuel_level_change,8037.0,,259.0,,
StationTank,fuel_level_change,fuel_level_change,8038.0,,269.0,,
Car 160,arrival_departure,arrival,8039.0,,,,
Car 160,queue,pump_queue_wait_begins,8039.0,,,12.0,50.0
StationTank,fuel_level_change,fuel_level_change,8039.0,,279.0,,
StationTank,fuel_level_change,fuel_level_change,8040.0,,289.0,,
StationTank,fuel_level_change,fuel_level_change,8041.0,,299.0,,
StationTank,fuel_level_change,fuel_level_change,8042.0,,309.0,,
StationTank,fuel_level_change,fuel_level_change,8043.0,,319.0,,
StationTank,fuel_level_change,fuel_level_change,8044.0,,329.0,,
Car 142,resource_use_end,pumping_ends,8045.0,1.0,,7.0,50.0
Car 142,arrival_departure,depart,8045.0,,,,
StationTank,fuel_level_change,fuel_level_change,8045.0,,339.0,,
Car 144,resource_use,payment_begins,8045.0,1.0,,9.0,50.0
StationTank,fuel_level_change,fuel_level_change,8046.0,,308.0,,
StationTank,fuel_level_change,fuel_level_change,8047.0,,318.0,,
StationTank,fuel_level_change,fuel_level_change,8048.0,,328.0,,
StationTank,fuel_level_change,fuel_level_change,8049.0,,338.0,,
StationTank,fuel_level_change,fuel_level_change,8050.0,,348.0,,
StationTank,fuel_level_change,fuel_level_change,8051.0,,358.0,,
StationTank,fuel_level_change,fuel_level_change,8052.0,,368.0,,
StationTank,fuel_level_change,fuel_level_change,8053.0,,378.0,,
StationTank,fuel_level_change,fuel_level_change,8054.0,,388.0,,
StationTank,fuel_level_change,fuel_level_change,8055.0,,398.0,,
StationTank,fuel_level_change,fuel_level_change,8056.0,,408.0,,
StationTank,fuel_level_change,fuel_level_change,8057.0,,418.0,,
StationTank,fuel_level_change,fuel_level_change,8058.0,,428.0,,
StationTank,fuel_level_change,fuel_level_change,8059.0,,438.0,,
StationTank,fuel_level_change,fuel_level_change,8060.0,,448.0,,
StationTank,fuel_level_change,fuel_level_change,8061.0,,458.0,,
StationTank,fuel_level_change,fuel_level_change,8062.0,,468.0,,
StationTank,fuel_level_change,fuel_level_change,8063.0,,478.0,,
StationTank,fuel_level_change,fuel_level_change,8064.0,,488.0,,
StationTank,fuel_level_change,fuel_level_change,8065.0,,498.0,,
StationTank,fuel_level_change,fuel_level_change,8066.0,,508.0,,
StationTank,fuel_level_change,fuel_level_change,8067.0,,518.0,,
StationTank,fuel_level_change,fuel_level_change,8068.0,,528.0,,
StationTank,fuel_level_change,fuel_level_change,8069.0,,538.0,,
StationTank,fuel_level_change,fuel_level_change,8070.0,,548.0,,
StationTank,fuel_level_change,fuel_level_change,8071.0,,558.0,,
StationTank,fuel_level_change,fuel_level_change,8072.0,,568.0,,
StationTank,fuel_level_change,fuel_level_change,8073.0,,578.0,,
Truck 7,arrival_departure,depart,8074.0,,,,
StationTank,fuel_level_change,fuel_level_change,8074.0,,588.0,,
StationTank,fuel_level_change,fuel_level_change,8075.0,,588.0,,
StationTank,fuel_level_change,fuel_level_change,8076.0,,588.0,,
StationTank,fuel_level_change,fuel_level_change,8077.0,,588.0,,
StationTank,fuel_level_change,fuel_level_change,8078.0,,588.0,,
StationTank,fuel_level_change,fuel_level_change,8079.0,,588.0,,
StationTank,fuel_level_change,fuel_level_change,8080.0,,588.0,,
StationTank,fuel_level_change,fuel_level_change,8081.0,,588.0,,
StationTank,fuel_level_change,fuel_level_change,8082.0,,588.0,,
StationTank,fuel_level_change,fuel_level_change,8083.0,,588.0,,
StationTank,fuel_level_change,fuel_level_change,8084.0,,588.0,,
StationTank,fuel_level_change,fuel_level_change,8085.0,,588.0,,
StationTank,fuel_level_change,fuel_level_change,8086.0,,588.0,,
StationTank,fuel_level_change,fuel_level_change,8087.0,,588.0,,
StationTank,fuel_level_change,fuel_level_change,8088.0,,588.0,,
StationTank,fuel_level_change,fuel_level_change,8089.0,,588.0,,
StationTank,fuel_level_change,fuel_level_change,8090.0,,588.0,,
StationTank,fuel_level_change,fuel_level_change,8091.0,,588.0,,
Car 143,resource_use_end,payment_ends,8092.0,2.0,,13.0,50.0
Car 143,resource_use,pumping_begins,8092.0,2.0,,13.0,50.0
Car 144,resource_use_end,payment_ends,8092.0,1.0,,9.0,50.0
Car 144,resource_use,pumping_begins,8092.0,1.0,,9.0,50.0
StationTank,fuel_level_change,fuel_level_change,8092.0,,588.0,,
StationTank,fuel_level_change,fuel_level_change,8093.0,,588.0,,
StationTank,fuel_level_change,fuel_level_change,8094.0,,588.0,,
StationTank,fuel_level_change,fuel_level_change,8095.0,,588.0,,
StationTank,fuel_level_change,fuel_level_change,8096.0,,588.0,,
StationTank,fuel_level_change,fuel_level_change,8097.0,,588.0,,
StationTank,fuel_level_change,fuel_level_change,8098.0,,588.0,,
StationTank,fuel_level_change,fuel_level_change,8099.0,,588.0,,
StationTank,fuel_level_change,fuel_level_change,8100.0,,588.0,,
StationTank,fuel_level_change,fuel_level_change,8101.0,,588.0,,
StationTank,fuel_level_change,fuel_level_change,8102.0,,588.0,,
StationTank,fuel_level_change,fuel_level_change,8103.0,,588.0,,
StationTank,fuel_level_change,fuel_level_change,8104.0,,588.0,,
StationTank,fuel_level_change,fuel_level_change,8105.0,,588.0,,
Car 161,arrival_departure,arrival,8106.0,,,,
Car 161,queue,pump_queue_wait_begins,8106.0,,,8.0,50.0
StationTank,fuel_level_change,fuel_level_change,8106.0,,588.0,,
StationTank,fuel_level_change,fuel_level_change,8107.0,,588.0,,
StationTank,fuel_level_change,fuel_level_change,8108.0,,588.0,,
StationTank,fuel_level_change,fuel_level_change,8109.0,,588.0,,
StationTank,fuel_level_change,fuel_level_change,8110.0,,588.0,,
StationTank,fuel_level_change,fuel_level_change,8111.0,,588.0,,
StationTank,fuel_level_change,fuel_level_change,8112.0,,588.0,,
StationTank,fuel_level_change,fuel_level_change,8113.0,,588.0,,
StationTank,fuel_level_change,fuel_level_change,8114.0,,588.0,,
StationTank,fuel_level_change,fuel_level_change,8115.0,,588.0,,
StationTank,fuel_level_change,fuel_level_change,8116.0,,588.0,,
StationTank,fuel_level_change,fuel_level_change,8117.0,,588.0,,
StationTank,fuel_level_change,fuel_level_change,8118.0,,588.0,,
StationTank,fuel_level_change,fuel_level_change,8119.0,,588.0,,
StationTank,fuel_level_change,fuel_level_change,8120.0,,588.0,,
StationTank,fuel_level_change,fuel_level_change,8121.0,,588.0,,
StationTank,fuel_level_change,fuel_level_change,8122.0,,588.0,,
StationTank,fuel_level_change,fuel_level_change,8123.0,,588.0,,
StationTank,fuel_level_change,fuel_level_change,8124.0,,588.0,,
StationTank,fuel_level_change,fuel_level_change,8125.0,,588.0,,
StationTank,fuel_level_change,fuel_level_change,8126.0,,588.0,,
StationTank,fuel_level_change,fuel_level_change,8127.0,,588.0,,
StationTank,fuel_level_change,fuel_level_change,8128.0,,588.0,,
Car 143,resource_use_end,pumping_ends,8129.0,2.0,,13.0,50.0
Car 143,arrival_departure,depart,8129.0,,,,
StationTank,fuel_level_change,fuel_level_change,8129.0,,588.0,,
Car 145,resource_use,payment_begins,8129.0,2.0,,19.0,50.0
StationTank,fuel_level_change,fuel_level_change,8130.0,,557.0,,
StationTank,fuel_level_change,fuel_level_change,8131.0,,557.0,,
StationTank,fuel_level_change,fuel_level_change,8132.0,,557.0,,
Car 144,resource_use_end,pumping_ends,8133.0,1.0,,9.0,50.0
Car 144,arrival_departure,depart,8133.0,,,,
StationTank,fuel_level_change,fuel_level_change,8133.0,,557.0,,
Car 146,resource_use,payment_begins,8133.0,1.0,,18.0,50.0
StationTank,fuel_level_change,fuel_level_change,8134.0,,525.0,,
StationTank,fuel_level_change,fuel_level_change,8135.0,,525.0,,
StationTank,fuel_level_change,fuel_level_change,8136.0,,525.0,,
StationTank,fuel_level_change,fuel_level_change,8137.0,,525.0,,
StationTank,fuel_level_change,fuel_level_change,8138.0,,525.0,,
StationTank,fuel_level_change,fuel_level_change,8139.0,,525.0,,
StationTank,fuel_level_change,fuel_level_change,8140.0,,525.0,,
Car 162,arrival_departure,arrival,8141.0,,,,
Car 162,queue,pump_queue_wait_begins,8141.0,,,20.0,50.0
StationTank,fuel_level_change,fuel_level_change,8141.0,,525.0,,
StationTank,fuel_level_change,fuel_level_change,8142.0,,525.0,,
StationTank,fuel_level_change,fuel_level_change,8143.0,,525.0,,
StationTank,fuel_level_change,fuel_level_change,8144.0,,525.0,,
StationTank,fuel_level_change,fuel_level_change,8145.0,,525.0,,
StationTank,fuel_level_change,fuel_level_change,8146.0,,525.0,,
StationTank,fuel_level_change,fuel_level_change,8147.0,,525.0,,
StationTank,fuel_level_change,fuel_level_change,8148.0,,525.0,,
StationTank,fuel_level_change,fuel_level_change,8149.0,,525.0,,
StationTank,fuel_level_change,fuel_level_change,8150.0,,525.0,,
StationTank,fuel_level_change,fuel_level_change,8151.0,,525.0,,
StationTank,fuel_level_change,fuel_level_change,8152.0,,525.0,,
StationTank,fuel_level_change,fuel_level_change,8153.0,,525.0,,
StationTank,fuel_level_change,fuel_level_change,8154.0,,525.0,,
StationTank,fuel_level_change,fuel_level_change,8155.0,,525.0,,
StationTank,fuel_level_change,fuel_level_change,8156.0,,525.0,,
StationTank,fuel_level_change,fuel_level_change,8157.0,,525.0,,
StationTank,fuel_level_change,fuel_level_change,8158.0,,525.0,,
StationTank,fuel_level_change,fuel_level_change,8159.0,,525.0,,
Car 163,arrival_departure,arrival,8160.0,,,,
Car 163,queue,pump_queue_wait_begins,8160.0,,,11.0,50.0
StationTank,fuel_level_change,fuel_level_change,8160.0,,525.0,,
StationTank,fuel_level_change,fuel_level_change,8161.0,,525.0,,
StationTank,fuel_level_change,fuel_level_change,8162.0,,525.0,,
StationTank,fuel_level_change,fuel_level_change,8163.0,,525.0,,
StationTank,fuel_level_change,fuel_level_change,8164.0,,525.0,,
StationTank,fuel_level_change,fuel_level_change,8165.0,,525.0,,
StationTank,fuel_level_change,fuel_level_change,8166.0,,525.0,,
StationTank,fuel_level_change,fuel_level_change,8167.0,,525.0,,
StationTank,fuel_level_change,fuel_level_change,8168.0,,525.0,,
StationTank,fuel_level_change,fuel_level_change,8169.0,,525.0,,
StationTank,fuel_level_change,fuel_level_change,8170.0,,525.0,,
StationTank,fuel_level_change,fuel_level_change,8171.0,,525.0,,
StationTank,fuel_level_change,fuel_level_change,8172.0,,525.0,,
StationTank,fuel_level_change,fuel_level_change,8173.0,,525.0,,
StationTank,fuel_level_change,fuel_level_change,8174.0,,525.0,,
StationTank,fuel_level_change,fuel_level_change,8175.0,,525.0,,
StationTank,fuel_level_change,fuel_level_change,8176.0,,525.0,,
StationTank,fuel_level_change,fuel_level_change,8177.0,,525.0,,
StationTank,fuel_level_change,fuel_level_change,8178.0,,525.0,,
StationTank,fuel_level_change,fuel_level_change,8179.0,,525.0,,
StationTank,fuel_level_change,fuel_level_change,8180.0,,525.0,,
StationTank,fuel_level_change,fuel_level_change,8181.0,,525.0,,
StationTank,fuel_level_change,fuel_level_change,8182.0,,525.0,,
Car 145,resource_use_end,payment_ends,8183.0,2.0,,19.0,50.0
Car 145,resource_use,pumping_begins,8183.0,2.0,,19.0,50.0
StationTank,fuel_level_change,fuel_level_change,8183.0,,525.0,,
StationTank,fuel_level_change,fuel_level_change,8184.0,,525.0,,
StationTank,fuel_level_change,fuel_level_change,8185.0,,525.0,,
StationTank,fuel_level_change,fuel_level_change,8186.0,,525.0,,
StationTank,fuel_level_change,fuel_level_change,8187.0,,525.0,,
StationTank,fuel_level_change,fuel_level_change,8188.0,,525.0,,
StationTank,fuel_level_change,fuel_level_change,8189.0,,525.0,,
StationTank,fuel_level_change,fuel_level_change,8190.0,,525.0,,
StationTank,fuel_level_change,fuel_level_change,8191.0,,525.0,,
StationTank,fuel_level_change,fuel_level_change,8192.0,,525.0,,
StationTank,fuel_level_change,fuel_level_change,8193.0,,525.0,,
StationTank,fuel_level_change,fuel_level_change,8194.0,,525.0,,
StationTank,fuel_level_change,fuel_level_change,8195.0,,525.0,,
StationTank,fuel_level_change,fuel_level_change,8196.0,,525.0,,
StationTank,fuel_level_change,fuel_level_change,8197.0,,525.0,,
StationTank,fuel_level_change,fuel_level_change,8198.0,,525.0,,
StationTank,fuel_level_change,fuel_level_change,8199.0,,525.0,,
StationTank,fuel_level_change,fuel_level_change,8200.0,,525.0,,
StationTank,fuel_level_change,fuel_level_change,8201.0,,525.0,,
StationTank,fuel_level_change,fuel_level_change,8202.0,,525.0,,
Car 164,arrival_departure,arrival,8203.0,,,,
Car 164,queue,pump_queue_wait_begins,8203.0,,,16.0,50.0
StationTank,fuel_level_change,fuel_level_change,8203.0,,525.0,,
StationTank,fuel_level_change,fuel_level_change,8204.0,,525.0,,
StationTank,fuel_level_change,fuel_level_change,8205.0,,525.0,,
StationTank,fuel_level_change,fuel_level_change,8206.0,,525.0,,
StationTank,fuel_level_change,fuel_level_change,8207.0,,525.0,,
StationTank,fuel_level_change,fuel_level_change,8208.0,,525.0,,
StationTank,fuel_level_change,fuel_level_change,8209.0,,525.0,,
StationTank,fuel_level_change,fuel_level_change,8210.0,,525.0,,
StationTank,fuel_level_change,fuel_level_change,8211.0,,525.0,,
StationTank,fuel_level_change,fuel_level_change,8212.0,,525.0,,
StationTank,fuel_level_change,fuel_level_change,8213.0,,525.0,,
Car 145,resource_use_end,pumping_ends,8214.0,2.0,,19.0,50.0
Car 145,arrival_departure,depart,8214.0,,,,
StationTank,fuel_level_change,fuel_level_change,8214.0,,525.0,,
Car 147,resource_use,payment_begins,8214.0,2.0,,7.0,50.0
StationTank,fuel_level_change,fuel_level_change,8215.0,,482.0,,
StationTank,fuel_level_change,fuel_level_change,8216.0,,482.0,,
StationTank,fuel_level_change,fuel_level_change,8217.0,,482.0,,
Car 146,resource_use_end,payment_ends,8218.0,1.0,,18.0,50.0
Car 146,resource_use,pumping_begins,8218.0,1.0,,18.0,50.0
StationTank,fuel_level_change,fuel_level_change,8218.0,,482.0,,
StationTank,fuel_level_change,fuel_level_change,8219.0,,482.0,,
StationTank,fuel_level_change,fuel_level_change,8220.0,,482.0,,
StationTank,fuel_level_change,fuel_level_change,8221.0,,482.0,,
StationTank,fuel_level_change,fuel_level_change,8222.0,,482.0,,
StationTank,fuel_level_change,fuel_level_change,8223.0,,482.0,,
StationTank,fuel_level_change,fuel_level_change,8224.0,,482.0,,
StationTank,fuel_level_change,fuel_level_change,8225.0,,482.0,,
StationTank,fuel_level_change,fuel_level_change,8226.0,,482.0,,
StationTank,fuel_level_change,fuel_level_change,8227.0,,482.0,,
StationTank,fuel_level_change,fuel_level_change,8228.0,,482.0,,
StationTank,fuel_level_change,fuel_level_change,8229.0,,482.0,,
StationTank,fuel_level_change,fuel_level_change,8230.0,,482.0,,
StationTank,fuel_level_change,fuel_level_change,8231.0,,482.0,,
StationTank,fuel_level_change,fuel_level_change,8232.0,,482.0,,
StationTank,fuel_level_change,fuel_level_change,8233.0,,482.0,,
StationTank,fuel_level_change,fuel_level_change,8234.0,,482.0,,
StationTank,fuel_level_change,fuel_level_change,8235.0,,482.0,,
StationTank,fuel_level_change,fuel_level_change,8236.0,,482.0,,
StationTank,fuel_level_change,fuel_level_change,8237.0,,482.0,,
StationTank,fuel_level_change,fuel_level_change,8238.0,,482.0,,
StationTank,fuel_level_change,fuel_level_change,8239.0,,482.0,,
StationTank,fuel_level_change,fuel_level_change,8240.0,,482.0,,
StationTank,fuel_level_change,fuel_level_change,8241.0,,482.0,,
StationTank,fuel_level_change,fuel_level_change,8242.0,,482.0,,
StationTank,fuel_level_change,fuel_level_change,8243.0,,482.0,,
StationTank,fuel_level_change,fuel_level_change,8244.0,,482.0,,
StationTank,fuel_level_change,fuel_level_change,8245.0,,482.0,,
StationTank,fuel_level_change,fuel_level_change,8246.0,,482.0,,
StationTank,fuel_level_change,fuel_level_change,8247.0,,482.0,,
StationTank,fuel_level_change,fuel_level_change,8248.0,,482.0,,
StationTank,fuel_level_change,fuel_level_change,8249.0,,482.0,,
Car 146,resource_use_end,pumping_ends,8250.0,1.0,,18.0,50.0
Car 146,arrival_departure,depart,8250.0,,,,
StationTank,fuel_level_change,fuel_level_change,8250.0,,482.0,,
Car 148,resource_use,payment_begins,8250.0,1.0,,22.0,50.0
StationTank,fuel_level_change,fuel_level_change,8251.0,,454.0,,
StationTank,fuel_level_change,fuel_level_change,8252.0,,454.0,,
StationTank,fuel_level_change,fuel_level_change,8253.0,,454.0,,
StationTank,fuel_level_change,fuel_level_change,8254.0,,454.0,,
StationTank,fuel_level_change,fuel_level_change,8255.0,,454.0,,
StationTank,fuel_level_change,fuel_level_change,8256.0,,454.0,,
StationTank,fuel_level_change,fuel_level_change,8257.0,,454.0,,
StationTank,fuel_level_change,fuel_level_change,8258.0,,454.0,,
StationTank,fuel_level_change,fuel_level_change,8259.0,,454.0,,
StationTank,fuel_level_change,fuel_level_change,8260.0,,454.0,,
StationTank,fuel_level_change,fuel_level_change,8261.0,,454.0,,
StationTank,fuel_level_change,fuel_level_change,8262.0,,454.0,,
Car 147,resource_use_end,payment_ends,8263.0,2.0,,7.0,50.0
Car 147,resource_use,pumping_begins,8263.0,2.0,,7.0,50.0
StationTank,fuel_level_change,fuel_level_change,8263.0,,454.0,,
StationTank,fuel_level_change,fuel_level_change,8264.0,,454.0,,
StationTank,fuel_level_change,fuel_level_change,8265.0,,454.0,,
StationTank,fuel_level_change,fuel_level_change,8266.0,,454.0,,
StationTank,fuel_level_change,fuel_level_change,8267.0,,454.0,,
StationTank,fuel_level_change,fuel_level_change,8268.0,,454.0,,
StationTank,fuel_level_change,fuel_level_change,8269.0,,454.0,,
StationTank,fuel_level_change,fuel_level_change,8270.0,,454.0,,
StationTank,fuel_level_change,fuel_level_change,8271.0,,454.0,,
StationTank,fuel_level_change,fuel_level_change,8272.0,,454.0,,
StationTank,fuel_level_change,fuel_level_change,8273.0,,454.0,,
StationTank,fuel_level_change,fuel_level_change,8274.0,,454.0,,
StationTank,fuel_level_change,fuel_level_change,8275.0,,454.0,,
Car 165,arrival_departure,arrival,8276.0,,,,
Car 165,queue,pump_queue_wait_begins,8276.0,,,12.0,50.0
StationTank,fuel_level_change,fuel_level_change,8276.0,,454.0,,
StationTank,fuel_level_change,fuel_level_change,8277.0,,454.0,,
StationTank,fuel_level_change,fuel_level_change,8278.0,,454.0,,
StationTank,fuel_level_change,fuel_level_change,8279.0,,454.0,,
StationTank,fuel_level_change,fuel_level_change,8280.0,,454.0,,
StationTank,fuel_level_change,fuel_level_change,8281.0,,454.0,,
StationTank,fuel_level_change,fuel_level_change,8282.0,,454.0,,
StationTank,fuel_level_change,fuel_level_change,8283.0,,454.0,,
StationTank,fuel_level_change,fuel_level_change,8284.0,,454.0,,
StationTank,fuel_level_change,fuel_level_change,8285.0,,454.0,,
StationTank,fuel_level_change,fuel_level_change,8286.0,,454.0,,
StationTank,fuel_level_change,fuel_level_change,8287.0,,454.0,,
StationTank,fuel_level_change,fuel_level_change,8288.0,,454.0,,
StationTank,fuel_level_change,fuel_level_change,8289.0,,454.0,,
StationTank,fuel_level_change,fuel_level_change,8290.0,,454.0,,
StationTank,fuel_level_change,fuel_level_change,8291.0,,454.0,,
StationTank,fuel_level_change,fuel_level_change,8292.0,,454.0,,
StationTank,fuel_level_change,fuel_level_change,8293.0,,454.0,,
StationTank,fuel_level_change,fuel_level_change,8294.0,,454.0,,
StationTank,fuel_level_change,fuel_level_change,8295.0,,454.0,,
StationTank,fuel_level_change,fuel_level_change,8296.0,,454.0,,
StationTank,fuel_level_change,fuel_level_change,8297.0,,454.0,,
StationTank,fuel_level_change,fuel_level_change,8298.0,,454.0,,
StationTank,fuel_level_change,fuel_level_change,8299.0,,454.0,,
StationTank,fuel_level_change,fuel_level_change,8300.0,,454.0,,
StationTank,fuel_level_change,fuel_level_change,8301.0,,454.0,,
StationTank,fuel_level_change,fuel_level_change,8302.0,,454.0,,
StationTank,fuel_level_change,fuel_level_change,8303.0,,454.0,,
StationTank,fuel_level_change,fuel_level_change,8304.0,,454.0,,
StationTank,fuel_level_change,fuel_level_change,8305.0,,454.0,,
Car 147,resource_use_end,pumping_ends,8306.0,2.0,,7.0,50.0
Car 147,arrival_departure,depart,8306.0,,,,
StationTank,fuel_level_change,fuel_level_change,8306.0,,454.0,,
Car 149,resource_use,payment_begins,8306.0,2.0,,23.0,50.0
StationTank,fuel_level_change,fuel_level_change,8307.0,,427.0,,
StationTank,fuel_level_change,fuel_level_change,8308.0,,427.0,,
StationTank,fuel_level_change,fuel_level_change,8309.0,,427.0,,
StationTank,fuel_level_change,fuel_level_change,8310.0,,427.0,,
StationTank,fuel_level_change,fuel_level_change,8311.0,,427.0,,
StationTank,fuel_level_change,fuel_level_change,8312.0,,427.0,,
StationTank,fuel_level_change,fuel_level_change,8313.0,,427.0,,
StationTank,fuel_level_change,fuel_level_change,8314.0,,427.0,,
StationTank,fuel_level_change,fuel_level_change,8315.0,,427.0,,
StationTank,fuel_level_change,fuel_level_change,8316.0,,427.0,,
StationTank,fuel_level_change,fuel_level_change,8317.0,,427.0,,
StationTank,fuel_level_change,fuel_level_change,8318.0,,427.0,,
StationTank,fuel_level_change,fuel_level_change,8319.0,,427.0,,
Car 166,arrival_departure,arrival,8320.0,,,,
Car 166,queue,pump_queue_wait_begins,8320.0,,,17.0,50.0
StationTank,fuel_level_change,fuel_level_change,8320.0,,427.0,,
StationTank,fuel_level_change,fuel_level_change,8321.0,,427.0,,
StationTank,fuel_level_change,fuel_level_change,8322.0,,427.0,,
StationTank,fuel_level_change,fuel_level_change,8323.0,,427.0,,
StationTank,fuel_level_change,fuel_level_change,8324.0,,427.0,,
StationTank,fuel_level_change,fuel_level_change,8325.0,,427.0,,
StationTank,fuel_level_change,fuel_level_change,8326.0,,427.0,,
StationTank,fuel_level_change,fuel_level_change,8327.0,,427.0,,
StationTank,fuel_level_change,fuel_level_change,8328.0,,427.0,,
StationTank,fuel_level_change,fuel_level_change,8329.0,,427.0,,
StationTank,fuel_level_change,fuel_level_change,8330.0,,427.0,,
StationTank,fuel_level_change,fuel_level_change,8331.0,,427.0,,
Car 148,resource_use_end,payment_ends,8332.0,1.0,,22.0,50.0
Car 148,resource_use,pumping_begins,8332.0,1.0,,22.0,50.0
StationTank,fuel_level_change,fuel_level_change,8332.0,,427.0,,
StationTank,fuel_level_change,fuel_level_change,8333.0,,427.0,,
StationTank,fuel_level_change,fuel_level_change,8334.0,,427.0,,
StationTank,fuel_level_change,fuel_level_change,8335.0,,427.0,,
StationTank,fuel_level_change,fuel_level_change,8336.0,,427.0,,
Car 149,resource_use_end,payment_ends,8337.0,2.0,,23.0,50.0
Car 149,resource_use,pumping_begins,8337.0,2.0,,23.0,50.0
StationTank,fuel_level_change,fuel_level_change,8337.0,,427.0,,
StationTank,fuel_level_change,fuel_level_change,8338.0,,427.0,,
StationTank,fuel_level_change,fuel_level_change,8339.0,,427.0,,
StationTank,fuel_level_change,fuel_level_change,8340.0,,427.0,,
StationTank,fuel_level_change,fuel_level_change,8341.0,,427.0,,
StationTank,fuel_level_change,fuel_level_change,8342.0,,427.0,,
StationTank,fuel_level_change,fuel_level_change,8343.0,,427.0,,
StationTank,fuel_level_change,fuel_level_change,8344.0,,427.0,,
StationTank,fuel_level_change,fuel_level_change,8345.0,,427.0,,
StationTank,fuel_level_change,fuel_level_change,8346.0,,427.0,,
StationTank,fuel_level_change,fuel_level_change,8347.0,,427.0,,
StationTank,fuel_level_change,fuel_level_change,8348.0,,427.0,,
StationTank,fuel_level_change,fuel_level_change,8349.0,,427.0,,
StationTank,fuel_level_change,fuel_level_change,8350.0,,427.0,,
StationTank,fuel_level_change,fuel_level_change,8351.0,,427.0,,
StationTank,fuel_level_change,fuel_level_change,8352.0,,427.0,,
StationTank,fuel_level_change,fuel_level_change,8353.0,,427.0,,
StationTank,fuel_level_change,fuel_level_change,8354.0,,427.0,,
StationTank,fuel_level_change,fuel_level_change,8355.0,,427.0,,
StationTank,fuel_level_change,fuel_level_change,8356.0,,427.0,,
StationTank,fuel_level_change,fuel_level_change,8357.0,,427.0,,
StationTank,fuel_level_change,fuel_level_change,8358.0,,427.0,,
Car 167,arrival_departure,arrival,8359.0,,,,
Car 167,queue,pump_queue_wait_begins,8359.0,,,13.0,50.0
StationTank,fuel_level_change,fuel_level_change,8359.0,,427.0,,
Car 148,resource_use_end,pumping_ends,8360.0,1.0,,22.0,50.0
Car 148,arrival_departure,depart,8360.0,,,,
StationTank,fuel_level_change,fuel_level_change,8360.0,,427.0,,
Car 150,resource_use,payment_begins,8360.0,1.0,,18.0,50.0
StationTank,fuel_level_change,fuel_level_change,8361.0,,395.0,,
StationTank,fuel_level_change,fuel_level_change,8362.0,,395.0,,
StationTank,fuel_level_change,fuel_level_change,8363.0,,395.0,,
Car 149,resource_use_end,pumping_ends,8364.0,2.0,,23.0,50.0
Car 149,arrival_departure,depart,8364.0,,,,
StationTank,fuel_level_change,fuel_level_change,8364.0,,395.0,,
Car 151,resource_use,payment_begins,8364.0,2.0,,14.0,50.0
StationTank,fuel_level_change,fuel_level_change,8365.0,,359.0,,
StationTank,fuel_level_change,fuel_level_change,8366.0,,359.0,,
StationTank,fuel_level_change,fuel_level_change,8367.0,,359.0,,
StationTank,fuel_level_change,fuel_level_change,8368.0,,359.0,,
StationTank,fuel_level_change,fuel_level_change,8369.0,,359.0,,
StationTank,fuel_level_change,fuel_level_change,8370.0,,359.0,,
StationTank,fuel_level_change,fuel_level_change,8371.0,,359.0,,
StationTank,fuel_level_change,fuel_level_change,8372.0,,359.0,,
StationTank,fuel_level_change,fuel_level_change,8373.0,,359.0,,
StationTank,fuel_level_change,fuel_level_change,8374.0,,359.0,,
StationTank,fuel_level_change,fuel_level_change,8375.0,,359.0,,
StationTank,fuel_level_change,fuel_level_change,8376.0,,359.0,,
StationTank,fuel_level_change,fuel_level_change,8377.0,,359.0,,
StationTank,fuel_level_change,fuel_level_change,8378.0,,359.0,,
StationTank,fuel_level_change,fuel_level_change,8379.0,,359.0,,
StationTank,fuel_level_change,fuel_level_change,8380.0,,359.0,,
StationTank,fuel_level_change,fuel_level_change,8381.0,,359.0,,
StationTank,fuel_level_change,fuel_level_change,8382.0,,359.0,,
StationTank,fuel_level_change,fuel_level_change,8383.0,,359.0,,
StationTank,fuel_level_change,fuel_level_change,8384.0,,359.0,,
StationTank,fuel_level_change,fuel_level_change,8385.0,,359.0,,
StationTank,fuel_level_change,fuel_level_change,8386.0,,359.0,,
StationTank,fuel_level_change,fuel_level_change,8387.0,,359.0,,
StationTank,fuel_level_change,fuel_level_change,8388.0,,359.0,,
StationTank,fuel_level_change,fuel_level_change,8389.0,,359.0,,
StationTank,fuel_level_change,fuel_level_change,8390.0,,359.0,,
StationTank,fuel_level_change,fuel_level_change,8391.0,,359.0,,
StationTank,fuel_level_change,fuel_level_change,8392.0,,359.0,,
StationTank,fuel_level_change,fuel_level_change,8393.0,,359.0,,
StationTank,fuel_level_change,fuel_level_change,8394.0,,359.0,,
StationTank,fuel_level_change,fuel_level_change,8395.0,,359.0,,
StationTank,fuel_level_change,fuel_level_change,8396.0,,359.0,,
StationTank,fuel_level_change,fuel_level_change,8397.0,,359.0,,
Car 151,resource_use_end,payment_ends,8398.0,2.0,,14.0,50.0
Car 151,resource_use,pumping_begins,8398.0,2.0,,14.0,50.0
StationTank,fuel_level_change,fuel_level_change,8398.0,,359.0,,
StationTank,fuel_level_change,fuel_level_change,8399.0,,359.0,,
StationTank,fuel_level_change,fuel_level_change,8400.0,,359.0,,
StationTank,fuel_level_change,fuel_level_change,8401.0,,359.0,,
StationTank,fuel_level_change,fuel_level_change,8402.0,,359.0,,
StationTank,fuel_level_change,fuel_level_change,8403.0,,359.0,,
StationTank,fuel_level_change,fuel_level_change,8404.0,,359.0,,
StationTank,fuel_level_change,fuel_level_change,8405.0,,359.0,,
StationTank,fuel_level_change,fuel_level_change,8406.0,,359.0,,
StationTank,fuel_level_change,fuel_level_change,8407.0,,359.0,,
StationTank,fuel_level_change,fuel_level_change,8408.0,,359.0,,
StationTank,fuel_level_change,fuel_level_change,8409.0,,359.0,,
StationTank,fuel_level_change,fuel_level_change,8410.0,,359.0,,
StationTank,fuel_level_change,fuel_level_change,8411.0,,359.0,,
StationTank,fuel_level_change,fuel_level_change,8412.0,,359.0,,
StationTank,fuel_level_change,fuel_level_change,8413.0,,359.0,,
StationTank,fuel_level_change,fuel_level_change,8414.0,,359.0,,
StationTank,fuel_level_change,fuel_level_change,8415.0,,359.0,,
Car 168,arrival_departure,arrival,8416.0,,,,
Car 168,queue,pump_queue_wait_begins,8416.0,,,16.0,50.0
StationTank,fuel_level_change,fuel_level_change,8416.0,,359.0,,
StationTank,fuel_level_change,fuel_level_change,8417.0,,359.0,,
StationTank,fuel_level_change,fuel_level_change,8418.0,,359.0,,
StationTank,fuel_level_change,fuel_level_change,8419.0,,359.0,,
StationTank,fuel_level_change,fuel_level_change,8420.0,,359.0,,
StationTank,fuel_level_change,fuel_level_change,8421.0,,359.0,,
StationTank,fuel_level_change,fuel_level_change,8422.0,,359.0,,
StationTank,fuel_level_change,fuel_level_change,8423.0,,359.0,,
StationTank,fuel_level_change,fuel_level_change,8424.0,,359.0,,
StationTank,fuel_level_change,fuel_level_change,8425.0,,359.0,,
StationTank,fuel_level_change,fuel_level_change,8426.0,,359.0,,
StationTank,fuel_level_change,fuel_level_change,8427.0,,359.0,,
StationTank,fuel_level_change,fuel_level_change,8428.0,,359.0,,
StationTank,fuel_level_change,fuel_level_change,8429.0,,359.0,,
StationTank,fuel_level_change,fuel_level_change,8430.0,,359.0,,
StationTank,fuel_level_change,fuel_level_change,8431.0,,359.0,,
StationTank,fuel_level_change,fuel_level_change,8432.0,,359.0,,
StationTank,fuel_level_change,fuel_level_change,8433.0,,359.0,,
Car 151,resource_use_end,pumping_ends,8434.0,2.0,,14.0,50.0
Car 151,arrival_departure,depart,8434.0,,,,
StationTank,fuel_level_change,fuel_level_change,8434.0,,359.0,,
Car 152,resource_use,payment_begins,8434.0,2.0,,6.0,50.0
StationTank,fuel_level_change,fuel_level_change,8435.0,,315.0,,
StationTank,fuel_level_change,fuel_level_change,8436.0,,315.0,,
StationTank,fuel_level_change,fuel_level_change,8437.0,,315.0,,
StationTank,fuel_level_change,fuel_level_change,8438.0,,315.0,,
StationTank,fuel_level_change,fuel_level_change,8439.0,,315.0,,
StationTank,fuel_level_change,fuel_level_change,8440.0,,315.0,,
StationTank,fuel_level_change,fuel_level_change,8441.0,,315.0,,
StationTank,fuel_level_change,fuel_level_change,8442.0,,315.0,,
StationTank,fuel_level_change,fuel_level_change,8443.0,,315.0,,
StationTank,fuel_level_change,fuel_level_change,8444.0,,315.0,,
Car 150,resource_use_end,payment_ends,8445.0,1.0,,18.0,50.0
Car 150,resource_use,pumping_begins,8445.0,1.0,,18.0,50.0
StationTank,fuel_level_change,fuel_level_change,8445.0,,315.0,,
StationTank,fuel_level_change,fuel_level_change,8446.0,,315.0,,
StationTank,fuel_level_change,fuel_level_change,8447.0,,315.0,,
StationTank,fuel_level_change,fuel_level_change,8448.0,,315.0,,
StationTank,fuel_level_change,fuel_level_change,8449.0,,315.0,,
StationTank,fuel_level_change,fuel_level_change,8450.0,,315.0,,
StationTank,fuel_level_change,fuel_level_change,8451.0,,315.0,,
StationTank,fuel_level_change,fuel_level_change,8452.0,,315.0,,
StationTank,fuel_level_change,fuel_level_change,8453.0,,315.0,,
StationTank,fuel_level_change,fuel_level_change,8454.0,,315.0,,
StationTank,fuel_level_change,fuel_level_change,8455.0,,315.0,,
StationTank,fuel_level_change,fuel_level_change,8456.0,,315.0,,
StationTank,fuel_level_change,fuel_level_change,8457.0,,315.0,,
StationTank,fuel_level_change,fuel_level_change,8458.0,,315.0,,
StationTank,fuel_level_change,fuel_level_change,8459.0,,315.0,,
StationTank,fuel_level_change,fuel_level_change,8460.0,,315.0,,
StationTank,fuel_level_change,fuel_level_change,8461.0,,315.0,,
StationTank,fuel_level_change,fuel_level_change,8462.0,,315.0,,
StationTank,fuel_level_change,fuel_level_change,8463.0,,315.0,,
StationTank,fuel_level_change,fuel_level_change,8464.0,,315.0,,
StationTank,fuel_level_change,fuel_level_change,8465.0,,315.0,,
Car 169,arrival_departure,arrival,8466.0,,,,
Car 169,queue,pump_queue_wait_begins,8466.0,,,17.0,50.0
StationTank,fuel_level_change,fuel_level_change,8466.0,,315.0,,
StationTank,fuel_level_change,fuel_level_change,8467.0,,315.0,,
StationTank,fuel_level_change,fuel_level_change,8468.0,,315.0,,
StationTank,fuel_level_change,fuel_level_change,8469.0,,315.0,,
StationTank,fuel_level_change,fuel_level_change,8470.0,,315.0,,
StationTank,fuel_level_change,fuel_level_change,8471.0,,315.0,,
StationTank,fuel_level_change,fuel_level_change,8472.0,,315.0,,
StationTank,fuel_level_change,fuel_level_change,8473.0,,315.0,,
StationTank,fuel_level_change,fuel_level_change,8474.0,,315.0,,
StationTank,fuel_level_change,fuel_level_change,8475.0,,315.0,,
StationTank,fuel_level_change,fuel_level_change,8476.0,,315.0,,
Car 150,resource_use_end,pumping_ends,8477.0,1.0,,18.0,50.0
Car 150,arrival_departure,depart,8477.0,,,,
StationTank,fuel_level_change,fuel_level_change,8477.0,,315.0,,
Car 153,resource_use,payment_begins,8477.0,1.0,,12.0,50.0
StationTank,fuel_level_change,fuel_level_change,8478.0,,277.0,,
StationTank,fuel_level_change,fuel_level_change,8479.0,,277.0,,
StationTank,fuel_level_change,fuel_level_change,8480.0,,277.0,,
StationTank,fuel_level_change,fuel_level_change,8481.0,,277.0,,
StationTank,fuel_level_change,fuel_level_change,8482.0,,277.0,,
StationTank,fuel_level_change,fuel_level_change,8483.0,,277.0,,
StationTank,fuel_level_change,fuel_level_change,8484.0,,277.0,,
StationTank,fuel_level_change,fuel_level_change,8485.0,,277.0,,
StationTank,fuel_level_change,fuel_level_change,8486.0,,277.0,,
StationTank,fuel_level_change,fuel_level_change,8487.0,,277.0,,
StationTank,fuel_level_change,fuel_level_change,8488.0,,277.0,,
StationTank,fuel_level_change,fuel_level_change,8489.0,,277.0,,
StationTank,fuel_level_change,fuel_level_change,8490.0,,277.0,,
StationTank,fuel_level_change,fuel_level_change,8491.0,,277.0,,
StationTank,fuel_level_change,fuel_level_change,8492.0,,277.0,,
StationTank,fuel_level_change,fuel_level_change,8493.0,,277.0,,
StationTank,fuel_level_change,fuel_level_change,8494.0,,277.0,,
StationTank,fuel_level_change,fuel_level_change,8495.0,,277.0,,
StationTank,fuel_level_change,fuel_level_change,8496.0,,277.0,,
StationTank,fuel_level_change,fuel_level_change,8497.0,,277.0,,
StationTank,fuel_level_change,fuel_level_change,8498.0,,277.0,,
StationTank,fuel_level_change,fuel_level_change,8499.0,,277.0,,
StationTank,fuel_level_change,fuel_level_change,8500.0,,277.0,,
StationTank,fuel_level_change,fuel_level_change,8501.0,,277.0,,
StationTank,fuel_level_change,fuel_level_change,8502.0,,277.0,,
StationTank,fuel_level_change,fuel_level_change,8503.0,,277.0,,
StationTank,fuel_level_change,fuel_level_change,8504.0,,277.0,,
Car 152,resource_use_end,payment_ends,8505.0,2.0,,6.0,50.0
Car 152,resource_use,pumping_begins,8505.0,2.0,,6.0,50.0
StationTank,fuel_level_change,fuel_level_change,8505.0,,277.0,,
StationTank,fuel_level_change,fuel_level_change,8506.0,,277.0,,
StationTank,fuel_level_change,fuel_level_change,8507.0,,277.0,,
StationTank,fuel_level_change,fuel_level_change,8508.0,,277.0,,
StationTank,fuel_level_change,fuel_level_change,8509.0,,277.0,,
StationTank,fuel_level_change,fuel_level_change,8510.0,,277.0,,
StationTank,fuel_level_change,fuel_level_change,8511.0,,277.0,,
StationTank,fuel_level_change,fuel_level_change,8512.0,,277.0,,
StationTank,fuel_level_change,fuel_level_change,8513.0,,277.0,,
StationTank,fuel_level_change,fuel_level_change,8514.0,,277.0,,
StationTank,fuel_level_change,fuel_level_change,8515.0,,277.0,,
StationTank,fuel_level_change,fuel_level_change,8516.0,,277.0,,
StationTank,fuel_level_change,fuel_level_change,8517.0,,277.0,,
StationTank,fuel_level_change,fuel_level_change,8518.0,,277.0,,
StationTank,fuel_level_change,fuel_level_change,8519.0,,277.0,,
StationTank,fuel_level_change,fuel_level_change,8520.0,,277.0,,
StationTank,fuel_level_change,fuel_level_change,8521.0,,277.0,,
StationTank,fuel_level_change,fuel_level_change,8522.0,,277.0,,
StationTank,fuel_level_change,fuel_level_change,8523.0,,277.0,,
StationTank,fuel_level_change,fuel_level_change,8524.0,,277.0,,
StationTank,fuel_level_change,fuel_level_change,8525.0,,277.0,,
StationTank,fuel_level_change,fuel_level_change,8526.0,,277.0,,
StationTank,fuel_level_change,fuel_level_change,8527.0,,277.0,,
StationTank,fuel_level_change,fuel_level_change,8528.0,,277.0,,
StationTank,fuel_level_change,fuel_level_change,8529.0,,277.0,,
StationTank,fuel_level_change,fuel_level_change,8530.0,,277.0,,
StationTank,fuel_level_change,fuel_level_change,8531.0,,277.0,,
StationTank,fuel_level_change,fuel_level_change,8532.0,,277.0,,
StationTank,fuel_level_change,fuel_level_change,8533.0,,277.0,,
StationTank,fuel_level_change,fuel_level_change,8534.0,,277.0,,
StationTank,fuel_level_change,fuel_level_change,8535.0,,277.0,,
StationTank,fuel_level_change,fuel_level_change,8536.0,,277.0,,
StationTank,fuel_level_change,fuel_level_change,8537.0,,277.0,,
StationTank,fuel_level_change,fuel_level_change,8538.0,,277.0,,
StationTank,fuel_level_change,fuel_level_change,8539.0,,277.0,,
StationTank,fuel_level_change,fuel_level_change,8540.0,,277.0,,
StationTank,fuel_level_change,fuel_level_change,8541.0,,277.0,,
StationTank,fuel_level_change,fuel_level_change,8542.0,,277.0,,
StationTank,fuel_level_change,fuel_level_change,8543.0,,277.0,,
StationTank,fuel_level_change,fuel_level_change,8544.0,,277.0,,
StationTank,fuel_level_change,fuel_level_change,8545.0,,277.0,,
Car 170,arrival_departure,arrival,8546.0,,,,
Car 170,queue,pump_queue_wait_begins,8546.0,,,15.0,50.0
StationTank,fuel_level_change,fuel_level_change,8546.0,,277.0,,
StationTank,fuel_level_change,fuel_level_change,8547.0,,277.0,,
StationTank,fuel_level_change,fuel_level_change,8548.0,,277.0,,
Car 152,resource_use_end,pumping_ends,8549.0,2.0,,6.0,50.0
Car 152,arrival_departure,depart,8549.0,,,,
StationTank,fuel_level_change,fuel_level_change,8549.0,,277.0,,
Car 154,resource_use,payment_begins,8549.0,2.0,,16.0,50.0
Car 153,resource_use_end,payment_ends,8550.0,1.0,,12.0,50.0
Car 153,resource_use,pumping_begins,8550.0,1.0,,12.0,50.0
StationTank,fuel_level_change,fuel_level_change,8550.0,,243.0,,
StationTank,fuel_level_change,fuel_level_change,8551.0,,243.0,,
StationTank,fuel_level_change,fuel_level_change,8552.0,,243.0,,
StationTank,fuel_level_change,fuel_level_change,8553.0,,243.0,,
StationTank,fuel_level_change,fuel_level_change,8554.0,,243.0,,
StationTank,fuel_level_change,fuel_level_change,8555.0,,243.0,,
StationTank,fuel_level_change,fuel_level_change,8556.0,,243.0,,
StationTank,fuel_level_change,fuel_level_change,8557.0,,243.0,,
StationTank,fuel_level_change,fuel_level_change,8558.0,,243.0,,
StationTank,fuel_level_change,fuel_level_change,8559.0,,243.0,,
StationTank,fuel_level_change,fuel_level_change,8560.0,,243.0,,
StationTank,fuel_level_change,fuel_level_change,8561.0,,243.0,,
StationTank,fuel_level_change,fuel_level_change,8562.0,,243.0,,
StationTank,fuel_level_change,fuel_level_change,8563.0,,243.0,,
StationTank,fuel_level_change,fuel_level_change,8564.0,,243.0,,
StationTank,fuel_level_change,fuel_level_change,8565.0,,243.0,,
StationTank,fuel_level_change,fuel_level_change,8566.0,,243.0,,
StationTank,fuel_level_change,fuel_level_change,8567.0,,243.0,,
StationTank,fuel_level_change,fuel_level_change,8568.0,,243.0,,
StationTank,fuel_level_change,fuel_level_change,8569.0,,243.0,,
StationTank,fuel_level_change,fuel_level_change,8570.0,,243.0,,
StationTank,fuel_level_change,fuel_level_change,8571.0,,243.0,,
StationTank,fuel_level_change,fuel_level_change,8572.0,,243.0,,
StationTank,fuel_level_change,fuel_level_change,8573.0,,243.0,,
StationTank,fuel_level_change,fuel_level_change,8574.0,,243.0,,
StationTank,fuel_level_change,fuel_level_change,8575.0,,243.0,,
StationTank,fuel_level_change,fuel_level_change,8576.0,,243.0,,
StationTank,fuel_level_change,fuel_level_change,8577.0,,243.0,,
StationTank,fuel_level_change,fuel_level_change,8578.0,,243.0,,
StationTank,fuel_level_change,fuel_level_change,8579.0,,243.0,,
StationTank,fuel_level_change,fuel_level_change,8580.0,,243.0,,
StationTank,fuel_level_change,fuel_level_change,8581.0,,243.0,,
StationTank,fuel_level_change,fuel_level_change,8582.0,,243.0,,
StationTank,fuel_level_change,fuel_level_change,8583.0,,243.0,,
StationTank,fuel_level_change,fuel_level_change,8584.0,,243.0,,
StationTank,fuel_level_change,fuel_level_change,8585.0,,243.0,,
StationTank,fuel_level_change,fuel_level_change,8586.0,,243.0,,
StationTank,fuel_level_change,fuel_level_change,8587.0,,243.0,,
Car 153,resource_use_end,pumping_ends,8588.0,1.0,,12.0,50.0
Car 153,arrival_departure,depart,8588.0,,,,
StationTank,fuel_level_change,fuel_level_change,8588.0,,243.0,,
Car 155,resource_use,payment_begins,8588.0,1.0,,18.0,50.0
StationTank,fuel_level_change,fuel_level_change,8589.0,,211.0,,
StationTank,fuel_level_change,fuel_level_change,8590.0,,211.0,,
StationTank,fuel_level_change,fuel_level_change,8591.0,,211.0,,
StationTank,fuel_level_change,fuel_level_change,8592.0,,211.0,,
StationTank,fuel_level_change,fuel_level_change,8593.0,,211.0,,
StationTank,fuel_level_change,fuel_level_change,8594.0,,211.0,,
StationTank,fuel_level_change,fuel_level_change,8595.0,,211.0,,
StationTank,fuel_level_change,fuel_level_change,8596.0,,211.0,,
StationTank,fuel_level_change,fuel_level_change,8597.0,,211.0,,
StationTank,fuel_level_change,fuel_level_change,8598.0,,211.0,,
StationTank,fuel_level_change,fuel_level_change,8599.0,,211.0,,
StationTank,fuel_level_change,fuel_level_change,8600.0,,211.0,,
StationTank,fuel_level_change,fuel_level_change,8601.0,,211.0,,
StationTank,fuel_level_change,fuel_level_change,8602.0,,211.0,,
StationTank,fuel_level_change,fuel_level_change,8603.0,,211.0,,
StationTank,fuel_level_change,fuel_level_change,8604.0,,211.0,,
StationTank,fuel_level_change,fuel_level_change,8605.0,,211.0,,
StationTank,fuel_level_change,fuel_level_change,8606.0,,211.0,,
StationTank,fuel_level_change,fuel_level_change,8607.0,,211.0,,
StationTank,fuel_level_change,fuel_level_change,8608.0,,211.0,,
StationTank,fuel_level_change,fuel_level_change,8609.0,,211.0,,
StationTank,fuel_level_change,fuel_level_change,8610.0,,211.0,,
StationTank,fuel_level_change,fuel_level_change,8611.0,,211.0,,
StationTank,fuel_level_change,fuel_level_change,8612.0,,211.0,,
StationTank,fuel_level_change,fuel_level_change,8613.0,,211.0,,
StationTank,fuel_level_change,fuel_level_change,8614.0,,211.0,,
StationTank,fuel_level_change,fuel_level_change,8615.0,,211.0,,
StationTank,fuel_level_change,fuel_level_change,8616.0,,211.0,,
StationTank,fuel_level_change,fuel_level_change,8617.0,,211.0,,
StationTank,fuel_level_change,fuel_level_change,8618.0,,211.0,,
Car 155,resource_use_end,payment_ends,8619.0,1.0,,18.0,50.0
Car 155,resource_use,pumping_begins,8619.0,1.0,,18.0,50.0
StationTank,fuel_level_change,fuel_level_change,8619.0,,211.0,,
StationTank,fuel_level_change,fuel_level_change,8620.0,,211.0,,
StationTank,fuel_level_change,fuel_level_change,8621.0,,211.0,,
StationTank,fuel_level_change,fuel_level_change,8622.0,,211.0,,
StationTank,fuel_level_change,fuel_level_change,8623.0,,211.0,,
StationTank,fuel_level_change,fuel_level_change,8624.0,,211.0,,
StationTank,fuel_level_change,fuel_level_change,8625.0,,211.0,,
StationTank,fuel_level_change,fuel_level_change,8626.0,,211.0,,
StationTank,fuel_level_change,fuel_level_change,8627.0,,211.0,,
StationTank,fuel_level_change,fuel_level_change,8628.0,,211.0,,
Car 171,arrival_departure,arrival,8629.0,,,,
Car 171,queue,pump_queue_wait_begins,8629.0,,,13.0,50.0
StationTank,fuel_level_change,fuel_level_change,8629.0,,211.0,,
StationTank,fuel_level_change,fuel_level_change,8630.0,,211.0,,
StationTank,fuel_level_change,fuel_level_change,8631.0,,211.0,,
StationTank,fuel_level_change,fuel_level_change,8632.0,,211.0,,
StationTank,fuel_level_change,fuel_level_change,8633.0,,211.0,,
StationTank,fuel_level_change,fuel_level_change,8634.0,,211.0,,
StationTank,fuel_level_change,fuel_level_change,8635.0,,211.0,,
StationTank,fuel_level_change,fuel_level_change,8636.0,,211.0,,
StationTank,fuel_level_change,fuel_level_change,8637.0,,211.0,,
StationTank,fuel_level_change,fuel_level_change,8638.0,,211.0,,
Car 154,resource_use_end,payment_ends,8639.0,2.0,,16.0,50.0
Car 154,resource_use,pumping_begins,8639.0,2.0,,16.0,50.0
StationTank,fuel_level_change,fuel_level_change,8639.0,,211.0,,
StationTank,fuel_level_change,fuel_level_change,8640.0,,211.0,,
StationTank,fuel_level_change,fuel_level_change,8641.0,,211.0,,
StationTank,fuel_level_change,fuel_level_change,8642.0,,211.0,,
StationTank,fuel_level_change,fuel_level_change,8643.0,,211.0,,
StationTank,fuel_level_change,fuel_level_change,8644.0,,211.0,,
StationTank,fuel_level_change,fuel_level_change,8645.0,,211.0,,
StationTank,fuel_level_change,fuel_level_change,8646.0,,211.0,,
StationTank,fuel_level_change,fuel_level_change,8647.0,,211.0,,
StationTank,fuel_level_change,fuel_level_change,8648.0,,211.0,,
StationTank,fuel_level_change,fuel_level_change,8649.0,,211.0,,
StationTank,fuel_level_change,fuel_level_change,8650.0,,211.0,,
Car 155,resource_use_end,pumping_ends,8651.0,1.0,,18.0,50.0
Car 155,arrival_departure,depart,8651.0,,,,
StationTank,fuel_level_change,fuel_level_change,8651.0,,211.0,,
Car 156,resource_use,payment_begins,8651.0,1.0,,12.0,50.0
StationTank,fuel_level_change,fuel_level_change,8652.0,,173.0,,
StationTank,fuel_level_change,fuel_level_change,8653.0,,173.0,,
StationTank,fuel_level_change,fuel_level_change,8654.0,,173.0,,
StationTank,fuel_level_change,fuel_level_change,8655.0,,173.0,,
StationTank,fuel_level_change,fuel_level_change,8656.0,,173.0,,
StationTank,fuel_level_change,fuel_level_change,8657.0,,173.0,,
Car 172,arrival_departure,arrival,8658.0,,,,
Car 172,queue,pump_queue_wait_begins,8658.0,,,13.0,50.0
StationTank,fuel_level_change,fuel_level_change,8658.0,,173.0,,
StationTank,fuel_level_change,fuel_level_change,8659.0,,173.0,,
StationTank,fuel_level_change,fuel_level_change,8660.0,,173.0,,
StationTank,fuel_level_change,fuel_level_change,8661.0,,173.0,,
StationTank,fuel_level_change,fuel_level_change,8662.0,,173.0,,
StationTank,fuel_level_change,fuel_level_change,8663.0,,173.0,,
StationTank,fuel_level_change,fuel_level_change,8664.0,,173.0,,
StationTank,fuel_level_change,fuel_level_change,8665.0,,173.0,,
StationTank,fuel_level_change,fuel_level_change,8666.0,,173.0,,
StationTank,fuel_level_change,fuel_level_change,8667.0,,173.0,,
StationTank,fuel_level_change,fuel_level_change,8668.0,,173.0,,
StationTank,fuel_level_change,fuel_level_change,8669.0,,173.0,,
StationTank,fuel_level_change,fuel_level_change,8670.0,,173.0,,
StationTank,fuel_level_change,fuel_level_change,8671.0,,173.0,,
StationTank,fuel_level_change,fuel_level_change,8672.0,,173.0,,
Car 154,resource_use_end,pumping_ends,8673.0,2.0,,16.0,50.0
Car 154,arrival_departure,depart,8673.0,,,,
StationTank,fuel_level_change,fuel_level_change,8673.0,,173.0,,
Car 157,resource_use,payment_begins,8673.0,2.0,,10.0,50.0
Call 8,arrival_departure,arrival,8674.0,,,,
Call 8,queue,calling_truck,8674.0,,,,
StationTank,fuel_level_change,fuel_level_change,8674.0,,133.0,,
StationTank,fuel_level_change,fuel_level_change,8675.0,,133.0,,
StationTank,fuel_level_change,fuel_level_change,8676.0,,133.0,,
StationTank,fuel_level_change,fuel_level_change,8677.0,,133.0,,
StationTank,fuel_level_change,fuel_level_change,8678.0,,133.0,,
StationTank,fuel_level_change,fuel_level_change,8679.0,,133.0,,
StationTank,fuel_level_change,fuel_level_change,8680.0,,133.0,,
StationTank,fuel_level_change,fuel_level_change,8681.0,,133.0,,
StationTank,fuel_level_change,fuel_level_change,8682.0,,133.0,,
StationTank,fuel_level_change,fuel_level_change,8683.0,,133.0,,
StationTank,fuel_level_change,fuel_level_change,8684.0,,133.0,,
StationTank,fuel_level_change,fuel_level_change,8685.0,,133.0,,
StationTank,fuel_level_change,fuel_level_change,8686.0,,133.0,,
StationTank,fuel_level_change,fuel_level_change,8687.0,,133.0,,
StationTank,fuel_level_change,fuel_level_change,8688.0,,133.0,,
StationTank,fuel_level_change,fuel_level_change,8689.0,,133.0,,
StationTank,fuel_level_change,fuel_level_change,8690.0,,133.0,,
StationTank,fuel_level_change,fuel_level_change,8691.0,,133.0,,
Car 156,resource_use_end,payment_ends,8692.0,1.0,,12.0,50.0
Car 156,resource_use,pumping_begins,8692.0,1.0,,12.0,50.0
StationTank,fuel_level_change,fuel_level_change,8692.0,,133.0,,
StationTank,fuel_level_change,fuel_level_change,8693.0,,133.0,,
StationTank,fuel_level_change,fuel_level_change,8694.0,,133.0,,
StationTank,fuel_level_change,fuel_level_change,8695.0,,133.0,,
StationTank,fuel_level_change,fuel_level_change,8696.0,,133.0,,
StationTank,fuel_level_change,fuel_level_change,8697.0,,133.0,,
StationTank,fuel_level_change,fuel_level_change,8698.0,,133.0,,
StationTank,fuel_level_change,fuel_level_change,8699.0,,133.0,,
StationTank,fuel_level_change,fuel_level_change,8700.0,,133.0,,
StationTank,fuel_level_change,fuel_level_change,8701.0,,133.0,,
StationTank,fuel_level_change,fuel_level_change,8702.0,,133.0,,
StationTank,fuel_level_change,fuel_level_change,8703.0,,133.0,,
StationTank,fuel_level_change,fuel_level_change,8704.0,,133.0,,
Car 157,resource_use_end,payment_ends,8705.0,2.0,,10.0,50.0
Car 157,resource_use,pumping_begins,8705.0,2.0,,10.0,50.0
StationTank,fuel_level_change,fuel_level_change,8705.0,,133.0,,
StationTank,fuel_level_change,fuel_level_change,8706.0,,133.0,,
StationTank,fuel_level_change,fuel_level_change,8707.0,,133.0,,
StationTank,fuel_level_change,fuel_level_change,8708.0,,133.0,,
StationTank,fuel_level_change,fuel_level_change,8709.0,,133.0,,
StationTank,fuel_level_change,fuel_level_change,8710.0,,133.0,,
StationTank,fuel_level_change,fuel_level_change,8711.0,,133.0,,
StationTank,fuel_level_change,fuel_level_change,8712.0,,133.0,,
StationTank,fuel_level_change,fuel_level_change,8713.0,,133.0,,
StationTank,fuel_level_change,fuel_level_change,8714.0,,133.0,,
StationTank,fuel_level_change,fuel_level_change,8715.0,,133.0,,
StationTank,fuel_level_change,fuel_level_change,8716.0,,133.0,,
StationTank,fuel_level_change,fuel_level_change,8717.0,,133.0,,
StationTank,fuel_level_change,fuel_level_change,8718.0,,133.0,,
StationTank,fuel_level_change,fuel_level_change,8719.0,,133.0,,
StationTank,fuel_level_change,fuel_level_change,8720.0,,133.0,,
StationTank,fuel_level_change,fuel_level_change,8721.0,,133.0,,
StationTank,fuel_level_change,fuel_level_change,8722.0,,133.0,,
StationTank,fuel_level_change,fuel_level_change,8723.0,,133.0,,
StationTank,fuel_level_change,fuel_level_change,8724.0,,133.0,,
StationTank,fuel_level_change,fuel_level_change,8725.0,,133.0,,
StationTank,fuel_level_change,fuel_level_change,8726.0,,133.0,,
StationTank,fuel_level_change,fuel_level_change,8727.0,,133.0,,
StationTank,fuel_level_change,fuel_level_change,8728.0,,133.0,,
StationTank,fuel_level_change,fuel_level_change,8729.0,,133.0,,
Car 156,resource_use_end,pumping_ends,8730.0,1.0,,12.0,50.0
Car 156,arrival_departure,depart,8730.0,,,,
StationTank,fuel_level_change,fuel_level_change,8730.0,,133.0,,
Car 158,resource_use,payment_begins,8730.0,1.0,,5.0,50.0
StationTank,fuel_level_change,fuel_level_change,8731.0,,88.0,,
StationTank,fuel_level_change,fuel_level_change,8732.0,,88.0,,
StationTank,fuel_level_change,fuel_level_change,8733.0,,88.0,,
StationTank,fuel_level_change,fuel_level_change,8734.0,,88.0,,
StationTank,fuel_level_change,fuel_level_change,8735.0,,88.0,,
StationTank,fuel_level_change,fuel_level_change,8736.0,,88.0,,
StationTank,fuel_level_change,fuel_level_change,8737.0,,88.0,,
StationTank,fuel_level_change,fuel_level_change,8738.0,,88.0,,
StationTank,fuel_level_change,fuel_level_change,8739.0,,88.0,,
StationTank,fuel_level_change,fuel_level_change,8740.0,,88.0,,
StationTank,fuel_level_change,fuel_level_change,8741.0,,88.0,,
StationTank,fuel_level_change,fuel_level_change,8742.0,,88.0,,
StationTank,fuel_level_change,fuel_level_change,8743.0,,88.0,,
StationTank,fuel_level_change,fuel_level_change,8744.0,,88.0,,
Car 157,resource_use_end,pumping_ends,8745.0,2.0,,10.0,50.0
Car 157,arrival_departure,depart,8745.0,,,,
StationTank,fuel_level_change,fuel_level_change,8745.0,,88.0,,
Car 159,resource_use,payment_begins,8745.0,2.0,,15.0,50.0
StationTank,fuel_level_change,fuel_level_change,8746.0,,53.0,,
Car 173,arrival_departure,arrival,8747.0,,,,
Car 173,queue,pump_queue_wait_begins,8747.0,,,16.0,50.0
StationTank,fuel_level_change,fuel_level_change,8747.0,,53.0,,
StationTank,fuel_level_change,fuel_level_change,8748.0,,53.0,,
StationTank,fuel_level_change,fuel_level_change,8749.0,,53.0,,
StationTank,fuel_level_change,fuel_level_change,8750.0,,53.0,,
StationTank,fuel_level_change,fuel_level_change,8751.0,,53.0,,
StationTank,fuel_level_change,fuel_level_change,8752.0,,53.0,,
StationTank,fuel_level_change,fuel_level_change,8753.0,,53.0,,
StationTank,fuel_level_change,fuel_level_change,8754.0,,53.0,,
StationTank,fuel_level_change,fuel_level_change,8755.0,,53.0,,
StationTank,fuel_level_change,fuel_level_change,8756.0,,53.0,,
StationTank,fuel_level_change,fuel_level_change,8757.0,,53.0,,
StationTank,fuel_level_change,fuel_level_change,8758.0,,53.0,,
StationTank,fuel_level_change,fuel_level_change,8759.0,,53.0,,
StationTank,fuel_level_change,fuel_level_change,8760.0,,53.0,,
StationTank,fuel_level_change,fuel_level_change,8761.0,,53.0,,
StationTank,fuel_level_change,fuel_level_change,8762.0,,53.0,,
StationTank,fuel_level_change,fuel_level_change,8763.0,,53.0,,
StationTank,fuel_level_change,fuel_level_change,8764.0,,53.0,,
StationTank,fuel_level_change,fuel_level_change,8765.0,,53.0,,
Car 158,resource_use_end,payment_ends,8766.0,1.0,,5.0,50.0
Car 158,resource_use,pumping_begins,8766.0,1.0,,5.0,50.0
StationTank,fuel_level_change,fuel_level_change,8766.0,,53.0,,
StationTank,fuel_level_change,fuel_level_change,8767.0,,53.0,,
StationTank,fuel_level_change,fuel_level_change,8768.0,,53.0,,
StationTank,fuel_level_change,fuel_level_change,8769.0,,53.0,,
StationTank,fuel_level_change,fuel_level_change,8770.0,,53.0,,
StationTank,fuel_level_change,fuel_level_change,8771.0,,53.0,,
StationTank,fuel_level_change,fuel_level_change,8772.0,,53.0,,
StationTank,fuel_level_change,fuel_level_change,8773.0,,53.0,,
StationTank,fuel_level_change,fuel_level_change,8774.0,,53.0,,
StationTank,fuel_level_change,fuel_level_change,8775.0,,53.0,,
StationTank,fuel_level_change,fuel_level_change,8776.0,,53.0,,
StationTank,fuel_level_change,fuel_level_change,8777.0,,53.0,,
StationTank,fuel_level_change,fuel_level_change,8778.0,,53.0,,
StationTank,fuel_level_change,fuel_level_change,8779.0,,53.0,,
StationTank,fuel_level_change,fuel_level_change,8780.0,,53.0,,
StationTank,fuel_level_change,fuel_level_change,8781.0,,53.0,,
StationTank,fuel_level_change,fuel_level_change,8782.0,,53.0,,
StationTank,fuel_level_change,fuel_level_change,8783.0,,53.0,,
StationTank,fuel_level_change,fuel_level_change,8784.0,,53.0,,
StationTank,fuel_level_change,fuel_level_change,8785.0,,53.0,,
StationTank,fuel_level_change,fuel_level_change,8786.0,,53.0,,
StationTank,fuel_level_change,fuel_level_change,8787.0,,53.0,,
StationTank,fuel_level_change,fuel_level_change,8788.0,,53.0,,
StationTank,fuel_level_change,fuel_level_change,8789.0,,53.0,,
StationTank,fuel_level_change,fuel_level_change,8790.0,,53.0,,
StationTank,fuel_level_change,fuel_level_change,8791.0,,53.0,,
StationTank,fuel_level_change,fuel_level_change,8792.0,,53.0,,
StationTank,fuel_level_change,fuel_level_change,8793.0,,53.0,,
StationTank,fuel_level_change,fuel_level_change,8794.0,,53.0,,
StationTank,fuel_level_change,fuel_level_change,8795.0,,53.0,,
StationTank,fuel_level_change,fuel_level_change,8796.0,,53.0,,
StationTank,fuel_level_change,fuel_level_change,8797.0,,53.0,,
StationTank,fuel_level_change,fuel_level_change,8798.0,,53.0,,
StationTank,fuel_level_change,fuel_level_change,8799.0,,53.0,,
StationTank,fuel_level_change,fuel_level_change,8800.0,,53.0,,
StationTank,fuel_level_change,fuel_level_change,8801.0,,53.0,,
StationTank,fuel_level_change,fuel_level_change,8802.0,,53.0,,
StationTank,fuel_level_change,fuel_level_change,8803.0,,53.0,,
StationTank,fuel_level_change,fuel_level_change,8804.0,,53.0,,
StationTank,fuel_level_change,fuel_level_change,8805.0,,53.0,,
StationTank,fuel_level_change,fuel_level_change,8806.0,,53.0,,
StationTank,fuel_level_change,fuel_level_change,8807.0,,53.0,,
StationTank,fuel_level_change,fuel_level_change,8808.0,,53.0,,
StationTank,fuel_level_change,fuel_level_change,8809.0,,53.0,,
StationTank,fuel_level_change,fuel_level_change,8810.0,,53.0,,
Car 158,resource_use_end,pumping_ends,8811.0,1.0,,5.0,50.0
Car 158,arrival_departure,depart,8811.0,,,,
StationTank,fuel_level_change,fuel_level_change,8811.0,,53.0,,
Car 160,resource_use,payment_begins,8811.0,1.0,,12.0,50.0
StationTank,fuel_level_change,fuel_level_change,8812.0,,15.0,,
Car 159,resource_use_end,payment_ends,8813.0,2.0,,15.0,50.0
Car 159,resource_use,pumping_begins,8813.0,2.0,,15.0,50.0
StationTank,fuel_level_change,fuel_level_change,8813.0,,15.0,,
StationTank,fuel_level_change,fuel_level_change,8814.0,,15.0,,
StationTank,fuel_level_change,fuel_level_change,8815.0,,15.0,,
StationTank,fuel_level_change,fuel_level_change,8816.0,,15.0,,
Car 174,arrival_departure,arrival,8817.0,,,,
Car 174,queue,pump_queue_wait_begins,8817.0,,,18.0,50.0
StationTank,fuel_level_change,fuel_level_change,8817.0,,15.0,,
StationTank,fuel_level_change,fuel_level_change,8818.0,,15.0,,
StationTank,fuel_level_change,fuel_level_change,8819.0,,15.0,,
StationTank,fuel_level_change,fuel_level_change,8820.0,,15.0,,
StationTank,fuel_level_change,fuel_level_change,8821.0,,15.0,,
StationTank,fuel_level_change,fuel_level_change,8822.0,,15.0,,
StationTank,fuel_level_change,fuel_level_change,8823.0,,15.0,,
StationTank,fuel_level_change,fuel_level_change,8824.0,,15.0,,
StationTank,fuel_level_change,fuel_level_change,8825.0,,15.0,,
StationTank,fuel_level_change,fuel_level_change,8826.0,,15.0,,
StationTank,fuel_level_change,fuel_level_change,8827.0,,15.0,,
StationTank,fuel_level_change,fuel_level_change,8828.0,,15.0,,
StationTank,fuel_level_change,fuel_level_change,8829.0,,15.0,,
StationTank,fuel_level_change,fuel_level_change,8830.0,,15.0,,
StationTank,fuel_level_change,fuel_level_change,8831.0,,15.0,,
StationTank,fuel_level_change,fuel_level_change,8832.0,,15.0,,
StationTank,fuel_level_change,fuel_level_change,8833.0,,15.0,,
StationTank,fuel_level_change,fuel_level_change,8834.0,,15.0,,
StationTank,fuel_level_change,fuel_level_change,8835.0,,15.0,,
StationTank,fuel_level_change,fuel_level_change,8836.0,,15.0,,
StationTank,fuel_level_change,fuel_level_change,8837.0,,15.0,,
StationTank,fuel_level_change,fuel_level_change,8838.0,,15.0,,
StationTank,fuel_level_change,fuel_level_change,8839.0,,15.0,,
StationTank,fuel_level_change,fuel_level_change,8840.0,,15.0,,
StationTank,fuel_level_change,fuel_level_change,8841.0,,15.0,,
StationTank,fuel_level_change,fuel_level_change,8842.0,,15.0,,
StationTank,fuel_level_change,fuel_level_change,8843.0,,15.0,,
StationTank,fuel_level_change,fuel_level_change,8844.0,,15.0,,
StationTank,fuel_level_change,fuel_level_change,8845.0,,15.0,,
StationTank,fuel_level_change,fuel_level_change,8846.0,,15.0,,
StationTank,fuel_level_change,fuel_level_change,8847.0,,15.0,,
Car 159,resource_use_end,pumping_ends,8848.0,2.0,,15.0,50.0
Car 159,arrival_departure,depart,8848.0,,,,
StationTank,fuel_level_change,fuel_level_change,8848.0,,15.0,,
StationTank,fuel_level_change,fuel_level_change,8849.0,,15.0,,
StationTank,fuel_level_change,fuel_level_change,8850.0,,15.0,,
StationTank,fuel_level_change,fuel_level_change,8851.0,,15.0,,
StationTank,fuel_level_change,fuel_level_change,8852.0,,15.0,,
StationTank,fuel_level_change,fuel_level_change,8853.0,,15.0,,
StationTank,fuel_level_change,fuel_level_change,8854.0,,15.0,,
StationTank,fuel_level_change,fuel_level_change,8855.0,,15.0,,
StationTank,fuel_level_change,fuel_level_change,8856.0,,15.0,,
StationTank,fuel_level_change,fuel_level_change,8857.0,,15.0,,
StationTank,fuel_level_change,fuel_level_change,8858.0,,15.0,,
StationTank,fuel_level_change,fuel_level_change,8859.0,,15.0,,
StationTank,fuel_level_change,fuel_level_change,8860.0,,15.0,,
StationTank,fuel_level_change,fuel_level_change,8861.0,,15.0,,
StationTank,fuel_level_change,fuel_level_change,8862.0,,15.0,,
StationTank,fuel_level_change,fuel_level_change,8863.0,,15.0,,
StationTank,fuel_level_change,fuel_level_change,8864.0,,15.0,,
StationTank,fuel_level_change,fuel_level_change,8865.0,,15.0,,
StationTank,fuel_level_change,fuel_level_change,8866.0,,15.0,,
StationTank,fuel_level_change,fuel_level_change,8867.0,,15.0,,
StationTank,fuel_level_change,fuel_level_change,8868.0,,15.0,,
StationTank,fuel_level_change,fuel_level_change,8869.0,,15.0,,
StationTank,fuel_level_change,fuel_level_change,8870.0,,15.0,,
StationTank,fuel_level_change,fuel_level_change,8871.0,,15.0,,
Car 175,arrival_departure,arrival,8872.0,,,,
Car 175,queue,pump_queue_wait_begins,8872.0,,,8.0,50.0
StationTank,fuel_level_change,fuel_level_change,8872.0,,15.0,,
StationTank,fuel_level_change,fuel_level_change,8873.0,,15.0,,
StationTank,fuel_level_change,fuel_level_change,8874.0,,15.0,,
StationTank,fuel_level_change,fuel_level_change,8875.0,,15.0,,
StationTank,fuel_level_change,fuel_level_change,8876.0,,15.0,,
StationTank,fuel_level_change,fuel_level_change,8877.0,,15.0,,
StationTank,fuel_level_change,fuel_level_change,8878.0,,15.0,,
StationTank,fuel_level_change,fuel_level_change,8879.0,,15.0,,
StationTank,fuel_level_change,fuel_level_change,8880.0,,15.0,,
StationTank,fuel_level_change,fuel_level_change,8881.0,,15.0,,
StationTank,fuel_level_change,fuel_level_change,8882.0,,15.0,,
StationTank,fuel_level_change,fuel_level_change,8883.0,,15.0,,
StationTank,fuel_level_change,fuel_level_change,8884.0,,15.0,,
StationTank,fuel_level_change,fuel_level_change,8885.0,,15.0,,
StationTank,fuel_level_change,fuel_level_change,8886.0,,15.0,,
Car 160,resource_use_end,payment_ends,8887.0,1.0,,12.0,50.0
Car 160,resource_use,pumping_begins,8887.0,1.0,,12.0,50.0
StationTank,fuel_level_change,fuel_level_change,8887.0,,15.0,,
StationTank,fuel_level_change,fuel_level_change,8888.0,,15.0,,
StationTank,fuel_level_change,fuel_level_change,8889.0,,15.0,,
StationTank,fuel_level_change,fuel_level_change,8890.0,,15.0,,
StationTank,fuel_level_change,fuel_level_change,8891.0,,15.0,,
StationTank,fuel_level_change,fuel_level_change,8892.0,,15.0,,
StationTank,fuel_level_change,fuel_level_change,8893.0,,15.0,,
StationTank,fuel_level_change,fuel_level_change,8894.0,,15.0,,
StationTank,fuel_level_change,fuel_level_change,8895.0,,15.0,,
StationTank,fuel_level_change,fuel_level_change,8896.0,,15.0,,
StationTank,fuel_level_change,fuel_level_change,8897.0,,15.0,,
StationTank,fuel_level_change,fuel_level_change,8898.0,,15.0,,
StationTank,fuel_level_change,fuel_level_change,8899.0,,15.0,,
StationTank,fuel_level_change,fuel_level_change,8900.0,,15.0,,
StationTank,fuel_level_change,fuel_level_change,8901.0,,15.0,,
StationTank,fuel_level_change,fuel_level_change,8902.0,,15.0,,
StationTank,fuel_level_change,fuel_level_change,8903.0,,15.0,,
StationTank,fuel_level_change,fuel_level_change,8904.0,,15.0,,
StationTank,fuel_level_change,fuel_level_change,8905.0,,15.0,,
StationTank,fuel_level_change,fuel_level_change,8906.0,,15.0,,
StationTank,fuel_level_change,fuel_level_change,8907.0,,15.0,,
StationTank,fuel_level_change,fuel_level_change,8908.0,,15.0,,
StationTank,fuel_level_change,fuel_level_change,8909.0,,15.0,,
StationTank,fuel_level_change,fuel_level_change,8910.0,,15.0,,
StationTank,fuel_level_change,fuel_level_change,8911.0,,15.0,,
StationTank,fuel_level_change,fuel_level_change,8912.0,,15.0,,
StationTank,fuel_level_change,fuel_level_change,8913.0,,15.0,,
StationTank,fuel_level_change,fuel_level_change,8914.0,,15.0,,
StationTank,fuel_level_change,fuel_level_change,8915.0,,15.0,,
StationTank,fuel_level_change,fuel_level_change,8916.0,,15.0,,
StationTank,fuel_level_change,fuel_level_change,8917.0,,15.0,,
StationTank,fuel_level_change,fuel_level_change,8918.0,,15.0,,
StationTank,fuel_level_change,fuel_level_change,8919.0,,15.0,,
StationTank,fuel_level_change,fuel_level_change,8920.0,,15.0,,
StationTank,fuel_level_change,fuel_level_change,8921.0,,15.0,,
StationTank,fuel_level_change,fuel_level_change,8922.0,,15.0,,
StationTank,fuel_level_change,fuel_level_change,8923.0,,15.0,,
StationTank,fuel_level_change,fuel_level_change,8924.0,,15.0,,
Car 160,resource_use_end,pumping_ends,8925.0,1.0,,12.0,50.0
Car 160,arrival_departure,depart,8925.0,,,,
StationTank,fuel_level_change,fuel_level_change,8925.0,,15.0,,
StationTank,fuel_level_change,fuel_level_change,8926.0,,15.0,,
StationTank,fuel_level_change,fuel_level_change,8927.0,,15.0,,
StationTank,fuel_level_change,fuel_level_change,8928.0,,15.0,,
StationTank,fuel_level_change,fuel_level_change,8929.0,,15.0,,
StationTank,fuel_level_change,fuel_level_change,8930.0,,15.0,,
StationTank,fuel_level_change,fuel_level_change,8931.0,,15.0,,
StationTank,fuel_level_change,fuel_level_change,8932.0,,15.0,,
StationTank,fuel_level_change,fuel_level_change,8933.0,,15.0,,
StationTank,fuel_level_change,fuel_level_change,8934.0,,15.0,,
StationTank,fuel_level_change,fuel_level_change,8935.0,,15.0,,
StationTank,fuel_level_change,fuel_level_change,8936.0,,15.0,,
StationTank,fuel_level_change,fuel_level_change,8937.0,,15.0,,
StationTank,fuel_level_change,fuel_level_change,8938.0,,15.0,,
StationTank,fuel_level_change,fuel_level_change,8939.0,,15.0,,
StationTank,fuel_level_change,fuel_level_change,8940.0,,15.0,,
StationTank,fuel_level_change,fuel_level_change,8941.0,,15.0,,
StationTank,fuel_level_change,fuel_level_change,8942.0,,15.0,,
StationTank,fuel_level_change,fuel_level_change,8943.0,,15.0,,
StationTank,fuel_level_change,fuel_level_change,8944.0,,15.0,,
StationTank,fuel_level_change,fuel_level_change,8945.0,,15.0,,
StationTank,fuel_level_change,fuel_level_change,8946.0,,15.0,,
StationTank,fuel_level_change,fuel_level_change,8947.0,,15.0,,
StationTank,fuel_level_change,fuel_level_change,8948.0,,15.0,,
StationTank,fuel_level_change,fuel_level_change,8949.0,,15.0,,
StationTank,fuel_level_change,fuel_level_change,8950.0,,15.0,,
StationTank,fuel_level_change,fuel_level_change,8951.0,,15.0,,
Car 176,arrival_departure,arrival,8952.0,,,,
Car 176,queue,pump_queue_wait_begins,8952.0,,,23.0,50.0
StationTank,fuel_level_change,fuel_level_change,8952.0,,15.0,,
StationTank,fuel_level_change,fuel_level_change,8953.0,,15.0,,
StationTank,fuel_level_change,fuel_level_change,8954.0,,15.0,,
StationTank,fuel_level_change,fuel_level_change,8955.0,,15.0,,
StationTank,fuel_level_change,fuel_level_change,8956.0,,15.0,,
StationTank,fuel_level_change,fuel_level_change,8957.0,,15.0,,
StationTank,fuel_level_change,fuel_level_change,8958.0,,15.0,,
StationTank,fuel_level_change,fuel_level_change,8959.0,,15.0,,
StationTank,fuel_level_change,fuel_level_change,8960.0,,15.0,,
StationTank,fuel_level_change,fuel_level_change,8961.0,,15.0,,
StationTank,fuel_level_change,fuel_level_change,8962.0,,15.0,,
StationTank,fuel_level_change,fuel_level_change,8963.0,,15.0,,
StationTank,fuel_level_change,fuel_level_change,8964.0,,15.0,,
StationTank,fuel_level_change,fuel_level_change,8965.0,,15.0,,
StationTank,fuel_level_change,fuel_level_change,8966.0,,15.0,,
StationTank,fuel_level_change,fuel_level_change,8967.0,,15.0,,
StationTank,fuel_level_change,fuel_level_change,8968.0,,15.0,,
StationTank,fuel_level_change,fuel_level_change,8969.0,,15.0,,
StationTank,fuel_level_change,fuel_level_change,8970.0,,15.0,,
StationTank,fuel_level_change,fuel_level_change,8971.0,,15.0,,
StationTank,fuel_level_change,fuel_level_change,8972.0,,15.0,,
StationTank,fuel_level_change,fuel_level_change,8973.0,,15.0,,
Call 8,arrival_departure,depart,8974.0,,,,
Truck 8,arrival_departure,arrival,8974.0,,,,
Truck 8,queue,refuelling,8974.0,,,,
StationTank,fuel_level_change,fuel_level_change,8974.0,,15.0,,
StationTank,fuel_level_change,fuel_level_change,8975.0,,25.0,,
StationTank,fuel_level_change,fuel_level_change,8976.0,,35.0,,
StationTank,fuel_level_change,fuel_level_change,8977.0,,45.0,,
Car 161,resource_use,payment_begins,8977.0,2.0,,8.0,50.0
StationTank,fuel_level_change,fuel_level_change,8978.0,,13.0,,
StationTank,fuel_level_change,fuel_level_change,8979.0,,23.0,,
StationTank,fuel_level_change,fuel_level_change,8980.0,,33.0,,
Car 162,resource_use,payment_begins,8980.0,1.0,,20.0,50.0
StationTank,fuel_level_change,fuel_level_change,8981.0,,13.0,,
StationTank,fuel_level_change,fuel_level_change,8982.0,,23.0,,
StationTank,fuel_level_change,fuel_level_change,8983.0,,33.0,,
StationTank,fuel_level_change,fuel_level_change,8984.0,,43.0,,
StationTank,fuel_level_change,fuel_level_change,8985.0,,53.0,,
StationTank,fuel_level_change,fuel_level_change,8986.0,,63.0,,
StationTank,fuel_level_change,fuel_level_change,8987.0,,73.0,,
StationTank,fuel_level_change,fuel_level_change,8988.0,,83.0,,
StationTank,fuel_level_change,fuel_level_change,8989.0,,93.0,,
StationTank,fuel_level_change,fuel_level_change,8990.0,,103.0,,
StationTank,fuel_level_change,fuel_level_change,8991.0,,113.0,,
StationTank,fuel_level_change,fuel_level_change,8992.0,,123.0,,
StationTank,fuel_level_change,fuel_level_change,8993.0,,133.0,,
StationTank,fuel_level_change,fuel_level_change,8994.0,,143.0,,
StationTank,fuel_level_change,fuel_level_change,8995.0,,153.0,,
StationTank,fuel_level_change,fuel_level_change,8996.0,,163.0,,
StationTank,fuel_level_change,fuel_level_change,8997.0,,173.0,,
StationTank,fuel_level_change,fuel_level_change,8998.0,,183.0,,
StationTank,fuel_level_change,fuel_level_change,8999.0,,193.0,,
StationTank,fuel_level_change,fuel_level_change,9000.0,,203.0,,
StationTank,fuel_level_change,fuel_level_change,9001.0,,213.0,,
StationTank,fuel_level_change,fuel_level_change,9002.0,,223.0,,
StationTank,fuel_level_change,fuel_level_change,9003.0,,233.0,,
StationTank,fuel_level_change,fuel_level_change,9004.0,,243.0,,
StationTank,fuel_level_change,fuel_level_change,9005.0,,253.0,,
StationTank,fuel_level_change,fuel_level_change,9006.0,,263.0,,
StationTank,fuel_level_change,fuel_level_change,9007.0,,273.0,,
StationTank,fuel_level_change,fuel_level_change,9008.0,,283.0,,
StationTank,fuel_level_change,fuel_level_change,9009.0,,293.0,,
StationTank,fuel_level_change,fuel_level_change,9010.0,,303.0,,
StationTank,fuel_level_change,fuel_level_change,9011.0,,313.0,,
StationTank,fuel_level_change,fuel_level_change,9012.0,,323.0,,
StationTank,fuel_level_change,fuel_level_change,9013.0,,333.0,,
StationTank,fuel_level_change,fuel_level_change,9014.0,,343.0,,
StationTank,fuel_level_change,fuel_level_change,9015.0,,353.0,,
Car 177,arrival_departure,arrival,9016.0,,,,
Car 177,queue,pump_queue_wait_begins,9016.0,,,18.0,50.0
StationTank,fuel_level_change,fuel_level_change,9016.0,,363.0,,
StationTank,fuel_level_change,fuel_level_change,9017.0,,373.0,,
StationTank,fuel_level_change,fuel_level_change,9018.0,,383.0,,
Car 161,resource_use_end,payment_ends,9019.0,2.0,,8.0,50.0
Car 161,resource_use,pumping_begins,9019.0,2.0,,8.0,50.0
StationTank,fuel_level_change,fuel_level_change,9019.0,,393.0,,
StationTank,fuel_level_change,fuel_level_change,9020.0,,403.0,,
StationTank,fuel_level_change,fuel_level_change,9021.0,,413.0,,
StationTank,fuel_level_change,fuel_level_change,9022.0,,423.0,,
StationTank,fuel_level_change,fuel_level_change,9023.0,,433.0,,
StationTank,fuel_level_change,fuel_level_change,9024.0,,443.0,,
StationTank,fuel_level_change,fuel_level_change,9025.0,,453.0,,
Car 162,resource_use_end,payment_ends,9026.0,1.0,,20.0,50.0
Car 162,resource_use,pumping_begins,9026.0,1.0,,20.0,50.0
StationTank,fuel_level_change,fuel_level_change,9026.0,,463.0,,
StationTank,fuel_level_change,fuel_level_change,9027.0,,473.0,,
StationTank,fuel_level_change,fuel_level_change,9028.0,,483.0,,
StationTank,fuel_level_change,fuel_level_change,9029.0,,493.0,,
StationTank,fuel_level_change,fuel_level_change,9030.0,,503.0,,
StationTank,fuel_level_change,fuel_level_change,9031.0,,513.0,,
StationTank,fuel_level_change,fuel_level_change,9032.0,,523.0,,
StationTank,fuel_level_change,fuel_level_change,9033.0,,533.0,,
StationTank,fuel_level_change,fuel_level_change,9034.0,,543.0,,
StationTank,fuel_level_change,fuel_level_change,9035.0,,553.0,,
Car 178,arrival_departure,arrival,9036.0,,,,
Car 178,queue,pump_queue_wait_begins,9036.0,,,21.0,50.0
StationTank,fuel_level_change,fuel_level_change,9036.0,,563.0,,
StationTank,fuel_level_change,fuel_level_change,9037.0,,573.0,,
StationTank,fuel_level_change,fuel_level_change,9038.0,,583.0,,
Truck 8,arrival_departure,depart,9039.0,,,,
StationTank,fuel_level_change,fuel_level_change,9039.0,,593.0,,
StationTank,fuel_level_change,fuel_level_change,9040.0,,593.0,,
StationTank,fuel_level_change,fuel_level_change,9041.0,,593.0,,
StationTank,fuel_level_change,fuel_level_change,9042.0,,593.0,,
StationTank,fuel_level_change,fuel_level_change,9043.0,,593.0,,
StationTank,fuel_level_change,fuel_level_change,9044.0,,593.0,,
StationTank,fuel_level_change,fuel_level_change,9045.0,,593.0,,
StationTank,fuel_level_change,fuel_level_change,9046.0,,593.0,,
StationTank,fuel_level_change,fuel_level_change,9047.0,,593.0,,
StationTank,fuel_level_change,fuel_level_change,9048.0,,593.0,,
StationTank,fuel_level_change,fuel_level_change,9049.0,,593.0,,
StationTank,fuel_level_change,fuel_level_change,9050.0,,593.0,,
Car 179,arrival_departure,arrival,9051.0,,,,
Car 179,queue,pump_queue_wait_begins,9051.0,,,11.0,50.0
StationTank,fuel_level_change,fuel_level_change,9051.0,,593.0,,
StationTank,fuel_level_change,fuel_level_change,9052.0,,593.0,,
StationTank,fuel_level_change,fuel_level_change,9053.0,,593.0,,
StationTank,fuel_level_change,fuel_level_change,9054.0,,593.0,,
StationTank,fuel_level_change,fuel_level_change,9055.0,,593.0,,
Car 162,resource_use_end,pumping_ends,9056.0,1.0,,20.0,50.0
Car 162,arrival_departure,depart,9056.0,,,,
StationTank,fuel_level_change,fuel_level_change,9056.0,,593.0,,
Car 163,resource_use,payment_begins,9056.0,1.0,,11.0,50.0
StationTank,fuel_level_change,fuel_level_change,9057.0,,554.0,,
StationTank,fuel_level_change,fuel_level_change,9058.0,,554.0,,
StationTank,fuel_level_change,fuel_level_change,9059.0,,554.0,,
StationTank,fuel_level_change,fuel_level_change,9060.0,,554.0,,
Car 161,resource_use_end,pumping_ends,9061.0,2.0,,8.0,50.0
Car 161,arrival_departure,depart,9061.0,,,,
StationTank,fuel_level_change,fuel_level_change,9061.0,,554.0,,
Car 164,resource_use,payment_begins,9061.0,2.0,,16.0,50.0
StationTank,fuel_level_change,fuel_level_change,9062.0,,520.0,,
StationTank,fuel_level_change,fuel_level_change,9063.0,,520.0,,
StationTank,fuel_level_change,fuel_level_change,9064.0,,520.0,,
StationTank,fuel_level_change,fuel_level_change,9065.0,,520.0,,
StationTank,fuel_level_change,fuel_level_change,9066.0,,520.0,,
StationTank,fuel_level_change,fuel_level_change,9067.0,,520.0,,
StationTank,fuel_level_change,fuel_level_change,9068.0,,520.0,,
StationTank,fuel_level_change,fuel_level_change,9069.0,,520.0,,
StationTank,fuel_level_change,fuel_level_change,9070.0,,520.0,,
StationTank,fuel_level_change,fuel_level_change,9071.0,,520.0,,
StationTank,fuel_level_change,fuel_level_change,9072.0,,520.0,,
StationTank,fuel_level_change,fuel_level_change,9073.0,,520.0,,
StationTank,fuel_level_change,fuel_level_change,9074.0,,520.0,,
StationTank,fuel_level_change,fuel_level_change,9075.0,,520.0,,
StationTank,fuel_level_change,fuel_level_change,9076.0,,520.0,,
StationTank,fuel_level_change,fuel_level_change,9077.0,,520.0,,
StationTank,fuel_level_change,fuel_level_change,9078.0,,520.0,,
StationTank,fuel_level_change,fuel_level_change,9079.0,,520.0,,
StationTank,fuel_level_change,fuel_level_change,9080.0,,520.0,,
StationTank,fuel_level_change,fuel_level_change,9081.0,,520.0,,
StationTank,fuel_level_change,fuel_level_change,9082.0,,520.0,,
StationTank,fuel_level_change,fuel_level_change,9083.0,,520.0,,
StationTank,fuel_level_change,fuel_level_change,9084.0,,520.0,,
StationTank,fuel_level_change,fuel_level_change,9085.0,,520.0,,
StationTank,fuel_level_change,fuel_level_change,9086.0,,520.0,,
StationTank,fuel_level_change,fuel_level_change,9087.0,,520.0,,
StationTank,fuel_level_change,fuel_level_change,9088.0,,520.0,,
StationTank,fuel_level_change,fuel_level_change,9089.0,,520.0,,
StationTank,fuel_level_change,fuel_level_change,9090.0,,520.0,,
StationTank,fuel_level_change,fuel_level_change,9091.0,,520.0,,
StationTank,fuel_level_change,fuel_level_change,9092.0,,520.0,,
StationTank,fuel_level_change,fuel_level_change,9093.0,,520.0,,
StationTank,fuel_level_change,fuel_level_change,9094.0,,520.0,,
StationTank,fuel_level_change,fuel_level_change,9095.0,,520.0,,
StationTank,fuel_level_change,fuel_level_change,9096.0,,520.0,,
StationTank,fuel_level_change,fuel_level_change,9097.0,,520.0,,
StationTank,fuel_level_change,fuel_level_change,9098.0,,520.0,,
StationTank,fuel_level_change,fuel_level_change,9099.0,,520.0,,
StationTank,fuel_level_change,fuel_level_change,9100.0,,520.0,,
StationTank,fuel_level_change,fuel_level_change,9101.0,,520.0,,
StationTank,fuel_level_change,fuel_level_change,9102.0,,520.0,,
StationTank,fuel_level_change,fuel_level_change,9103.0,,520.0,,
StationTank,fuel_level_change,fuel_level_change,9104.0,,520.0,,
StationTank,fuel_level_change,fuel_level_change,9105.0,,520.0,,
StationTank,fuel_level_change,fuel_level_change,9106.0,,520.0,,
StationTank,fuel_level_change,fuel_level_change,9107.0,,520.0,,
StationTank,fuel_level_change,fuel_level_change,9108.0,,520.0,,
Car 163,resource_use_end,payment_ends,9109.0,1.0,,11.0,50.0
Car 163,resource_use,pumping_begins,9109.0,1.0,,11.0,50.0
StationTank,fuel_level_change,fuel_level_change,9109.0,,520.0,,
StationTank,fuel_level_change,fuel_level_change,9110.0,,520.0,,
StationTank,fuel_level_change,fuel_level_change,9111.0,,520.0,,
StationTank,fuel_level_change,fuel_level_change,9112.0,,520.0,,
StationTank,fuel_level_change,fuel_level_change,9113.0,,520.0,,
StationTank,fuel_level_change,fuel_level_change,9114.0,,520.0,,
StationTank,fuel_level_change,fuel_level_change,9115.0,,520.0,,
StationTank,fuel_level_change,fuel_level_change,9116.0,,520.0,,
StationTank,fuel_level_change,fuel_level_change,9117.0,,520.0,,
Car 164,resource_use_end,payment_ends,9118.0,2.0,,16.0,50.0
Car 164,resource_use,pumping_begins,9118.0,2.0,,16.0,50.0
StationTank,fuel_level_change,fuel_level_change,9118.0,,520.0,,
StationTank,fuel_level_change,fuel_level_change,9119.0,,520.0,,
StationTank,fuel_level_change,fuel_level_change,9120.0,,520.0,,
StationTank,fuel_level_change,fuel_level_change,9121.0,,520.0,,
StationTank,fuel_level_change,fuel_level_change,9122.0,,520.0,,
StationTank,fuel_level_change,fuel_level_change,9123.0,,520.0,,
StationTank,fuel_level_change,fuel_level_change,9124.0,,520.0,,
StationTank,fuel_level_change,fuel_level_change,9125.0,,520.0,,
StationTank,fuel_level_change,fuel_level_change,9126.0,,520.0,,
StationTank,fuel_level_change,fuel_level_change,9127.0,,520.0,,
StationTank,fuel_level_change,fuel_level_change,9128.0,,520.0,,
StationTank,fuel_level_change,fuel_level_change,9129.0,,520.0,,
StationTank,fuel_level_change,fuel_level_change,9130.0,,520.0,,
StationTank,fuel_level_change,fuel_level_change,9131.0,,520.0,,
StationTank,fuel_level_change,fuel_level_change,9132.0,,520.0,,
StationTank,fuel_level_change,fuel_level_change,9133.0,,520.0,,
Car 180,arrival_departure,arrival,9134.0,,,,
Car 180,queue,pump_queue_wait_begins,9134.0,,,15.0,50.0
StationTank,fuel_level_change,fuel_level_change,9134.0,,520.0,,
StationTank,fuel_level_change,fuel_level_change,9135.0,,520.0,,
StationTank,fuel_level_change,fuel_level_change,9136.0,,520.0,,
StationTank,fuel_level_change,fuel_level_change,9137.0,,520.0,,
StationTank,fuel_level_change,fuel_level_change,9138.0,,520.0,,
StationTank,fuel_level_change,fuel_level_change,9139.0,,520.0,,
StationTank,fuel_level_change,fuel_level_change,9140.0,,520.0,,
StationTank,fuel_level_change,fuel_level_change,9141.0,,520.0,,
StationTank,fuel_level_change,fuel_level_change,9142.0,,520.0,,
StationTank,fuel_level_change,fuel_level_change,9143.0,,520.0,,
StationTank,fuel_level_change,fuel_level_change,9144.0,,520.0,,
StationTank,fuel_level_change,fuel_level_change,9145.0,,520.0,,
StationTank,fuel_level_change,fuel_level_change,9146.0,,520.0,,
StationTank,fuel_level_change,fuel_level_change,9147.0,,520.0,,
Car 163,resource_use_end,pumping_ends,9148.0,1.0,,11.0,50.0
Car 163,arrival_departure,depart,9148.0,,,,
StationTank,fuel_level_change,fuel_level_change,9148.0,,520.0,,
Car 165,resource_use,payment_begins,9148.0,1.0,,12.0,50.0
StationTank,fuel_level_change,fuel_level_change,9149.0,,482.0,,
StationTank,fuel_level_change,fuel_level_change,9150.0,,482.0,,
StationTank,fuel_level_change,fuel_level_change,9151.0,,482.0,,
Car 164,resource_use_end,pumping_ends,9152.0,2.0,,16.0,50.0
Car 164,arrival_departure,depart,9152.0,,,,
StationTank,fuel_level_change,fuel_level_change,9152.0,,482.0,,
Car 166,resource_use,payment_begins,9152.0,2.0,,17.0,50.0
StationTank,fuel_level_change,fuel_level_change,9153.0,,449.0,,
StationTank,fuel_level_change,fuel_level_change,9154.0,,449.0,,
StationTank,fuel_level_change,fuel_level_change,9155.0,,449.0,,
StationTank,fuel_level_change,fuel_level_change,9156.0,,449.0,,
Car 181,arrival_departure,arrival,9157.0,,,,
Car 181,queue,pump_queue_wait_begins,9157.0,,,14.0,50.0
StationTank,fuel_level_change,fuel_level_change,9157.0,,449.0,,
StationTank,fuel_level_change,fuel_level_change,9158.0,,449.0,,
StationTank,fuel_level_change,fuel_level_change,9159.0,,449.0,,
StationTank,fuel_level_change,fuel_level_change,9160.0,,449.0,,
StationTank,fuel_level_change,fuel_level_change,9161.0,,449.0,,
StationTank,fuel_level_change,fuel_level_change,9162.0,,449.0,,
StationTank,fuel_level_change,fuel_level_change,9163.0,,449.0,,
StationTank,fuel_level_change,fuel_level_change,9164.0,,449.0,,
StationTank,fuel_level_change,fuel_level_change,9165.0,,449.0,,
StationTank,fuel_level_change,fuel_level_change,9166.0,,449.0,,
StationTank,fuel_level_change,fuel_level_change,9167.0,,449.0,,
StationTank,fuel_level_change,fuel_level_change,9168.0,,449.0,,
StationTank,fuel_level_change,fuel_level_change,9169.0,,449.0,,
StationTank,fuel_level_change,fuel_level_change,9170.0,,449.0,,
StationTank,fuel_level_change,fuel_level_change,9171.0,,449.0,,
StationTank,fuel_level_change,fuel_level_change,9172.0,,449.0,,
StationTank,fuel_level_change,fuel_level_change,9173.0,,449.0,,
StationTank,fuel_level_change,fuel_level_change,9174.0,,449.0,,
StationTank,fuel_level_change,fuel_level_change,9175.0,,449.0,,
StationTank,fuel_level_change,fuel_level_change,9176.0,,449.0,,
StationTank,fuel_level_change,fuel_level_change,9177.0,,449.0,,
StationTank,fuel_level_change,fuel_level_change,9178.0,,449.0,,
StationTank,fuel_level_change,fuel_level_change,9179.0,,449.0,,
StationTank,fuel_level_change,fuel_level_change,9180.0,,449.0,,
StationTank,fuel_level_change,fuel_level_change,9181.0,,449.0,,
StationTank,fuel_level_change,fuel_level_change,9182.0,,449.0,,
StationTank,fuel_level_change,fuel_level_change,9183.0,,449.0,,
StationTank,fuel_level_change,fuel_level_change,9184.0,,449.0,,
StationTank,fuel_level_change,fuel_level_change,9185.0,,449.0,,
StationTank,fuel_level_change,fuel_level_change,9186.0,,449.0,,
Car 182,arrival_departure,arrival,9187.0,,,,
Car 182,queue,pump_queue_wait_begins,9187.0,,,14.0,50.0
StationTank,fuel_level_change,fuel_level_change,9187.0,,449.0,,
StationTank,fuel_level_change,fuel_level_change,9188.0,,449.0,,
StationTank,fuel_level_change,fuel_level_change,9189.0,,449.0,,
StationTank,fuel_level_change,fuel_level_change,9190.0,,449.0,,
StationTank,fuel_level_change,fuel_level_change,9191.0,,449.0,,
StationTank,fuel_level_change,fuel_level_change,9192.0,,449.0,,
StationTank,fuel_level_change,fuel_level_change,9193.0,,449.0,,
StationTank,fuel_level_change,fuel_level_change,9194.0,,449.0,,
StationTank,fuel_level_change,fuel_level_change,9195.0,,449.0,,
StationTank,fuel_level_change,fuel_level_change,9196.0,,449.0,,
StationTank,fuel_level_change,fuel_level_change,9197.0,,449.0,,
StationTank,fuel_level_change,fuel_level_change,9198.0,,449.0,,
StationTank,fuel_level_change,fuel_level_change,9199.0,,449.0,,
StationTank,fuel_level_change,fuel_level_change,9200.0,,449.0,,
StationTank,fuel_level_change,fuel_level_change,9201.0,,449.0,,
Car 166,resource_use_end,payment_ends,9202.0,2.0,,17.0,50.0
Car 166,resource_use,pumping_begins,9202.0,2.0,,17.0,50.0
StationTank,fuel_level_change,fuel_level_change,9202.0,,449.0,,
StationTank,fuel_level_change,fuel_level_change,9203.0,,449.0,,
StationTank,fuel_level_change,fuel_level_change,9204.0,,449.0,,
StationTank,fuel_level_change,fuel_level_change,9205.0,,449.0,,
StationTank,fuel_level_change,fuel_level_change,9206.0,,449.0,,
StationTank,fuel_level_change,fuel_level_change,9207.0,,449.0,,
StationTank,fuel_level_change,fuel_level_change,9208.0,,449.0,,
StationTank,fuel_level_change,fuel_level_change,9209.0,,449.0,,
StationTank,fuel_level_change,fuel_level_change,9210.0,,449.0,,
StationTank,fuel_level_change,fuel_level_change,9211.0,,449.0,,
StationTank,fuel_level_change,fuel_level_change,9212.0,,449.0,,
StationTank,fuel_level_change,fuel_level_change,9213.0,,449.0,,
StationTank,fuel_level_change,fuel_level_change,9214.0,,449.0,,
StationTank,fuel_level_change,fuel_level_change,9215.0,,449.0,,
StationTank,fuel_level_change,fuel_level_change,9216.0,,449.0,,
Car 165,resource_use_end,payment_ends,9217.0,1.0,,12.0,50.0
Car 165,resource_use,pumping_begins,9217.0,1.0,,12.0,50.0
StationTank,fuel_level_change,fuel_level_change,9217.0,,449.0,,
StationTank,fuel_level_change,fuel_level_change,9218.0,,449.0,,
StationTank,fuel_level_change,fuel_level_change,9219.0,,449.0,,
StationTank,fuel_level_change,fuel_level_change,9220.0,,449.0,,
StationTank,fuel_level_change,fuel_level_change,9221.0,,449.0,,
StationTank,fuel_level_change,fuel_level_change,9222.0,,449.0,,
StationTank,fuel_level_change,fuel_level_change,9223.0,,449.0,,
StationTank,fuel_level_change,fuel_level_change,9224.0,,449.0,,
StationTank,fuel_level_change,fuel_level_change,9225.0,,449.0,,
StationTank,fuel_level_change,fuel_level_change,9226.0,,449.0,,
StationTank,fuel_level_change,fuel_level_change,9227.0,,449.0,,
StationTank,fuel_level_change,fuel_level_change,9228.0,,449.0,,
StationTank,fuel_level_change,fuel_level_change,9229.0,,449.0,,
StationTank,fuel_level_change,fuel_level_change,9230.0,,449.0,,
StationTank,fuel_level_change,fuel_level_change,9231.0,,449.0,,
StationTank,fuel_level_change,fuel_level_change,9232.0,,449.0,,
StationTank,fuel_level_change,fuel_level_change,9233.0,,449.0,,
StationTank,fuel_level_change,fuel_level_change,9234.0,,449.0,,
Car 166,resource_use_end,pumping_ends,9235.0,2.0,,17.0,50.0
Car 166,arrival_departure,depart,9235.0,,,,
StationTank,fuel_level_change,fuel_level_change,9235.0,,449.0,,
Car 167,resource_use,payment_begins,9235.0,2.0,,13.0,50.0
StationTank,fuel_level_change,fuel_level_change,9236.0,,412.0,,
StationTank,fuel_level_change,fuel_level_change,9237.0,,412.0,,
StationTank,fuel_level_change,fuel_level_change,9238.0,,412.0,,
StationTank,fuel_level_change,fuel_level_change,9239.0,,412.0,,
StationTank,fuel_level_change,fuel_level_change,9240.0,,412.0,,
StationTank,fuel_level_change,fuel_level_change,9241.0,,412.0,,
StationTank,fuel_level_change,fuel_level_change,9242.0,,412.0,,
StationTank,fuel_level_change,fuel_level_change,9243.0,,412.0,,
StationTank,fuel_level_change,fuel_level_change,9244.0,,412.0,,
StationTank,fuel_level_change,fuel_level_change,9245.0,,412.0,,
StationTank,fuel_level_change,fuel_level_change,9246.0,,412.0,,
StationTank,fuel_level_change,fuel_level_change,9247.0,,412.0,,
StationTank,fuel_level_change,fuel_level_change,9248.0,,412.0,,
StationTank,fuel_level_change,fuel_level_change,9249.0,,412.0,,
StationTank,fuel_level_change,fuel_level_change,9250.0,,412.0,,
StationTank,fuel_level_change,fuel_level_change,9251.0,,412.0,,
StationTank,fuel_level_change,fuel_level_change,9252.0,,412.0,,
StationTank,fuel_level_change,fuel_level_change,9253.0,,412.0,,
StationTank,fuel_level_change,fuel_level_change,9254.0,,412.0,,
Car 165,resource_use_end,pumping_ends,9255.0,1.0,,12.0,50.0
Car 165,arrival_departure,depart,9255.0,,,,
StationTank,fuel_level_change,fuel_level_change,9255.0,,412.0,,
Car 168,resource_use,payment_begins,9255.0,1.0,,16.0,50.0
StationTank,fuel_level_change,fuel_level_change,9256.0,,378.0,,
StationTank,fuel_level_change,fuel_level_change,9257.0,,378.0,,
StationTank,fuel_level_change,fuel_level_change,9258.0,,378.0,,
StationTank,fuel_level_change,fuel_level_change,9259.0,,378.0,,
StationTank,fuel_level_change,fuel_level_change,9260.0,,378.0,,
StationTank,fuel_level_change,fuel_level_change,9261.0,,378.0,,
StationTank,fuel_level_change,fuel_level_change,9262.0,,378.0,,
StationTank,fuel_level_change,fuel_level_change,9263.0,,378.0,,
StationTank,fuel_level_change,fuel_level_change,9264.0,,378.0,,
StationTank,fuel_level_change,fuel_level_change,9265.0,,378.0,,
Car 183,arrival_departure,arrival,9266.0,,,,
Car 183,queue,pump_queue_wait_begins,9266.0,,,17.0,50.0
StationTank,fuel_level_change,fuel_level_change,9266.0,,378.0,,
StationTank,fuel_level_change,fuel_level_change,9267.0,,378.0,,
StationTank,fuel_level_change,fuel_level_change,9268.0,,378.0,,
StationTank,fuel_level_change,fuel_level_change,9269.0,,378.0,,
StationTank,fuel_level_change,fuel_level_change,9270.0,,378.0,,
StationTank,fuel_level_change,fuel_level_change,9271.0,,378.0,,
StationTank,fuel_level_change,fuel_level_change,9272.0,,378.0,,
StationTank,fuel_level_change,fuel_level_change,9273.0,,378.0,,
StationTank,fuel_level_change,fuel_level_change,9274.0,,378.0,,
StationTank,fuel_level_change,fuel_level_change,9275.0,,378.0,,
StationTank,fuel_level_change,fuel_level_change,9276.0,,378.0,,
StationTank,fuel_level_change,fuel_level_change,9277.0,,378.0,,
StationTank,fuel_level_change,fuel_level_change,9278.0,,378.0,,
StationTank,fuel_level_change,fuel_level_change,9279.0,,378.0,,
StationTank,fuel_level_change,fuel_level_change,9280.0,,378.0,,
StationTank,fuel_level_change,fuel_level_change,9281.0,,378.0,,
StationTank,fuel_level_change,fuel_level_change,9282.0,,378.0,,
StationTank,fuel_level_change,fuel_level_change,9283.0,,378.0,,
StationTank,fuel_level_change,fuel_level_change,9284.0,,378.0,,
StationTank,fuel_level_change,fuel_level_change,9285.0,,378.0,,
StationTank,fuel_level_change,fuel_level_change,9286.0,,378.0,,
StationTank,fuel_level_change,fuel_level_change,9287.0,,378.0,,
StationTank,fuel_level_change,fuel_level_change,9288.0,,378.0,,
StationTank,fuel_level_change,fuel_level_change,9289.0,,378.0,,
StationTank,fuel_level_change,fuel_level_change,9290.0,,378.0,,
StationTank,fuel_level_change,fuel_level_change,9291.0,,378.0,,
StationTank,fuel_level_change,fuel_level_change,9292.0,,378.0,,
StationTank,fuel_level_change,fuel_level_change,9293.0,,378.0,,
StationTank,fuel_level_change,fuel_level_change,9294.0,,378.0,,
StationTank,fuel_level_change,fuel_level_change,9295.0,,378.0,,
StationTank,fuel_level_change,fuel_level_change,9296.0,,378.0,,
StationTank,fuel_level_change,fuel_level_change,9297.0,,378.0,,
StationTank,fuel_level_change,fuel_level_change,9298.0,,378.0,,
StationTank,fuel_level_change,fuel_level_change,9299.0,,378.0,,
StationTank,fuel_level_change,fuel_level_change,9300.0,,378.0,,
StationTank,fuel_level_change,fuel_level_change,9301.0,,378.0,,
StationTank,fuel_level_change,fuel_level_change,9302.0,,378.0,,
StationTank,fuel_level_change,fuel_level_change,9303.0,,378.0,,
StationTank,fuel_level_change,fuel_level_change,9304.0,,378.0,,
StationTank,fuel_level_change,fuel_level_change,9305.0,,378.0,,
StationTank,fuel_level_change,fuel_level_change,9306.0,,378.0,,
Car 167,resource_use_end,payment_ends,9307.0,2.0,,13.0,50.0
Car 167,resource_use,pumping_begins,9307.0,2.0,,13.0,50.0
StationTank,fuel_level_change,fuel_level_change,9307.0,,378.0,,
StationTank,fuel_level_change,fuel_level_change,9308.0,,378.0,,
StationTank,fuel_level_change,fuel_level_change,9309.0,,378.0,,
StationTank,fuel_level_change,fuel_level_change,9310.0,,378.0,,
Car 168,resource_use_end,payment_ends,9311.0,1.0,,16.0,50.0
Car 168,resource_use,pumping_begins,9311.0,1.0,,16.0,50.0
StationTank,fuel_level_change,fuel_level_change,9311.0,,378.0,,
StationTank,fuel_level_change,fuel_level_change,9312.0,,378.0,,
StationTank,fuel_level_change,fuel_level_change,9313.0,,378.0,,
StationTank,fuel_level_change,fuel_level_change,9314.0,,378.0,,
StationTank,fuel_level_change,fuel_level_change,9315.0,,378.0,,
StationTank,fuel_level_change,fuel_level_change,9316.0,,378.0,,
StationTank,fuel_level_change,fuel_level_change,9317.0,,378.0,,
StationTank,fuel_level_change,fuel_level_change,9318.0,,378.0,,
StationTank,fuel_level_change,fuel_level_change,9319.0,,378.0,,
StationTank,fuel_level_change,fuel_level_change,9320.0,,378.0,,
StationTank,fuel_level_change,fuel_level_change,9321.0,,378.0,,
Car 184,arrival_departure,arrival,9322.0,,,,
Car 184,queue,pump_queue_wait_begins,9322.0,,,22.0,50.0
StationTank,fuel_level_change,fuel_level_change,9322.0,,378.0,,
StationTank,fuel_level_change,fuel_level_change,9323.0,,378.0,,
StationTank,fuel_level_change,fuel_level_change,9324.0,,378.0,,
StationTank,fuel_level_change,fuel_level_change,9325.0,,378.0,,
StationTank,fuel_level_change,fuel_level_change,9326.0,,378.0,,
StationTank,fuel_level_change,fuel_level_change,9327.0,,378.0,,
StationTank,fuel_level_change,fuel_level_change,9328.0,,378.0,,
StationTank,fuel_level_change,fuel_level_change,9329.0,,378.0,,
StationTank,fuel_level_change,fuel_level_change,9330.0,,378.0,,
StationTank,fuel_level_change,fuel_level_change,9331.0,,378.0,,
StationTank,fuel_level_change,fuel_level_change,9332.0,,378.0,,
StationTank,fuel_level_change,fuel_level_change,9333.0,,378.0,,
StationTank,fuel_level_change,fuel_level_change,9334.0,,378.0,,
StationTank,fuel_level_change,fuel_level_change,9335.0,,378.0,,
StationTank,fuel_level_change,fuel_level_change,9336.0,,378.0,,
StationTank,fuel_level_change,fuel_level_change,9337.0,,378.0,,
StationTank,fuel_level_change,fuel_level_change,9338.0,,378.0,,
StationTank,fuel_level_change,fuel_level_change,9339.0,,378.0,,
StationTank,fuel_level_change,fuel_level_change,9340.0,,378.0,,
StationTank,fuel_level_change,fuel_level_change,9341.0,,378.0,,
StationTank,fuel_level_change,fuel_level_change,9342.0,,378.0,,
StationTank,fuel_level_change,fuel_level_change,9343.0,,378.0,,
Car 167,resource_use_end,pumping_ends,9344.0,2.0,,13.0,50.0
Car 167,arrival_departure,depart,9344.0,,,,
StationTank,fuel_level_change,fuel_level_change,9344.0,,378.0,,
Car 169,resource_use,payment_begins,9344.0,2.0,,17.0,50.0
Car 168,resource_use_end,pumping_ends,9345.0,1.0,,16.0,50.0
Car 168,arrival_departure,depart,9345.0,,,,
StationTank,fuel_level_change,fuel_level_change,9345.0,,345.0,,
Car 170,resource_use,payment_begins,9345.0,1.0,,15.0,50.0
StationTank,fuel_level_change,fuel_level_change,9346.0,,310.0,,
StationTank,fuel_level_change,fuel_level_change,9347.0,,310.0,,
StationTank,fuel_level_change,fuel_level_change,9348.0,,310.0,,
StationTank,fuel_level_change,fuel_level_change,9349.0,,310.0,,
StationTank,fuel_level_change,fuel_level_change,9350.0,,310.0,,
StationTank,fuel_level_change,fuel_level_change,9351.0,,310.0,,
StationTank,fuel_level_change,fuel_level_change,9352.0,,310.0,,
StationTank,fuel_level_change,fuel_level_change,9353.0,,310.0,,
StationTank,fuel_level_change,fuel_level_change,9354.0,,310.0,,
StationTank,fuel_level_change,fuel_level_change,9355.0,,310.0,,
StationTank,fuel_level_change,fuel_level_change,9356.0,,310.0,,
StationTank,fuel_level_change,fuel_level_change,9357.0,,310.0,,
StationTank,fuel_level_change,fuel_level_change,9358.0,,310.0,,
StationTank,fuel_level_change,fuel_level_change,9359.0,,310.0,,
StationTank,fuel_level_change,fuel_level_change,9360.0,,310.0,,
StationTank,fuel_level_change,fuel_level_change,9361.0,,310.0,,
StationTank,fuel_level_change,fuel_level_change,9362.0,,310.0,,
StationTank,fuel_level_change,fuel_level_change,9363.0,,310.0,,
StationTank,fuel_level_change,fuel_level_change,9364.0,,310.0,,
StationTank,fuel_level_change,fuel_level_change,9365.0,,310.0,,
StationTank,fuel_level_change,fuel_level_change,9366.0,,310.0,,
StationTank,fuel_level_change,fuel_level_change,9367.0,,310.0,,
StationTank,fuel_level_change,fuel_level_change,9368.0,,310.0,,
StationTank,fuel_level_change,fuel_level_change,9369.0,,310.0,,
StationTank,fuel_level_change,fuel_level_change,9370.0,,310.0,,
StationTank,fuel_level_change,fuel_level_change,9371.0,,310.0,,
StationTank,fuel_level_change,fuel_level_change,9372.0,,310.0,,
StationTank,fuel_level_change,fuel_level_change,9373.0,,310.0,,
Car 185,arrival_departure,arrival,9374.0,,,,
Car 185,queue,pump_queue_wait_begins,9374.0,,,17.0,50.0
StationTank,fuel_level_change,fuel_level_change,9374.0,,310.0,,
StationTank,fuel_level_change,fuel_level_change,9375.0,,310.0,,
StationTank,fuel_level_change,fuel_level_change,9376.0,,310.0,,
StationTank,fuel_level_change,fuel_level_change,9377.0,,310.0,,
StationTank,fuel_level_change,fuel_level_change,9378.0,,310.0,,
StationTank,fuel_level_change,fuel_level_change,9379.0,,310.0,,
StationTank,fuel_level_change,fuel_level_change,9380.0,,310.0,,
StationTank,fuel_level_change,fuel_level_change,9381.0,,310.0,,
Car 169,resource_use_end,payment_ends,9382.0,2.0,,17.0,50.0
Car 169,resource_use,pumping_begins,9382.0,2.0,,17.0,50.0
StationTank,fuel_level_change,fuel_level_change,9382.0,,310.0,,
StationTank,fuel_level_change,fuel_level_change,9383.0,,310.0,,
StationTank,fuel_level_change,fuel_level_change,9384.0,,310.0,,
StationTank,fuel_level_change,fuel_level_change,9385.0,,310.0,,
StationTank,fuel_level_change,fuel_level_change,9386.0,,310.0,,
Car 170,resource_use_end,payment_ends,9387.0,1.0,,15.0,50.0
Car 170,resource_use,pumping_begins,9387.0,1.0,,15.0,50.0
StationTank,fuel_level_change,fuel_level_change,9387.0,,310.0,,
StationTank,fuel_level_change,fuel_level_change,9388.0,,310.0,,
StationTank,fuel_level_change,fuel_level_change,9389.0,,310.0,,
StationTank,fuel_level_change,fuel_level_change,9390.0,,310.0,,
StationTank,fuel_level_change,fuel_level_change,9391.0,,310.0,,
StationTank,fuel_level_change,fuel_level_change,9392.0,,310.0,,
StationTank,fuel_level_change,fuel_level_change,9393.0,,310.0,,
StationTank,fuel_level_change,fuel_level_change,9394.0,,310.0,,
StationTank,fuel_level_change,fuel_level_change,9395.0,,310.0,,
StationTank,fuel_level_change,fuel_level_change,9396.0,,310.0,,
StationTank,fuel_level_change,fuel_level_change,9397.0,,310.0,,
StationTank,fuel_level_change,fuel_level_change,9398.0,,310.0,,
StationTank,fuel_level_change,fuel_level_change,9399.0,,310.0,,
StationTank,fuel_level_change,fuel_level_change,9400.0,,310.0,,
StationTank,fuel_level_change,fuel_level_change,9401.0,,310.0,,
StationTank,fuel_level_change,fuel_level_change,9402.0,,310.0,,
StationTank,fuel_level_change,fuel_level_change,9403.0,,310.0,,
StationTank,fuel_level_change,fuel_level_change,9404.0,,310.0,,
StationTank,fuel_level_change,fuel_level_change,9405.0,,310.0,,
StationTank,fuel_level_change,fuel_level_change,9406.0,,310.0,,
StationTank,fuel_level_change,fuel_level_change,9407.0,,310.0,,
StationTank,fuel_level_change,fuel_level_change,9408.0,,310.0,,
StationTank,fuel_level_change,fuel_level_change,9409.0,,310.0,,
StationTank,fuel_level_change,fuel_level_change,9410.0,,310.0,,
StationTank,fuel_level_change,fuel_level_change,9411.0,,310.0,,
StationTank,fuel_level_change,fuel_level_change,9412.0,,310.0,,
StationTank,fuel_level_change,fuel_level_change,9413.0,,310.0,,
StationTank,fuel_level_change,fuel_level_change,9414.0,,310.0,,
Car 169,resource_use_end,pumping_ends,9415.0,2.0,,17.0,50.0
Car 169,arrival_departure,depart,9415.0,,,,
StationTank,fuel_level_change,fuel_level_change,9415.0,,310.0,,
Car 171,resource_use,payment_begins,9415.0,2.0,,13.0,50.0
StationTank,fuel_level_change,fuel_level_change,9416.0,,273.0,,
StationTank,fuel_level_change,fuel_level_change,9417.0,,273.0,,
StationTank,fuel_level_change,fuel_level_change,9418.0,,273.0,,
StationTank,fuel_level_change,fuel_level_change,9419.0,,273.0,,
StationTank,fuel_level_change,fuel_level_change,9420.0,,273.0,,
StationTank,fuel_level_change,fuel_level_change,9421.0,,273.0,,
Car 170,resource_use_end,pumping_ends,9422.0,1.0,,15.0,50.0
Car 170,arrival_departure,depart,9422.0,,,,
StationTank,fuel_level_change,fuel_level_change,9422.0,,273.0,,
Car 172,resource_use,payment_begins,9422.0,1.0,,13.0,50.0
StationTank,fuel_level_change,fuel_level_change,9423.0,,236.0,,
StationTank,fuel_level_change,fuel_level_change,9424.0,,236.0,,
StationTank,fuel_level_change,fuel_level_change,9425.0,,236.0,,
StationTank,fuel_level_change,fuel_level_change,9426.0,,236.0,,
StationTank,fuel_level_change,fuel_level_change,9427.0,,236.0,,
StationTank,fuel_level_change,fuel_level_change,9428.0,,236.0,,
StationTank,fuel_level_change,fuel_level_change,9429.0,,236.0,,
StationTank,fuel_level_change,fuel_level_change,9430.0,,236.0,,
StationTank,fuel_level_change,fuel_level_change,9431.0,,236.0,,
StationTank,fuel_level_change,fuel_level_change,9432.0,,236.0,,
StationTank,fuel_level_change,fuel_level_change,9433.0,,236.0,,
StationTank,fuel_level_change,fuel_level_change,9434.0,,236.0,,
StationTank,fuel_level_change,fuel_level_change,9435.0,,236.0,,
StationTank,fuel_level_change,fuel_level_change,9436.0,,236.0,,
StationTank,fuel_level_change,fuel_level_change,9437.0,,236.0,,
StationTank,fuel_level_change,fuel_level_change,9438.0,,236.0,,
StationTank,fuel_level_change,fuel_level_change,9439.0,,236.0,,
StationTank,fuel_level_change,fuel_level_change,9440.0,,236.0,,
StationTank,fuel_level_change,fuel_level_change,9441.0,,236.0,,
Car 186,arrival_departure,arrival,9442.0,,,,
Car 186,queue,pump_queue_wait_begins,9442.0,,,24.0,50.0
StationTank,fuel_level_change,fuel_level_change,9442.0,,236.0,,
StationTank,fuel_level_change,fuel_level_change,9443.0,,236.0,,
StationTank,fuel_level_change,fuel_level_change,9444.0,,236.0,,
StationTank,fuel_level_change,fuel_level_change,9445.0,,236.0,,
StationTank,fuel_level_change,fuel_level_change,9446.0,,236.0,,
StationTank,fuel_level_change,fuel_level_change,9447.0,,236.0,,
StationTank,fuel_level_change,fuel_level_change,9448.0,,236.0,,
StationTank,fuel_level_change,fuel_level_change,9449.0,,236.0,,
StationTank,fuel_level_change,fuel_level_change,9450.0,,236.0,,
StationTank,fuel_level_change,fuel_level_change,9451.0,,236.0,,
StationTank,fuel_level_change,fuel_level_change,9452.0,,236.0,,
StationTank,fuel_level_change,fuel_level_change,9453.0,,236.0,,
StationTank,fuel_level_change,fuel_level_change,9454.0,,236.0,,
StationTank,fuel_level_change,fuel_level_change,9455.0,,236.0,,
StationTank,fuel_level_change,fuel_level_change,9456.0,,236.0,,
StationTank,fuel_level_change,fuel_level_change,9457.0,,236.0,,
StationTank,fuel_level_change,fuel_level_change,9458.0,,236.0,,
StationTank,fuel_level_change,fuel_level_change,9459.0,,236.0,,
StationTank,fuel_level_change,fuel_level_change,9460.0,,236.0,,
StationTank,fuel_level_change,fuel_level_change,9461.0,,236.0,,
StationTank,fuel_level_change,fuel_level_change,9462.0,,236.0,,
StationTank,fuel_level_change,fuel_level_change,9463.0,,236.0,,
StationTank,fuel_level_change,fuel_level_change,9464.0,,236.0,,
StationTank,fuel_level_change,fuel_level_change,9465.0,,236.0,,
StationTank,fuel_level_change,fuel_level_change,9466.0,,236.0,,
StationTank,fuel_level_change,fuel_level_change,9467.0,,236.0,,
StationTank,fuel_level_change,fuel_level_change,9468.0,,236.0,,
StationTank,fuel_level_change,fuel_level_change,9469.0,,236.0,,
StationTank,fuel_level_change,fuel_level_change,9470.0,,236.0,,
StationTank,fuel_level_change,fuel_level_change,9471.0,,236.0,,
StationTank,fuel_level_change,fuel_level_change,9472.0,,236.0,,
StationTank,fuel_level_change,fuel_level_change,9473.0,,236.0,,
StationTank,fuel_level_change,fuel_level_change,9474.0,,236.0,,
StationTank,fuel_level_change,fuel_level_change,9475.0,,236.0,,
StationTank,fuel_level_change,fuel_level_change,9476.0,,236.0,,
StationTank,fuel_level_change,fuel_level_change,9477.0,,236.0,,
StationTank,fuel_level_change,fuel_level_change,9478.0,,236.0,,
Car 187,arrival_departure,arrival,9479.0,,,,
Car 187,queue,pump_queue_wait_begins,9479.0,,,14.0,50.0
StationTank,fuel_level_change,fuel_level_change,9479.0,,236.0,,
StationTank,fuel_level_change,fuel_level_change,9480.0,,236.0,,
StationTank,fuel_level_change,fuel_level_change,9481.0,,236.0,,
StationTank,fuel_level_change,fuel_level_change,9482.0,,236.0,,
StationTank,fuel_level_change,fuel_level_change,9483.0,,236.0,,
StationTank,fuel_level_change,fuel_level_change,9484.0,,236.0,,
StationTank,fuel_level_change,fuel_level_change,9485.0,,236.0,,
StationTank,fuel_level_change,fuel_level_change,9486.0,,236.0,,
StationTank,fuel_level_change,fuel_level_change,9487.0,,236.0,,
Car 171,resource_use_end,payment_ends,9488.0,2.0,,13.0,50.0
Car 171,resource_use,pumping_begins,9488.0,2.0,,13.0,50.0
StationTank,fuel_level_change,fuel_level_change,9488.0,,236.0,,
StationTank,fuel_level_change,fuel_level_change,9489.0,,236.0,,
StationTank,fuel_level_change,fuel_level_change,9490.0,,236.0,,
StationTank,fuel_level_change,fuel_level_change,9491.0,,236.0,,
StationTank,fuel_level_change,fuel_level_change,9492.0,,236.0,,
StationTank,fuel_level_change,fuel_level_change,9493.0,,236.0,,
StationTank,fuel_level_change,fuel_level_change,9494.0,,236.0,,
StationTank,fuel_level_change,fuel_level_change,9495.0,,236.0,,
StationTank,fuel_level_change,fuel_level_change,9496.0,,236.0,,
StationTank,fuel_level_change,fuel_level_change,9497.0,,236.0,,
StationTank,fuel_level_change,fuel_level_change,9498.0,,236.0,,
Car 172,resource_use_end,payment_ends,9499.0,1.0,,13.0,50.0
Car 172,resource_use,pumping_begins,9499.0,1.0,,13.0,50.0
StationTank,fuel_level_change,fuel_level_change,9499.0,,236.0,,
StationTank,fuel_level_change,fuel_level_change,9500.0,,236.0,,
StationTank,fuel_level_change,fuel_level_change,9501.0,,236.0,,
StationTank,fuel_level_change,fuel_level_change,9502.0,,236.0,,
StationTank,fuel_level_change,fuel_level_change,9503.0,,236.0,,
StationTank,fuel_level_change,fuel_level_change,9504.0,,236.0,,
StationTank,fuel_level_change,fuel_level_change,9505.0,,236.0,,
StationTank,fuel_level_change,fuel_level_change,9506.0,,236.0,,
StationTank,fuel_level_change,fuel_level_change,9507.0,,236.0,,
StationTank,fuel_level_change,fuel_level_change,9508.0,,236.0,,
StationTank,fuel_level_change,fuel_level_change,9509.0,,236.0,,
StationTank,fuel_level_change,fuel_level_change,9510.0,,236.0,,
StationTank,fuel_level_change,fuel_level_change,9511.0,,236.0,,
StationTank,fuel_level_change,fuel_level_change,9512.0,,236.0,,
StationTank,fuel_level_change,fuel_level_change,9513.0,,236.0,,
StationTank,fuel_level_change,fuel_level_change,9514.0,,236.0,,
StationTank,fuel_level_change,fuel_level_change,9515.0,,236.0,,
StationTank,fuel_level_change,fuel_level_change,9516.0,,236.0,,
StationTank,fuel_level_change,fuel_level_change,9517.0,,236.0,,
StationTank,fuel_level_change,fuel_level_change,9518.0,,236.0,,
StationTank,fuel_level_change,fuel_level_change,9519.0,,236.0,,
StationTank,fuel_level_change,fuel_level_change,9520.0,,236.0,,
StationTank,fuel_level_change,fuel_level_change,9521.0,,236.0,,
StationTank,fuel_level_change,fuel_level_change,9522.0,,236.0,,
StationTank,fuel_level_change,fuel_level_change,9523.0,,236.0,,
StationTank,fuel_level_change,fuel_level_change,9524.0,,236.0,,
Car 171,resource_use_end,pumping_ends,9525.0,2.0,,13.0,50.0
Car 171,arrival_departure,depart,9525.0,,,,
StationTank,fuel_level_change,fuel_level_change,9525.0,,236.0,,
Car 173,resource_use,payment_begins,9525.0,2.0,,16.0,50.0
StationTank,fuel_level_change,fuel_level_change,9526.0,,202.0,,
StationTank,fuel_level_change,fuel_level_change,9527.0,,202.0,,
StationTank,fuel_level_change,fuel_level_change,9528.0,,202.0,,
StationTank,fuel_level_change,fuel_level_change,9529.0,,202.0,,
StationTank,fuel_level_change,fuel_level_change,9530.0,,202.0,,
StationTank,fuel_level_change,fuel_level_change,9531.0,,202.0,,
StationTank,fuel_level_change,fuel_level_change,9532.0,,202.0,,
StationTank,fuel_level_change,fuel_level_change,9533.0,,202.0,,
StationTank,fuel_level_change,fuel_level_change,9534.0,,202.0,,
StationTank,fuel_level_change,fuel_level_change,9535.0,,202.0,,
Car 172,resource_use_end,pumping_ends,9536.0,1.0,,13.0,50.0
Car 172,arrival_departure,depart,9536.0,,,,
StationTank,fuel_level_change,fuel_level_change,9536.0,,202.0,,
Car 174,resource_use,payment_begins,9536.0,1.0,,18.0,50.0
StationTank,fuel_level_change,fuel_level_change,9537.0,,170.0,,
StationTank,fuel_level_change,fuel_level_change,9538.0,,170.0,,
StationTank,fuel_level_change,fuel_level_change,9539.0,,170.0,,
StationTank,fuel_level_change,fuel_level_change,9540.0,,170.0,,
StationTank,fuel_level_change,fuel_level_change,9541.0,,170.0,,
StationTank,fuel_level_change,fuel_level_change,9542.0,,170.0,,
StationTank,fuel_level_change,fuel_level_change,9543.0,,170.0,,
StationTank,fuel_level_change,fuel_level_change,9544.0,,170.0,,
StationTank,fuel_level_change,fuel_level_change,9545.0,,170.0,,
StationTank,fuel_level_change,fuel_level_change,9546.0,,170.0,,
StationTank,fuel_level_change,fuel_level_change,9547.0,,170.0,,
StationTank,fuel_level_change,fuel_level_change,9548.0,,170.0,,
StationTank,fuel_level_change,fuel_level_change,9549.0,,170.0,,
StationTank,fuel_level_change,fuel_level_change,9550.0,,170.0,,
StationTank,fuel_level_change,fuel_level_change,9551.0,,170.0,,
StationTank,fuel_level_change,fuel_level_change,9552.0,,170.0,,
StationTank,fuel_level_change,fuel_level_change,9553.0,,170.0,,
StationTank,fuel_level_change,fuel_level_change,9554.0,,170.0,,
StationTank,fuel_level_change,fuel_level_change,9555.0,,170.0,,
StationTank,fuel_level_change,fuel_level_change,9556.0,,170.0,,
StationTank,fuel_level_change,fuel_level_change,9557.0,,170.0,,
StationTank,fuel_level_change,fuel_level_change,9558.0,,170.0,,
StationTank,fuel_level_change,fuel_level_change,9559.0,,170.0,,
StationTank,fuel_level_change,fuel_level_change,9560.0,,170.0,,
StationTank,fuel_level_change,fuel_level_change,9561.0,,170.0,,
StationTank,fuel_level_change,fuel_level_change,9562.0,,170.0,,
StationTank,fuel_level_change,fuel_level_change,9563.0,,170.0,,
StationTank,fuel_level_change,fuel_level_change,9564.0,,170.0,,
StationTank,fuel_level_change,fuel_level_change,9565.0,,170.0,,
Car 188,arrival_departure,arrival,9566.0,,,,
Car 188,queue,pump_queue_wait_begins,9566.0,,,14.0,50.0
StationTank,fuel_level_change,fuel_level_change,9566.0,,170.0,,
StationTank,fuel_level_change,fuel_level_change,9567.0,,170.0,,
StationTank,fuel_level_change,fuel_level_change,9568.0,,170.0,,
StationTank,fuel_level_change,fuel_level_change,9569.0,,170.0,,
StationTank,fuel_level_change,fuel_level_change,9570.0,,170.0,,
StationTank,fuel_level_change,fuel_level_change,9571.0,,170.0,,
StationTank,fuel_level_change,fuel_level_change,9572.0,,170.0,,
StationTank,fuel_level_change,fuel_level_change,9573.0,,170.0,,
StationTank,fuel_level_change,fuel_level_change,9574.0,,170.0,,
StationTank,fuel_level_change,fuel_level_change,9575.0,,170.0,,
StationTank,fuel_level_change,fuel_level_change,9576.0,,170.0,,
StationTank,fuel_level_change,fuel_level_change,9577.0,,170.0,,
StationTank,fuel_level_change,fuel_level_change,9578.0,,170.0,,
StationTank,fuel_level_change,fuel_level_change,9579.0,,170.0,,
Car 173,resource_use_end,payment_ends,9580.0,2.0,,16.0,50.0
Car 173,resource_use,pumping_begins,9580.0,2.0,,16.0,50.0
StationTank,fuel_level_change,fuel_level_change,9580.0,,170.0,,
Car 189,arrival_departure,arrival,9581.0,,,,
Car 189,queue,pump_queue_wait_begins,9581.0,,,11.0,50.0
StationTank,fuel_level_change,fuel_level_change,9581.0,,170.0,,
StationTank,fuel_level_change,fuel_level_change,9582.0,,170.0,,
StationTank,fuel_level_change,fuel_level_change,9583.0,,170.0,,
StationTank,fuel_level_change,fuel_level_change,9584.0,,170.0,,
StationTank,fuel_level_change,fuel_level_change,9585.0,,170.0,,
StationTank,fuel_level_change,fuel_level_change,9586.0,,170.0,,
StationTank,fuel_level_change,fuel_level_change,9587.0,,170.0,,
StationTank,fuel_level_change,fuel_level_change,9588.0,,170.0,,
StationTank,fuel_level_change,fuel_level_change,9589.0,,170.0,,
StationTank,fuel_level_change,fuel_level_change,9590.0,,170.0,,
StationTank,fuel_level_change,fuel_level_change,9591.0,,170.0,,
StationTank,fuel_level_change,fuel_level_change,9592.0,,170.0,,
StationTank,fuel_level_change,fuel_level_change,9593.0,,170.0,,
StationTank,fuel_level_change,fuel_level_change,9594.0,,170.0,,
StationTank,fuel_level_change,fuel_level_change,9595.0,,170.0,,
StationTank,fuel_level_change,fuel_level_change,9596.0,,170.0,,
StationTank,fuel_level_change,fuel_level_change,9597.0,,170.0,,
StationTank,fuel_level_change,fuel_level_change,9598.0,,170.0,,
StationTank,fuel_level_change,fuel_level_change,9599.0,,170.0,,
StationTank,fuel_level_change,fuel_level_change,9600.0,,170.0,,
Car 174,resource_use_end,payment_ends,9601.0,1.0,,18.0,50.0
Car 174,resource_use,pumping_begins,9601.0,1.0,,18.0,50.0
StationTank,fuel_level_change,fuel_level_change,9601.0,,170.0,,
StationTank,fuel_level_change,fuel_level_change,9602.0,,170.0,,
StationTank,fuel_level_change,fuel_level_change,9603.0,,170.0,,
StationTank,fuel_level_change,fuel_level_change,9604.0,,170.0,,
StationTank,fuel_level_change,fuel_level_change,9605.0,,170.0,,
StationTank,fuel_level_change,fuel_level_change,9606.0,,170.0,,
StationTank,fuel_level_change,fuel_level_change,9607.0,,170.0,,
StationTank,fuel_level_change,fuel_level_change,9608.0,,170.0,,
StationTank,fuel_level_change,fuel_level_change,9609.0,,170.0,,
StationTank,fuel_level_change,fuel_level_change,9610.0,,170.0,,
StationTank,fuel_level_change,fuel_level_change,9611.0,,170.0,,
StationTank,fuel_level_change,fuel_level_change,9612.0,,170.0,,
StationTank,fuel_level_change,fuel_level_change,9613.0,,170.0,,
Car 173,resource_use_end,pumping_ends,9614.0,2.0,,16.0,50.0
Car 173,arrival_departure,depart,9614.0,,,,
StationTank,fuel_level_change,fuel_level_change,9614.0,,170.0,,
Car 175,resource_use,payment_begins,9614.0,2.0,,8.0,50.0
StationTank,fuel_level_change,fuel_level_change,9615.0,,128.0,,
StationTank,fuel_level_change,fuel_level_change,9616.0,,128.0,,
StationTank,fuel_level_change,fuel_level_change,9617.0,,128.0,,
StationTank,fuel_level_change,fuel_level_change,9618.0,,128.0,,
StationTank,fuel_level_change,fuel_level_change,9619.0,,128.0,,
StationTank,fuel_level_change,fuel_level_change,9620.0,,128.0,,
StationTank,fuel_level_change,fuel_level_change,9621.0,,128.0,,
StationTank,fuel_level_change,fuel_level_change,9622.0,,128.0,,
StationTank,fuel_level_change,fuel_level_change,9623.0,,128.0,,
StationTank,fuel_level_change,fuel_level_change,9624.0,,128.0,,
StationTank,fuel_level_change,fuel_level_change,9625.0,,128.0,,
StationTank,fuel_level_change,fuel_level_change,9626.0,,128.0,,
StationTank,fuel_level_change,fuel_level_change,9627.0,,128.0,,
StationTank,fuel_level_change,fuel_level_change,9628.0,,128.0,,
StationTank,fuel_level_change,fuel_level_change,9629.0,,128.0,,
StationTank,fuel_level_change,fuel_level_change,9630.0,,128.0,,
StationTank,fuel_level_change,fuel_level_change,9631.0,,128.0,,
Car 190,arrival_departure,arrival,9632.0,,,,
Car 190,queue,pump_queue_wait_begins,9632.0,,,24.0,50.0
StationTank,fuel_level_change,fuel_level_change,9632.0,,128.0,,
Car 174,resource_use_end,pumping_ends,9633.0,1.0,,18.0,50.0
Car 174,arrival_departure,depart,9633.0,,,,
StationTank,fuel_level_change,fuel_level_change,9633.0,,128.0,,
Car 176,resource_use,payment_begins,9633.0,1.0,,23.0,50.0
StationTank,fuel_level_change,fuel_level_change,9634.0,,101.0,,
StationTank,fuel_level_change,fuel_level_change,9635.0,,101.0,,
StationTank,fuel_level_change,fuel_level_change,9636.0,,101.0,,
StationTank,fuel_level_change,fuel_level_change,9637.0,,101.0,,
StationTank,fuel_level_change,fuel_level_change,9638.0,,101.0,,
Call 9,arrival_departure,arrival,9639.0,,,,
Call 9,queue,calling_truck,9639.0,,,,
StationTank,fuel_level_change,fuel_level_change,9639.0,,101.0,,
StationTank,fuel_level_change,fuel_level_change,9640.0,,101.0,,
StationTank,fuel_level_change,fuel_level_change,9641.0,,101.0,,
StationTank,fuel_level_change,fuel_level_change,9642.0,,101.0,,
StationTank,fuel_level_change,fuel_level_change,9643.0,,101.0,,
StationTank,fuel_level_change,fuel_level_change,9644.0,,101.0,,
StationTank,fuel_level_change,fuel_level_change,9645.0,,101.0,,
StationTank,fuel_level_change,fuel_level_change,9646.0,,101.0,,
StationTank,fuel_level_change,fuel_level_change,9647.0,,101.0,,
StationTank,fuel_level_change,fuel_level_change,9648.0,,101.0,,
StationTank,fuel_level_change,fuel_level_change,9649.0,,101.0,,
StationTank,fuel_level_change,fuel_level_change,9650.0,,101.0,,
StationTank,fuel_level_change,fuel_level_change,9651.0,,101.0,,
StationTank,fuel_level_change,fuel_level_change,9652.0,,101.0,,
StationTank,fuel_level_change,fuel_level_change,9653.0,,101.0,,
StationTank,fuel_level_change,fuel_level_change,9654.0,,101.0,,
StationTank,fuel_level_change,fuel_level_change,9655.0,,101.0,,
StationTank,fuel_level_change,fuel_level_change,9656.0,,101.0,,
StationTank,fuel_level_change,fuel_level_change,9657.0,,101.0,,
StationTank,fuel_level_change,fuel_level_change,9658.0,,101.0,,
StationTank,fuel_level_change,fuel_level_change,9659.0,,101.0,,
StationTank,fuel_level_change,fuel_level_change,9660.0,,101.0,,
StationTank,fuel_level_change,fuel_level_change,9661.0,,101.0,,
StationTank,fuel_level_change,fuel_level_change,9662.0,,101.0,,
StationTank,fuel_level_change,fuel_level_change,9663.0,,101.0,,
StationTank,fuel_level_change,fuel_level_change,9664.0,,101.0,,
StationTank,fuel_level_change,fuel_level_change,9665.0,,101.0,,
StationTank,fuel_level_change,fuel_level_change,9666.0,,101.0,,
StationTank,fuel_level_change,fuel_level_change,9667.0,,101.0,,
StationTank,fuel_level_change,fuel_level_change,9668.0,,101.0,,
StationTank,fuel_level_change,fuel_level_change,9669.0,,101.0,,
StationTank,fuel_level_change,fuel_level_change,9670.0,,101.0,,
Car 175,resource_use_end,payment_ends,9671.0,2.0,,8.0,50.0
Car 175,resource_use,pumping_begins,9671.0,2.0,,8.0,50.0
StationTank,fuel_level_change,fuel_level_change,9671.0,,101.0,,
StationTank,fuel_level_change,fuel_level_change,9672.0,,101.0,,
StationTank,fuel_level_change,fuel_level_change,9673.0,,101.0,,
StationTank,fuel_level_change,fuel_level_change,9674.0,,101.0,,
StationTank,fuel_level_change,fuel_level_change,9675.0,,101.0,,
StationTank,fuel_level_change,fuel_level_change,9676.0,,101.0,,
StationTank,fuel_level_change,fuel_level_change,9677.0,,101.0,,
StationTank,fuel_level_change,fuel_level_change,9678.0,,101.0,,
StationTank,fuel_level_change,fuel_level_change,9679.0,,101.0,,
StationTank,fuel_level_change,fuel_level_change,9680.0,,101.0,,
StationTank,fuel_level_change,fuel_level_change,9681.0,,101.0,,
StationTank,fuel_level_change,fuel_level_change,9682.0,,101.0,,
StationTank,fuel_level_change,fuel_level_change,9683.0,,101.0,,
StationTank,fuel_level_change,fuel_level_change,9684.0,,101.0,,
StationTank,fuel_level_change,fuel_level_change,9685.0,,101.0,,
StationTank,fuel_level_change,fuel_level_change,9686.0,,101.0,,
StationTank,fuel_level_change,fuel_level_change,9687.0,,101.0,,
StationTank,fuel_level_change,fuel_level_change,9688.0,,101.0,,
StationTank,fuel_level_change,fuel_level_change,9689.0,,101.0,,
StationTank,fuel_level_change,fuel_level_change,9690.0,,101.0,,
StationTank,fuel_level_change,fuel_level_change,9691.0,,101.0,,
StationTank,fuel_level_change,fuel_level_change,9692.0,,101.0,,
StationTank,fuel_level_change,fuel_level_change,9693.0,,101.0,,
StationTank,fuel_level_change,fuel_level_change,9694.0,,101.0,,
StationTank,fuel_level_change,fuel_level_change,9695.0,,101.0,,
StationTank,fuel_level_change,fuel_level_change,9696.0,,101.0,,
StationTank,fuel_level_change,fuel_level_change,9697.0,,101.0,,
StationTank,fuel_level_change,fuel_level_change,9698.0,,101.0,,
StationTank,fuel_level_change,fuel_level_change,9699.0,,101.0,,
StationTank,fuel_level_change,fuel_level_change,9700.0,,101.0,,
StationTank,fuel_level_change,fuel_level_change,9701.0,,101.0,,
StationTank,fuel_level_change,fuel_level_change,9702.0,,101.0,,
StationTank,fuel_level_change,fuel_level_change,9703.0,,101.0,,
Car 176,resource_use_end,payment_ends,9704.0,1.0,,23.0,50.0
Car 176,resource_use,pumping_begins,9704.0,1.0,,23.0,50.0
StationTank,fuel_level_change,fuel_level_change,9704.0,,101.0,,
StationTank,fuel_level_change,fuel_level_change,9705.0,,101.0,,
StationTank,fuel_level_change,fuel_level_change,9706.0,,101.0,,
StationTank,fuel_level_change,fuel_level_change,9707.0,,101.0,,
StationTank,fuel_level_change,fuel_level_change,9708.0,,101.0,,
StationTank,fuel_level_change,fuel_level_change,9709.0,,101.0,,
StationTank,fuel_level_change,fuel_level_change,9710.0,,101.0,,
StationTank,fuel_level_change,fuel_level_change,9711.0,,101.0,,
StationTank,fuel_level_change,fuel_level_change,9712.0,,101.0,,
Car 175,resource_use_end,pumping_ends,9713.0,2.0,,8.0,50.0
Car 175,arrival_departure,depart,9713.0,,,,
StationTank,fuel_level_change,fuel_level_change,9713.0,,101.0,,
Car 177,resource_use,payment_begins,9713.0,2.0,,18.0,50.0
StationTank,fuel_level_change,fuel_level_change,9714.0,,69.0,,
StationTank,fuel_level_change,fuel_level_change,9715.0,,69.0,,
StationTank,fuel_level_change,fuel_level_change,9716.0,,69.0,,
StationTank,fuel_level_change,fuel_level_change,9717.0,,69.0,,
StationTank,fuel_level_change,fuel_level_change,9718.0,,69.0,,
StationTank,fuel_level_change,fuel_level_change,9719.0,,69.0,,
StationTank,fuel_level_change,fuel_level_change,9720.0,,69.0,,
Car 191,arrival_departure,arrival,9721.0,,,,
Car 191,queue,pump_queue_wait_begins,9721.0,,,19.0,50.0
StationTank,fuel_level_change,fuel_level_change,9721.0,,69.0,,
StationTank,fuel_level_change,fuel_level_change,9722.0,,69.0,,
StationTank,fuel_level_change,fuel_level_change,9723.0,,69.0,,
StationTank,fuel_level_change,fuel_level_change,9724.0,,69.0,,
StationTank,fuel_level_change,fuel_level_change,9725.0,,69.0,,
StationTank,fuel_level_change,fuel_level_change,9726.0,,69.0,,
StationTank,fuel_level_change,fuel_level_change,9727.0,,69.0,,
StationTank,fuel_level_change,fuel_level_change,9728.0,,69.0,,
StationTank,fuel_level_change,fuel_level_change,9729.0,,69.0,,
StationTank,fuel_level_change,fuel_level_change,9730.0,,69.0,,
Car 176,resource_use_end,pumping_ends,9731.0,1.0,,23.0,50.0
Car 176,arrival_departure,depart,9731.0,,,,
StationTank,fuel_level_change,fuel_level_change,9731.0,,69.0,,
Car 178,resource_use,payment_begins,9731.0,1.0,,21.0,50.0
StationTank,fuel_level_change,fuel_level_change,9732.0,,40.0,,
StationTank,fuel_level_change,fuel_level_change,9733.0,,40.0,,
StationTank,fuel_level_change,fuel_level_change,9734.0,,40.0,,
StationTank,fuel_level_change,fuel_level_change,9735.0,,40.0,,
StationTank,fuel_level_change,fuel_level_change,9736.0,,40.0,,
StationTank,fuel_level_change,fuel_level_change,9737.0,,40.0,,
StationTank,fuel_level_change,fuel_level_change,9738.0,,40.0,,
StationTank,fuel_level_change,fuel_level_change,9739.0,,40.0,,
StationTank,fuel_level_change,fuel_level_change,9740.0,,40.0,,
StationTank,fuel_level_change,fuel_level_change,9741.0,,40.0,,
StationTank,fuel_level_change,fuel_level_change,9742.0,,40.0,,
StationTank,fuel_level_change,fuel_level_change,9743.0,,40.0,,
StationTank,fuel_level_change,fuel_level_change,9744.0,,40.0,,
StationTank,fuel_level_change,fuel_level_change,9745.0,,40.0,,
StationTank,fuel_level_change,fuel_level_change,9746.0,,40.0,,
StationTank,fuel_level_change,fuel_level_change,9747.0,,40.0,,
StationTank,fuel_level_change,fuel_level_change,9748.0,,40.0,,
StationTank,fuel_level_change,fuel_level_change,9749.0,,40.0,,
StationTank,fuel_level_change,fuel_level_change,9750.0,,40.0,,
StationTank,fuel_level_change,fuel_level_change,9751.0,,40.0,,
StationTank,fuel_level_change,fuel_level_change,9752.0,,40.0,,
StationTank,fuel_level_change,fuel_level_change,9753.0,,40.0,,
StationTank,fuel_level_change,fuel_level_change,9754.0,,40.0,,
StationTank,fuel_level_change,fuel_level_change,9755.0,,40.0,,
StationTank,fuel_level_change,fuel_level_change,9756.0,,40.0,,
StationTank,fuel_level_change,fuel_level_change,9757.0,,40.0,,
StationTank,fuel_level_change,fuel_level_change,9758.0,,40.0,,
StationTank,fuel_level_change,fuel_level_change,9759.0,,40.0,,
StationTank,fuel_level_change,fuel_level_change,9760.0,,40.0,,
StationTank,fuel_level_change,fuel_level_change,9761.0,,40.0,,
StationTank,fuel_level_change,fuel_level_change,9762.0,,40.0,,
Car 177,resource_use_end,payment_ends,9763.0,2.0,,18.0,50.0
Car 177,resource_use,pumping_begins,9763.0,2.0,,18.0,50.0
StationTank,fuel_level_change,fuel_level_change,9763.0,,40.0,,
StationTank,fuel_level_change,fuel_level_change,9764.0,,40.0,,
StationTank,fuel_level_change,fuel_level_change,9765.0,,40.0,,
StationTank,fuel_level_change,fuel_level_change,9766.0,,40.0,,
StationTank,fuel_level_change,fuel_level_change,9767.0,,40.0,,
StationTank,fuel_level_change,fuel_level_change,9768.0,,40.0,,
StationTank,fuel_level_change,fuel_level_change,9769.0,,40.0,,
StationTank,fuel_level_change,fuel_level_change,9770.0,,40.0,,
StationTank,fuel_level_change,fuel_level_change,9771.0,,40.0,,
StationTank,fuel_level_change,fuel_level_change,9772.0,,40.0,,
StationTank,fuel_level_change,fuel_level_change,9773.0,,40.0,,
StationTank,fuel_level_change,fuel_level_change,9774.0,,40.0,,
StationTank,fuel_level_change,fuel_level_change,9775.0,,40.0,,
StationTank,fuel_level_change,fuel_level_change,9776.0,,40.0,,
StationTank,fuel_level_change,fuel_level_change,9777.0,,40.0,,
StationTank,fuel_level_change,fuel_level_change,9778.0,,40.0,,
StationTank,fuel_level_change,fuel_level_change,9779.0,,40.0,,
StationTank,fuel_level_change,fuel_level_change,9780.0,,40.0,,
StationTank,fuel_level_change,fuel_level_change,9781.0,,40.0,,
StationTank,fuel_level_change,fuel_level_change,9782.0,,40.0,,
StationTank,fuel_level_change,fuel_level_change,9783.0,,40.0,,
StationTank,fuel_level_change,fuel_level_change,9784.0,,40.0,,
StationTank,fuel_level_change,fuel_level_change,9785.0,,40.0,,
StationTank,fuel_level_change,fuel_level_change,9786.0,,40.0,,
StationTank,fuel_level_change,fuel_level_change,9787.0,,40.0,,
StationTank,fuel_level_change,fuel_level_change,9788.0,,40.0,,
Car 178,resource_use_end,payment_ends,9789.0,1.0,,21.0,50.0
Car 178,resource_use,pumping_begins,9789.0,1.0,,21.0,50.0
StationTank,fuel_level_change,fuel_level_change,9789.0,,40.0,,
StationTank,fuel_level_change,fuel_level_change,9790.0,,40.0,,
StationTank,fuel_level_change,fuel_level_change,9791.0,,40.0,,
StationTank,fuel_level_change,fuel_level_change,9792.0,,40.0,,
StationTank,fuel_level_change,fuel_level_change,9793.0,,40.0,,
StationTank,fuel_level_change,fuel_level_change,9794.0,,40.0,,
Car 192,arrival_departure,arrival,9795.0,,,,
Car 192,queue,pump_queue_wait_begins,9795.0,,,21.0,50.0
Car 177,resource_use_end,pumping_ends,9795.0,2.0,,18.0,50.0
Car 177,arrival_departure,depart,9795.0,,,,
StationTank,fuel_level_change,fuel_level_change,9795.0,,40.0,,
Car 179,resource_use,payment_begins,9795.0,2.0,,11.0,50.0
StationTank,fuel_level_change,fuel_level_change,9796.0,,1.0,,
StationTank,fuel_level_change,fuel_level_change,9797.0,,1.0,,
StationTank,fuel_level_change,fuel_level_change,9798.0,,1.0,,
StationTank,fuel_level_change,fuel_level_change,9799.0,,1.0,,
StationTank,fuel_level_change,fuel_level_change,9800.0,,1.0,,
StationTank,fuel_level_change,fuel_level_change,9801.0,,1.0,,
StationTank,fuel_level_change,fuel_level_change,9802.0,,1.0,,
StationTank,fuel_level_change,fuel_level_change,9803.0,,1.0,,
StationTank,fuel_level_change,fuel_level_change,9804.0,,1.0,,
StationTank,fuel_level_change,fuel_level_change,9805.0,,1.0,,
StationTank,fuel_level_change,fuel_level_change,9806.0,,1.0,,
StationTank,fuel_level_change,fuel_level_change,9807.0,,1.0,,
StationTank,fuel_level_change,fuel_level_change,9808.0,,1.0,,
StationTank,fuel_level_change,fuel_level_change,9809.0,,1.0,,
StationTank,fuel_level_change,fuel_level_change,9810.0,,1.0,,
StationTank,fuel_level_change,fuel_level_change,9811.0,,1.0,,
StationTank,fuel_level_change,fuel_level_change,9812.0,,1.0,,
StationTank,fuel_level_change,fuel_level_change,9813.0,,1.0,,
StationTank,fuel_level_change,fuel_level_change,9814.0,,1.0,,
StationTank,fuel_level_change,fuel_level_change,9815.0,,1.0,,
StationTank,fuel_level_change,fuel_level_change,9816.0,,1.0,,
StationTank,fuel_level_change,fuel_level_change,9817.0,,1.0,,
Car 178,resource_use_end,pumping_ends,9818.0,1.0,,21.0,50.0
Car 178,arrival_departure,depart,9818.0,,,,
StationTank,fuel_level_change,fuel_level_change,9818.0,,1.0,,
StationTank,fuel_level_change,fuel_level_change,9819.0,,1.0,,
StationTank,fuel_level_change,fuel_level_change,9820.0,,1.0,,
StationTank,fuel_level_change,fuel_level_change,9821.0,,1.0,,
StationTank,fuel_level_change,fuel_level_change,9822.0,,1.0,,
StationTank,fuel_level_change,fuel_level_change,9823.0,,1.0,,
StationTank,fuel_level_change,fuel_level_change,9824.0,,1.0,,
StationTank,fuel_level_change,fuel_level_change,9825.0,,1.0,,
StationTank,fuel_level_change,fuel_level_change,9826.0,,1.0,,
StationTank,fuel_level_change,fuel_level_change,9827.0,,1.0,,
StationTank,fuel_level_change,fuel_level_change,9828.0,,1.0,,
StationTank,fuel_level_change,fuel_level_change,9829.0,,1.0,,
StationTank,fuel_level_change,fuel_level_change,9830.0,,1.0,,
StationTank,fuel_level_change,fuel_level_change,9831.0,,1.0,,
StationTank,fuel_level_change,fuel_level_change,9832.0,,1.0,,
StationTank,fuel_level_change,fuel_level_change,9833.0,,1.0,,
StationTank,fuel_level_change,fuel_level_change,9834.0,,1.0,,
StationTank,fuel_level_change,fuel_level_change,9835.0,,1.0,,
StationTank,fuel_level_change,fuel_level_change,9836.0,,1.0,,
Car 193,arrival_departure,arrival,9837.0,,,,
Car 193,queue,pump_queue_wait_begins,9837.0,,,7.0,50.0
StationTank,fuel_level_change,fuel_level_change,9837.0,,1.0,,
StationTank,fuel_level_change,fuel_level_change,9838.0,,1.0,,
StationTank,fuel_level_change,fuel_level_change,9839.0,,1.0,,
StationTank,fuel_level_change,fuel_level_change,9840.0,,1.0,,
StationTank,fuel_level_change,fuel_level_change,9841.0,,1.0,,
StationTank,fuel_level_change,fuel_level_change,9842.0,,1.0,,
StationTank,fuel_level_change,fuel_level_change,9843.0,,1.0,,
StationTank,fuel_level_change,fuel_level_change,9844.0,,1.0,,
StationTank,fuel_level_change,fuel_level_change,9845.0,,1.0,,
StationTank,fuel_level_change,fuel_level_change,9846.0,,1.0,,
StationTank,fuel_level_change,fuel_level_change,9847.0,,1.0,,
StationTank,fuel_level_change,fuel_level_change,9848.0,,1.0,,
StationTank,fuel_level_change,fuel_level_change,9849.0,,1.0,,
StationTank,fuel_level_change,fuel_level_change,9850.0,,1.0,,
StationTank,fuel_level_change,fuel_level_change,9851.0,,1.0,,
StationTank,fuel_level_change,fuel_level_change,9852.0,,1.0,,
StationTank,fuel_level_change,fuel_level_change,9853.0,,1.0,,
StationTank,fuel_level_change,fuel_level_change,9854.0,,1.0,,
Car 179,resource_use_end,payment_ends,9855.0,2.0,,11.0,50.0
Car 179,resource_use,pumping_begins,9855.0,2.0,,11.0,50.0
StationTank,fuel_level_change,fuel_level_change,9855.0,,1.0,,
StationTank,fuel_level_change,fuel_level_change,9856.0,,1.0,,
StationTank,fuel_level_change,fuel_level_change,9857.0,,1.0,,
StationTank,fuel_level_change,fuel_level_change,9858.0,,1.0,,
StationTank,fuel_level_change,fuel_level_change,9859.0,,1.0,,
StationTank,fuel_level_change,fuel_level_change,9860.0,,1.0,,
StationTank,fuel_level_change,fuel_level_change,9861.0,,1.0,,
StationTank,fuel_level_change,fuel_level_change,9862.0,,1.0,,
StationTank,fuel_level_change,fuel_level_change,9863.0,,1.0,,
StationTank,fuel_level_change,fuel_level_change,9864.0,,1.0,,
StationTank,fuel_level_change,fuel_level_change,9865.0,,1.0,,
StationTank,fuel_level_change,fuel_level_change,9866.0,,1.0,,
StationTank,fuel_level_change,fuel_level_change,9867.0,,1.0,,
StationTank,fuel_level_change,fuel_level_change,9868.0,,1.0,,
StationTank,fuel_level_change,fuel_level_change,9869.0,,1.0,,
StationTank,fuel_level_change,fuel_level_change,9870.0,,1.0,,
StationTank,fuel_level_change,fuel_level_change,9871.0,,1.0,,
StationTank,fuel_level_change,fuel_level_change,9872.0,,1.0,,
Car 194,arrival_departure,arrival,9873.0,,,,
Car 194,queue,pump_queue_wait_begins,9873.0,,,21.0,50.0
StationTank,fuel_level_change,fuel_level_change,9873.0,,1.0,,
StationTank,fuel_level_change,fuel_level_change,9874.0,,1.0,,
StationTank,fuel_level_change,fuel_level_change,9875.0,,1.0,,
StationTank,fuel_level_change,fuel_level_change,9876.0,,1.0,,
StationTank,fuel_level_change,fuel_level_change,9877.0,,1.0,,
StationTank,fuel_level_change,fuel_level_change,9878.0,,1.0,,
StationTank,fuel_level_change,fuel_level_change,9879.0,,1.0,,
StationTank,fuel_level_change,fuel_level_change,9880.0,,1.0,,
StationTank,fuel_level_change,fuel_level_change,9881.0,,1.0,,
StationTank,fuel_level_change,fuel_level_change,9882.0,,1.0,,
StationTank,fuel_level_change,fuel_level_change,9883.0,,1.0,,
StationTank,fuel_level_change,fuel_level_change,9884.0,,1.0,,
StationTank,fuel_level_change,fuel_level_change,9885.0,,1.0,,
StationTank,fuel_level_change,fuel_level_change,9886.0,,1.0,,
StationTank,fuel_level_change,fuel_level_change,9887.0,,1.0,,
StationTank,fuel_level_change,fuel_level_change,9888.0,,1.0,,
StationTank,fuel_level_change,fuel_level_change,9889.0,,1.0,,
StationTank,fuel_level_change,fuel_level_change,9890.0,,1.0,,
StationTank,fuel_level_change,fuel_level_change,9891.0,,1.0,,
StationTank,fuel_level_change,fuel_level_change,9892.0,,1.0,,
StationTank,fuel_level_change,fuel_level_change,9893.0,,1.0,,
Car 179,resource_use_end,pumping_ends,9894.0,2.0,,11.0,50.0
Car 179,arrival_departure,depart,9894.0,,,,
StationTank,fuel_level_change,fuel_level_change,9894.0,,1.0,,
StationTank,fuel_level_change,fuel_level_change,9895.0,,1.0,,
StationTank,fuel_level_change,fuel_level_change,9896.0,,1.0,,
StationTank,fuel_level_change,fuel_level_change,9897.0,,1.0,,
StationTank,fuel_level_change,fuel_level_change,9898.0,,1.0,,
StationTank,fuel_level_change,fuel_level_change,9899.0,,1.0,,
StationTank,fuel_level_change,fuel_level_change,9900.0,,1.0,,
StationTank,fuel_level_change,fuel_level_change,9901.0,,1.0,,
StationTank,fuel_level_change,fuel_level_change,9902.0,,1.0,,
StationTank,fuel_level_change,fuel_level_change,9903.0,,1.0,,
StationTank,fuel_level_change,fuel_level_change,9904.0,,1.0,,
StationTank,fuel_level_change,fuel_level_change,9905.0,,1.0,,
StationTank,fuel_level_change,fuel_level_change,9906.0,,1.0,,
StationTank,fuel_level_change,fuel_level_change,9907.0,,1.0,,
StationTank,fuel_level_change,fuel_level_change,9908.0,,1.0,,
StationTank,fuel_level_change,fuel_level_change,9909.0,,1.0,,
StationTank,fuel_level_change,fuel_level_change,9910.0,,1.0,,
StationTank,fuel_level_change,fuel_level_change,9911.0,,1.0,,
StationTank,fuel_level_change,fuel_level_change,9912.0,,1.0,,
StationTank,fuel_level_change,fuel_level_change,9913.0,,1.0,,
StationTank,fuel_level_change,fuel_level_change,9914.0,,1.0,,
StationTank,fuel_level_change,fuel_level_change,9915.0,,1.0,,
StationTank,fuel_level_change,fuel_level_change,9916.0,,1.0,,
StationTank,fuel_level_change,fuel_level_change,9917.0,,1.0,,
StationTank,fuel_level_change,fuel_level_change,9918.0,,1.0,,
StationTank,fuel_level_change,fuel_level_change,9919.0,,1.0,,
StationTank,fuel_level_change,fuel_level_change,9920.0,,1.0,,
StationTank,fuel_level_change,fuel_level_change,9921.0,,1.0,,
StationTank,fuel_level_change,fuel_level_change,9922.0,,1.0,,
StationTank,fuel_level_change,fuel_level_change,9923.0,,1.0,,
Car 195,arrival_departure,arrival,9924.0,,,,
Car 195,queue,pump_queue_wait_begins,9924.0,,,7.0,50.0
StationTank,fuel_level_change,fuel_level_change,9924.0,,1.0,,
StationTank,fuel_level_change,fuel_level_change,9925.0,,1.0,,
StationTank,fuel_level_change,fuel_level_change,9926.0,,1.0,,
StationTank,fuel_level_change,fuel_level_change,9927.0,,1.0,,
StationTank,fuel_level_change,fuel_level_change,9928.0,,1.0,,
StationTank,fuel_level_change,fuel_level_change,9929.0,,1.0,,
StationTank,fuel_level_change,fuel_level_change,9930.0,,1.0,,
StationTank,fuel_level_change,fuel_level_change,9931.0,,1.0,,
StationTank,fuel_level_change,fuel_level_change,9932.0,,1.0,,
StationTank,fuel_level_change,fuel_level_change,9933.0,,1.0,,
StationTank,fuel_level_change,fuel_level_change,9934.0,,1.0,,
StationTank,fuel_level_change,fuel_level_change,9935.0,,1.0,,
StationTank,fuel_level_change,fuel_level_change,9936.0,,1.0,,
StationTank,fuel_level_change,fuel_level_change,9937.0,,1.0,,
StationTank,fuel_level_change,fuel_level_change,9938.0,,1.0,,
Call 9,arrival_departure,depart,9939.0,,,,
Truck 9,arrival_departure,arrival,9939.0,,,,
Truck 9,queue,refuelling,9939.0,,,,
StationTank,fuel_level_change,fuel_level_change,9939.0,,1.0,,
StationTank,fuel_level_change,fuel_level_change,9940.0,,11.0,,
StationTank,fuel_level_change,fuel_level_change,9941.0,,21.0,,
StationTank,fuel_level_change,fuel_level_change,9942.0,,31.0,,
StationTank,fuel_level_change,fuel_level_change,9943.0,,41.0,,
Car 180,resource_use,payment_begins,9943.0,1.0,,15.0,50.0
StationTank,fuel_level_change,fuel_level_change,9944.0,,16.0,,
StationTank,fuel_level_change,fuel_level_change,9945.0,,26.0,,
StationTank,fuel_level_change,fuel_level_change,9946.0,,36.0,,
Car 181,resource_use,payment_begins,9946.0,2.0,,14.0,50.0
StationTank,fuel_level_change,fuel_level_change,9947.0,,10.0,,
StationTank,fuel_level_change,fuel_level_change,9948.0,,20.0,,
StationTank,fuel_level_change,fuel_level_change,9949.0,,30.0,,
StationTank,fuel_level_change,fuel_level_change,9950.0,,40.0,,
StationTank,fuel_level_change,fuel_level_change,9951.0,,50.0,,
StationTank,fuel_level_change,fuel_level_change,9952.0,,60.0,,
StationTank,fuel_level_change,fuel_level_change,9953.0,,70.0,,
StationTank,fuel_level_change,fuel_level_change,9954.0,,80.0,,
StationTank,fuel_level_change,fuel_level_change,9955.0,,90.0,,
StationTank,fuel_level_change,fuel_level_change,9956.0,,100.0,,
StationTank,fuel_level_change,fuel_level_change,9957.0,,110.0,,
StationTank,fuel_level_change,fuel_level_change,9958.0,,120.0,,
StationTank,fuel_level_change,fuel_level_change,9959.0,,130.0,,
StationTank,fuel_level_change,fuel_level_change,9960.0,,140.0,,
StationTank,fuel_level_change,fuel_level_change,9961.0,,150.0,,
StationTank,fuel_level_change,fuel_level_change,9962.0,,160.0,,
StationTank,fuel_level_change,fuel_level_change,9963.0,,170.0,,
StationTank,fuel_level_change,fuel_level_change,9964.0,,180.0,,
StationTank,fuel_level_change,fuel_level_change,9965.0,,190.0,,
StationTank,fuel_level_change,fuel_level_change,9966.0,,200.0,,
StationTank,fuel_level_change,fuel_level_change,9967.0,,210.0,,
StationTank,fuel_level_change,fuel_level_change,9968.0,,220.0,,
StationTank,fuel_level_change,fuel_level_change,9969.0,,230.0,,
StationTank,fuel_level_change,fuel_level_change,9970.0,,240.0,,
StationTank,fuel_level_change,fuel_level_change,9971.0,,250.0,,
StationTank,fuel_level_change,fuel_level_change,9972.0,,260.0,,
StationTank,fuel_level_change,fuel_level_change,9973.0,,270.0,,
StationTank,fuel_level_change,fuel_level_change,9974.0,,280.0,,
StationTank,fuel_level_change,fuel_level_change,9975.0,,290.0,,
StationTank,fuel_level_change,fuel_level_change,9976.0,,300.0,,
StationTank,fuel_level_change,fuel_level_change,9977.0,,310.0,,
StationTank,fuel_level_change,fuel_level_change,9978.0,,320.0,,
StationTank,fuel_level_change,fuel_level_change,9979.0,,330.0,,
StationTank,fuel_level_change,fuel_level_change,9980.0,,340.0,,
Car 196,arrival_departure,arrival,9981.0,,,,
Car 196,queue,pump_queue_wait_begins,9981.0,,,14.0,50.0
StationTank,fuel_level_change,fuel_level_change,9981.0,,350.0,,
StationTank,fuel_level_change,fuel_level_change,9982.0,,360.0,,
StationTank,fuel_level_change,fuel_level_change,9983.0,,370.0,,
StationTank,fuel_level_change,fuel_level_change,9984.0,,380.0,,
StationTank,fuel_level_change,fuel_level_change,9985.0,,390.0,,
StationTank,fuel_level_change,fuel_level_change,9986.0,,400.0,,
StationTank,fuel_level_change,fuel_level_change,9987.0,,410.0,,
StationTank,fuel_level_change,fuel_level_change,9988.0,,420.0,,
StationTank,fuel_level_change,fuel_level_change,9989.0,,430.0,,
StationTank,fuel_level_change,fuel_level_change,9990.0,,440.0,,
StationTank,fuel_level_change,fuel_level_change,9991.0,,450.0,,
StationTank,fuel_level_change,fuel_level_change,9992.0,,460.0,,
StationTank,fuel_level_change,fuel_level_change,9993.0,,470.0,,
StationTank,fuel_level_change,fuel_level_change,9994.0,,480.0,,
StationTank,fuel_level_change,fuel_level_change,9995.0,,490.0,,
StationTank,fuel_level_change,fuel_level_change,9996.0,,500.0,,
StationTank,fuel_level_change,fuel_level_change,9997.0,,510.0,,
StationTank,fuel_level_change,fuel_level_change,9998.0,,520.0,,
StationTank,fuel_level_change,fuel_level_change,9999.0,,530.0,,
StationTank,fuel_level_change,fuel_level_change,10000.0,,540.0,,
StationTank,fuel_level_change,fuel_level_change,10001.0,,550.0,,
StationTank,fuel_level_change,fuel_level_change,10002.0,,560.0,,
StationTank,fuel_level_change,fuel_level_change,10003.0,,570.0,,
StationTank,fuel_level_change,fuel_level_change,10004.0,,580.0,,
Truck 9,arrival_departure,depart,10005.0,,,,
StationTank,fuel_level_change,fuel_level_change,10005.0,,590.0,,
StationTank,fuel_level_change,fuel_level_change,10006.0,,590.0,,
StationTank,fuel_level_change,fuel_level_change,10007.0,,590.0,,
StationTank,fuel_level_change,fuel_level_change,10008.0,,590.0,,
StationTank,fuel_level_change,fuel_level_change,10009.0,,590.0,,
StationTank,fuel_level_change,fuel_level_change,10010.0,,590.0,,
StationTank,fuel_level_change,fuel_level_change,10011.0,,590.0,,
StationTank,fuel_level_change,fuel_level_change,10012.0,,590.0,,
StationTank,fuel_level_change,fuel_level_change,10013.0,,590.0,,
StationTank,fuel_level_change,fuel_level_change,10014.0,,590.0,,
StationTank,fuel_level_change,fuel_level_change,10015.0,,590.0,,
StationTank,fuel_level_change,fuel_level_change,10016.0,,590.0,,
StationTank,fuel_level_change,fuel_level_change,10017.0,,590.0,,
StationTank,fuel_level_change,fuel_level_change,10018.0,,590.0,,
StationTank,fuel_level_change,fuel_level_change,10019.0,,590.0,,
StationTank,fuel_level_change,fuel_level_change,10020.0,,590.0,,
StationTank,fuel_level_change,fuel_level_change,10021.0,,590.0,,
StationTank,fuel_level_change,fuel_level_change,10022.0,,590.0,,
StationTank,fuel_level_change,fuel_level_change,10023.0,,590.0,,
StationTank,fuel_level_change,fuel_level_change,10024.0,,590.0,,
Car 180,resource_use_end,payment_ends,10025.0,1.0,,15.0,50.0
Car 180,resource_use,pumping_begins,10025.0,1.0,,15.0,50.0
StationTank,fuel_level_change,fuel_level_change,10025.0,,590.0,,
Car 197,arrival_departure,arrival,10026.0,,,,
Car 197,queue,pump_queue_wait_begins,10026.0,,,11.0,50.0
StationTank,fuel_level_change,fuel_level_change,10026.0,,590.0,,
StationTank,fuel_level_change,fuel_level_change,10027.0,,590.0,,
StationTank,fuel_level_change,fuel_level_change,10028.0,,590.0,,
StationTank,fuel_level_change,fuel_level_change,10029.0,,590.0,,
StationTank,fuel_level_change,fuel_level_change,10030.0,,590.0,,
StationTank,fuel_level_change,fuel_level_change,10031.0,,590.0,,
StationTank,fuel_level_change,fuel_level_change,10032.0,,590.0,,
StationTank,fuel_level_change,fuel_level_change,10033.0,,590.0,,
StationTank,fuel_level_change,fuel_level_change,10034.0,,590.0,,
StationTank,fuel_level_change,fuel_level_change,10035.0,,590.0,,
Car 181,resource_use_end,payment_ends,10036.0,2.0,,14.0,50.0
Car 181,resource_use,pumping_begins,10036.0,2.0,,14.0,50.0
StationTank,fuel_level_change,fuel_level_change,10036.0,,590.0,,
StationTank,fuel_level_change,fuel_level_change,10037.0,,590.0,,
StationTank,fuel_level_change,fuel_level_change,10038.0,,590.0,,
StationTank,fuel_level_change,fuel_level_change,10039.0,,590.0,,
StationTank,fuel_level_change,fuel_level_change,10040.0,,590.0,,
StationTank,fuel_level_change,fuel_level_change,10041.0,,590.0,,
StationTank,fuel_level_change,fuel_level_change,10042.0,,590.0,,
StationTank,fuel_level_change,fuel_level_change,10043.0,,590.0,,
StationTank,fuel_level_change,fuel_level_change,10044.0,,590.0,,
StationTank,fuel_level_change,fuel_level_change,10045.0,,590.0,,
StationTank,fuel_level_change,fuel_level_change,10046.0,,590.0,,
StationTank,fuel_level_change,fuel_level_change,10047.0,,590.0,,
StationTank,fuel_level_change,fuel_level_change,10048.0,,590.0,,
StationTank,fuel_level_change,fuel_level_change,10049.0,,590.0,,
StationTank,fuel_level_change,fuel_level_change,10050.0,,590.0,,
StationTank,fuel_level_change,fuel_level_change,10051.0,,590.0,,
StationTank,fuel_level_change,fuel_level_change,10052.0,,590.0,,
StationTank,fuel_level_change,fuel_level_change,10053.0,,590.0,,
StationTank,fuel_level_change,fuel_level_change,10054.0,,590.0,,
StationTank,fuel_level_change,fuel_level_change,10055.0,,590.0,,
StationTank,fuel_level_change,fuel_level_change,10056.0,,590.0,,
StationTank,fuel_level_change,fuel_level_change,10057.0,,590.0,,
StationTank,fuel_level_change,fuel_level_change,10058.0,,590.0,,
StationTank,fuel_level_change,fuel_level_change,10059.0,,590.0,,
Car 180,resource_use_end,pumping_ends,10060.0,1.0,,15.0,50.0
Car 180,arrival_departure,depart,10060.0,,,,
StationTank,fuel_level_change,fuel_level_change,10060.0,,590.0,,
Car 182,resource_use,payment_begins,10060.0,1.0,,14.0,50.0
StationTank,fuel_level_change,fuel_level_change,10061.0,,554.0,,
StationTank,fuel_level_change,fuel_level_change,10062.0,,554.0,,
StationTank,fuel_level_change,fuel_level_change,10063.0,,554.0,,
StationTank,fuel_level_change,fuel_level_change,10064.0,,554.0,,
StationTank,fuel_level_change,fuel_level_change,10065.0,,554.0,,
StationTank,fuel_level_change,fuel_level_change,10066.0,,554.0,,
StationTank,fuel_level_change,fuel_level_change,10067.0,,554.0,,
StationTank,fuel_level_change,fuel_level_change,10068.0,,554.0,,
Car 198,arrival_departure,arrival,10069.0,,,,
Car 198,queue,pump_queue_wait_begins,10069.0,,,6.0,50.0
StationTank,fuel_level_change,fuel_level_change,10069.0,,554.0,,
StationTank,fuel_level_change,fuel_level_change,10070.0,,554.0,,
StationTank,fuel_level_change,fuel_level_change,10071.0,,554.0,,
Car 181,resource_use_end,pumping_ends,10072.0,2.0,,14.0,50.0
Car 181,arrival_departure,depart,10072.0,,,,
StationTank,fuel_level_change,fuel_level_change,10072.0,,554.0,,
Car 183,resource_use,payment_begins,10072.0,2.0,,17.0,50.0
StationTank,fuel_level_change,fuel_level_change,10073.0,,521.0,,
StationTank,fuel_level_change,fuel_level_change,10074.0,,521.0,,
StationTank,fuel_level_change,fuel_level_change,10075.0,,521.0,,
StationTank,fuel_level_change,fuel_level_change,10076.0,,521.0,,
StationTank,fuel_level_change,fuel_level_change,10077.0,,521.0,,
StationTank,fuel_level_change,fuel_level_change,10078.0,,521.0,,
StationTank,fuel_level_change,fuel_level_change,10079.0,,521.0,,
StationTank,fuel_level_change,fuel_level_change,10080.0,,521.0,,
StationTank,fuel_level_change,fuel_level_change,10081.0,,521.0,,
StationTank,fuel_level_change,fuel_level_change,10082.0,,521.0,,
StationTank,fuel_level_change,fuel_level_change,10083.0,,521.0,,
StationTank,fuel_level_change,fuel_level_change,10084.0,,521.0,,
StationTank,fuel_level_change,fuel_level_change,10085.0,,521.0,,
StationTank,fuel_level_change,fuel_level_change,10086.0,,521.0,,
Car 199,arrival_departure,arrival,10087.0,,,,
Car 199,queue,pump_queue_wait_begins,10087.0,,,24.0,50.0
StationTank,fuel_level_change,fuel_level_change,10087.0,,521.0,,
StationTank,fuel_level_change,fuel_level_change,10088.0,,521.0,,
StationTank,fuel_level_change,fuel_level_change,10089.0,,521.0,,
StationTank,fuel_level_change,fuel_level_change,10090.0,,521.0,,
StationTank,fuel_level_change,fuel_level_change,10091.0,,521.0,,
StationTank,fuel_level_change,fuel_level_change,10092.0,,521.0,,
StationTank,fuel_level_change,fuel_level_change,10093.0,,521.0,,
StationTank,fuel_level_change,fuel_level_change,10094.0,,521.0,,
StationTank,fuel_level_change,fuel_level_change,10095.0,,521.0,,
StationTank,fuel_level_change,fuel_level_change,10096.0,,521.0,,
StationTank,fuel_level_change,fuel_level_change,10097.0,,521.0,,
StationTank,fuel_level_change,fuel_level_change,10098.0,,521.0,,
Car 182,resource_use_end,payment_ends,10099.0,1.0,,14.0,50.0
Car 182,resource_use,pumping_begins,10099.0,1.0,,14.0,50.0
StationTank,fuel_level_change,fuel_level_change,10099.0,,521.0,,
StationTank,fuel_level_change,fuel_level_change,10100.0,,521.0,,
StationTank,fuel_level_change,fuel_level_change,10101.0,,521.0,,
StationTank,fuel_level_change,fuel_level_change,10102.0,,521.0,,
StationTank,fuel_level_change,fuel_level_change,10103.0,,521.0,,
StationTank,fuel_level_change,fuel_level_change,10104.0,,521.0,,
StationTank,fuel_level_change,fuel_level_change,10105.0,,521.0,,
StationTank,fuel_level_change,fuel_level_change,10106.0,,521.0,,
StationTank,fuel_level_change,fuel_level_change,10107.0,,521.0,,
StationTank,fuel_level_change,fuel_level_change,10108.0,,521.0,,
StationTank,fuel_level_change,fuel_level_change,10109.0,,521.0,,
StationTank,fuel_level_change,fuel_level_change,10110.0,,521.0,,
StationTank,fuel_level_change,fuel_level_change,10111.0,,521.0,,
StationTank,fuel_level_change,fuel_level_change,10112.0,,521.0,,
StationTank,fuel_level_change,fuel_level_change,10113.0,,521.0,,
StationTank,fuel_level_change,fuel_level_change,10114.0,,521.0,,
StationTank,fuel_level_change,fuel_level_change,10115.0,,521.0,,
StationTank,fuel_level_change,fuel_level_change,10116.0,,521.0,,
Car 183,resource_use_end,payment_ends,10117.0,2.0,,17.0,50.0
Car 183,resource_use,pumping_begins,10117.0,2.0,,17.0,50.0
StationTank,fuel_level_change,fuel_level_change,10117.0,,521.0,,
StationTank,fuel_level_change,fuel_level_change,10118.0,,521.0,,
StationTank,fuel_level_change,fuel_level_change,10119.0,,521.0,,
StationTank,fuel_level_change,fuel_level_change,10120.0,,521.0,,
StationTank,fuel_level_change,fuel_level_change,10121.0,,521.0,,
StationTank,fuel_level_change,fuel_level_change,10122.0,,521.0,,
StationTank,fuel_level_change,fuel_level_change,10123.0,,521.0,,
StationTank,fuel_level_change,fuel_level_change,10124.0,,521.0,,
StationTank,fuel_level_change,fuel_level_change,10125.0,,521.0,,
StationTank,fuel_level_change,fuel_level_change,10126.0,,521.0,,
StationTank,fuel_level_change,fuel_level_change,10127.0,,521.0,,
StationTank,fuel_level_change,fuel_level_change,10128.0,,521.0,,
StationTank,fuel_level_change,fuel_level_change,10129.0,,521.0,,
StationTank,fuel_level_change,fuel_level_change,10130.0,,521.0,,
StationTank,fuel_level_change,fuel_level_change,10131.0,,521.0,,
StationTank,fuel_level_change,fuel_level_change,10132.0,,521.0,,
StationTank,fuel_level_change,fuel_level_change,10133.0,,521.0,,
StationTank,fuel_level_change,fuel_level_change,10134.0,,521.0,,
Car 182,resource_use_end,pumping_ends,10135.0,1.0,,14.0,50.0
Car 182,arrival_departure,depart,10135.0,,,,
StationTank,fuel_level_change,fuel_level_change,10135.0,,521.0,,
Car 184,resource_use,payment_begins,10135.0,1.0,,22.0,50.0
StationTank,fuel_level_change,fuel_level_change,10136.0,,493.0,,
StationTank,fuel_level_change,fuel_level_change,10137.0,,493.0,,
StationTank,fuel_level_change,fuel_level_change,10138.0,,493.0,,
StationTank,fuel_level_change,fuel_level_change,10139.0,,493.0,,
StationTank,fuel_level_change,fuel_level_change,10140.0,,493.0,,
StationTank,fuel_level_change,fuel_level_change,10141.0,,493.0,,
StationTank,fuel_level_change,fuel_level_change,10142.0,,493.0,,
StationTank,fuel_level_change,fuel_level_change,10143.0,,493.0,,
StationTank,fuel_level_change,fuel_level_change,10144.0,,493.0,,
StationTank,fuel_level_change,fuel_level_change,10145.0,,493.0,,
StationTank,fuel_level_change,fuel_level_change,10146.0,,493.0,,
StationTank,fuel_level_change,fuel_level_change,10147.0,,493.0,,
StationTank,fuel_level_change,fuel_level_change,10148.0,,493.0,,
StationTank,fuel_level_change,fuel_level_change,10149.0,,493.0,,
Car 183,resource_use_end,pumping_ends,10150.0,2.0,,17.0,50.0
Car 183,arrival_departure,depart,10150.0,,,,
StationTank,fuel_level_change,fuel_level_change,10150.0,,493.0,,
Car 185,resource_use,payment_begins,10150.0,2.0,,17.0,50.0
StationTank,fuel_level_change,fuel_level_change,10151.0,,460.0,,
StationTank,fuel_level_change,fuel_level_change,10152.0,,460.0,,
StationTank,fuel_level_change,fuel_level_change,10153.0,,460.0,,
StationTank,fuel_level_change,fuel_level_change,10154.0,,460.0,,
StationTank,fuel_level_change,fuel_level_change,10155.0,,460.0,,
StationTank,fuel_level_change,fuel_level_change,10156.0,,460.0,,
StationTank,fuel_level_change,fuel_level_change,10157.0,,460.0,,
StationTank,fuel_level_change,fuel_level_change,10158.0,,460.0,,
StationTank,fuel_level_change,fuel_level_change,10159.0,,460.0,,
StationTank,fuel_level_change,fuel_level_change,10160.0,,460.0,,
StationTank,fuel_level_change,fuel_level_change,10161.0,,460.0,,
Car 200,arrival_departure,arrival,10162.0,,,,
Car 200,queue,pump_queue_wait_begins,10162.0,,,19.0,50.0
StationTank,fuel_level_change,fuel_level_change,10162.0,,460.0,,
StationTank,fuel_level_change,fuel_level_change,10163.0,,460.0,,
StationTank,fuel_level_change,fuel_level_change,10164.0,,460.0,,
StationTank,fuel_level_change,fuel_level_change,10165.0,,460.0,,
StationTank,fuel_level_change,fuel_level_change,10166.0,,460.0,,
StationTank,fuel_level_change,fuel_level_change,10167.0,,460.0,,
StationTank,fuel_level_change,fuel_level_change,10168.0,,460.0,,
StationTank,fuel_level_change,fuel_level_change,10169.0,,460.0,,
StationTank,fuel_level_change,fuel_level_change,10170.0,,460.0,,
StationTank,fuel_level_change,fuel_level_change,10171.0,,460.0,,
StationTank,fuel_level_change,fuel_level_change,10172.0,,460.0,,
StationTank,fuel_level_change,fuel_level_change,10173.0,,460.0,,
StationTank,fuel_level_change,fuel_level_change,10174.0,,460.0,,
StationTank,fuel_level_change,fuel_level_change,10175.0,,460.0,,
StationTank,fuel_level_change,fuel_level_change,10176.0,,460.0,,
StationTank,fuel_level_change,fuel_level_change,10177.0,,460.0,,
StationTank,fuel_level_change,fuel_level_change,10178.0,,460.0,,
StationTank,fuel_level_change,fuel_level_change,10179.0,,460.0,,
StationTank,fuel_level_change,fuel_level_change,10180.0,,460.0,,
StationTank,fuel_level_change,fuel_level_change,10181.0,,460.0,,
StationTank,fuel_level_change,fuel_level_change,10182.0,,460.0,,
StationTank,fuel_level_change,fuel_level_change,10183.0,,460.0,,
StationTank,fuel_level_change,fuel_level_change,10184.0,,460.0,,
StationTank,fuel_level_change,fuel_level_change,10185.0,,460.0,,
Car 201,arrival_departure,arrival,10186.0,,,,
Car 201,queue,pump_queue_wait_begins,10186.0,,,25.0,50.0
StationTank,fuel_level_change,fuel_level_change,10186.0,,460.0,,
StationTank,fuel_level_change,fuel_level_change,10187.0,,460.0,,
StationTank,fuel_level_change,fuel_level_change,10188.0,,460.0,,
StationTank,fuel_level_change,fuel_level_change,10189.0,,460.0,,
StationTank,fuel_level_change,fuel_level_change,10190.0,,460.0,,
StationTank,fuel_level_change,fuel_level_change,10191.0,,460.0,,
StationTank,fuel_level_change,fuel_level_change,10192.0,,460.0,,
StationTank,fuel_level_change,fuel_level_change,10193.0,,460.0,,
StationTank,fuel_level_change,fuel_level_change,10194.0,,460.0,,
StationTank,fuel_level_change,fuel_level_change,10195.0,,460.0,,
StationTank,fuel_level_change,fuel_level_change,10196.0,,460.0,,
StationTank,fuel_level_change,fuel_level_change,10197.0,,460.0,,
StationTank,fuel_level_change,fuel_level_change,10198.0,,460.0,,
StationTank,fuel_level_change,fuel_level_change,10199.0,,460.0,,
StationTank,fuel_level_change,fuel_level_change,10200.0,,460.0,,
StationTank,fuel_level_change,fuel_level_change,10201.0,,460.0,,
StationTank,fuel_level_change,fuel_level_change,10202.0,,460.0,,
StationTank,fuel_level_change,fuel_level_change,10203.0,,460.0,,
StationTank,fuel_level_change,fuel_level_change,10204.0,,460.0,,
StationTank,fuel_level_change,fuel_level_change,10205.0,,460.0,,
StationTank,fuel_level_change,fuel_level_change,10206.0,,460.0,,
StationTank,fuel_level_change,fuel_level_change,10207.0,,460.0,,
StationTank,fuel_level_change,fuel_level_change,10208.0,,460.0,,
StationTank,fuel_level_change,fuel_level_change,10209.0,,460.0,,
StationTank,fuel_level_change,fuel_level_change,10210.0,,460.0,,
StationTank,fuel_level_change,fuel_level_change,10211.0,,460.0,,
StationTank,fuel_level_change,fuel_level_change,10212.0,,460.0,,
StationTank,fuel_level_change,fuel_level_change,10213.0,,460.0,,
StationTank,fuel_level_change,fuel_level_change,10214.0,,460.0,,
StationTank,fuel_level_change,fuel_level_change,10215.0,,460.0,,
StationTank,fuel_level_change,fuel_level_change,10216.0,,460.0,,
StationTank,fuel_level_change,fuel_level_change,10217.0,,460.0,,
StationTank,fuel_level_change,fuel_level_change,10218.0,,460.0,,
Car 184,resource_use_end,payment_ends,10219.0,1.0,,22.0,50.0
Car 184,resource_use,pumping_begins,10219.0,1.0,,22.0,50.0
StationTank,fuel_level_change,fuel_level_change,10219.0,,460.0,,
StationTank,fuel_level_change,fuel_level_change,10220.0,,460.0,,
StationTank,fuel_level_change,fuel_level_change,10221.0,,460.0,,
StationTank,fuel_level_change,fuel_level_change,10222.0,,460.0,,
StationTank,fuel_level_change,fuel_level_change,10223.0,,460.0,,
StationTank,fuel_level_change,fuel_level_change,10224.0,,460.0,,
StationTank,fuel_level_change,fuel_level_change,10225.0,,460.0,,
StationTank,fuel_level_change,fuel_level_change,10226.0,,460.0,,
StationTank,fuel_level_change,fuel_level_change,10227.0,,460.0,,
StationTank,fuel_level_change,fuel_level_change,10228.0,,460.0,,
Car 185,resource_use_end,payment_ends,10229.0,2.0,,17.0,50.0
Car 185,resource_use,pumping_begins,10229.0,2.0,,17.0,50.0
StationTank,fuel_level_change,fuel_level_change,10229.0,,460.0,,
StationTank,fuel_level_change,fuel_level_change,10230.0,,460.0,,
StationTank,fuel_level_change,fuel_level_change,10231.0,,460.0,,
StationTank,fuel_level_change,fuel_level_change,10232.0,,460.0,,
StationTank,fuel_level_change,fuel_level_change,10233.0,,460.0,,
StationTank,fuel_level_change,fuel_level_change,10234.0,,460.0,,
StationTank,fuel_level_change,fuel_level_change,10235.0,,460.0,,
StationTank,fuel_level_change,fuel_level_change,10236.0,,460.0,,
StationTank,fuel_level_change,fuel_level_change,10237.0,,460.0,,
StationTank,fuel_level_change,fuel_level_change,10238.0,,460.0,,
StationTank,fuel_level_change,fuel_level_change,10239.0,,460.0,,
StationTank,fuel_level_change,fuel_level_change,10240.0,,460.0,,
StationTank,fuel_level_change,fuel_level_change,10241.0,,460.0,,
StationTank,fuel_level_change,fuel_level_change,10242.0,,460.0,,
StationTank,fuel_level_change,fuel_level_change,10243.0,,460.0,,
StationTank,fuel_level_change,fuel_level_change,10244.0,,460.0,,
StationTank,fuel_level_change,fuel_level_change,10245.0,,460.0,,
StationTank,fuel_level_change,fuel_level_change,10246.0,,460.0,,
Car 184,resource_use_end,pumping_ends,10247.0,1.0,,22.0,50.0
Car 184,arrival_departure,depart,10247.0,,,,
StationTank,fuel_level_change,fuel_level_change,10247.0,,460.0,,
Car 186,resource_use,payment_begins,10247.0,1.0,,24.0,50.0
StationTank,fuel_level_change,fuel_level_change,10248.0,,434.0,,
StationTank,fuel_level_change,fuel_level_change,10249.0,,434.0,,
StationTank,fuel_level_change,fuel_level_change,10250.0,,434.0,,
StationTank,fuel_level_change,fuel_level_change,10251.0,,434.0,,
StationTank,fuel_level_change,fuel_level_change,10252.0,,434.0,,
StationTank,fuel_level_change,fuel_level_change,10253.0,,434.0,,
Car 202,arrival_departure,arrival,10254.0,,,,
Car 202,queue,pump_queue_wait_begins,10254.0,,,17.0,50.0
StationTank,fuel_level_change,fuel_level_change,10254.0,,434.0,,
StationTank,fuel_level_change,fuel_level_change,10255.0,,434.0,,
StationTank,fuel_level_change,fuel_level_change,10256.0,,434.0,,
StationTank,fuel_level_change,fuel_level_change,10257.0,,434.0,,
StationTank,fuel_level_change,fuel_level_change,10258.0,,434.0,,
StationTank,fuel_level_change,fuel_level_change,10259.0,,434.0,,
StationTank,fuel_level_change,fuel_level_change,10260.0,,434.0,,
StationTank,fuel_level_change,fuel_level_change,10261.0,,434.0,,
Car 185,resource_use_end,pumping_ends,10262.0,2.0,,17.0,50.0
Car 185,arrival_departure,depart,10262.0,,,,
StationTank,fuel_level_change,fuel_level_change,10262.0,,434.0,,
Car 187,resource_use,payment_begins,10262.0,2.0,,14.0,50.0
StationTank,fuel_level_change,fuel_level_change,10263.0,,398.0,,
StationTank,fuel_level_change,fuel_level_change,10264.0,,398.0,,
StationTank,fuel_level_change,fuel_level_change,10265.0,,398.0,,
StationTank,fuel_level_change,fuel_level_change,10266.0,,398.0,,
StationTank,fuel_level_change,fuel_level_change,10267.0,,398.0,,
StationTank,fuel_level_change,fuel_level_change,10268.0,,398.0,,
StationTank,fuel_level_change,fuel_level_change,10269.0,,398.0,,
StationTank,fuel_level_change,fuel_level_change,10270.0,,398.0,,
StationTank,fuel_level_change,fuel_level_change,10271.0,,398.0,,
StationTank,fuel_level_change,fuel_level_change,10272.0,,398.0,,
StationTank,fuel_level_change,fuel_level_change,10273.0,,398.0,,
StationTank,fuel_level_change,fuel_level_change,10274.0,,398.0,,
StationTank,fuel_level_change,fuel_level_change,10275.0,,398.0,,
StationTank,fuel_level_change,fuel_level_change,10276.0,,398.0,,
StationTank,fuel_level_change,fuel_level_change,10277.0,,398.0,,
StationTank,fuel_level_change,fuel_level_change,10278.0,,398.0,,
StationTank,fuel_level_change,fuel_level_change,10279.0,,398.0,,
StationTank,fuel_level_change,fuel_level_change,10280.0,,398.0,,
StationTank,fuel_level_change,fuel_level_change,10281.0,,398.0,,
StationTank,fuel_level_change,fuel_level_change,10282.0,,398.0,,
StationTank,fuel_level_change,fuel_level_change,10283.0,,398.0,,
StationTank,fuel_level_change,fuel_level_change,10284.0,,398.0,,
StationTank,fuel_level_change,fuel_level_change,10285.0,,398.0,,
StationTank,fuel_level_change,fuel_level_change,10286.0,,398.0,,
StationTank,fuel_level_change,fuel_level_change,10287.0,,398.0,,
StationTank,fuel_level_change,fuel_level_change,10288.0,,398.0,,
StationTank,fuel_level_change,fuel_level_change,10289.0,,398.0,,
StationTank,fuel_level_change,fuel_level_change,10290.0,,398.0,,
StationTank,fuel_level_change,fuel_level_change,10291.0,,398.0,,
StationTank,fuel_level_change,fuel_level_change,10292.0,,398.0,,
Car 203,arrival_departure,arrival,10293.0,,,,
Car 203,queue,pump_queue_wait_begins,10293.0,,,12.0,50.0
StationTank,fuel_level_change,fuel_level_change,10293.0,,398.0,,
StationTank,fuel_level_change,fuel_level_change,10294.0,,398.0,,
StationTank,fuel_level_change,fuel_level_change,10295.0,,398.0,,
StationTank,fuel_level_change,fuel_level_change,10296.0,,398.0,,
StationTank,fuel_level_change,fuel_level_change,10297.0,,398.0,,
StationTank,fuel_level_change,fuel_level_change,10298.0,,398.0,,
StationTank,fuel_level_change,fuel_level_change,10299.0,,398.0,,
StationTank,fuel_level_change,fuel_level_change,10300.0,,398.0,,
StationTank,fuel_level_change,fuel_level_change,10301.0,,398.0,,
StationTank,fuel_level_change,fuel_level_change,10302.0,,398.0,,
StationTank,fuel_level_change,fuel_level_change,10303.0,,398.0,,
StationTank,fuel_level_change,fuel_level_change,10304.0,,398.0,,
StationTank,fuel_level_change,fuel_level_change,10305.0,,398.0,,
StationTank,fuel_level_change,fuel_level_change,10306.0,,398.0,,
StationTank,fuel_level_change,fuel_level_change,10307.0,,398.0,,
StationTank,fuel_level_change,fuel_level_change,10308.0,,398.0,,
StationTank,fuel_level_change,fuel_level_change,10309.0,,398.0,,
StationTank,fuel_level_change,fuel_level_change,10310.0,,398.0,,
StationTank,fuel_level_change,fuel_level_change,10311.0,,398.0,,
StationTank,fuel_level_change,fuel_level_change,10312.0,,398.0,,
Car 186,resource_use_end,payment_ends,10313.0,1.0,,24.0,50.0
Car 186,resource_use,pumping_begins,10313.0,1.0,,24.0,50.0
StationTank,fuel_level_change,fuel_level_change,10313.0,,398.0,,
StationTank,fuel_level_change,fuel_level_change,10314.0,,398.0,,
StationTank,fuel_level_change,fuel_level_change,10315.0,,398.0,,
StationTank,fuel_level_change,fuel_level_change,10316.0,,398.0,,
StationTank,fuel_level_change,fuel_level_change,10317.0,,398.0,,
StationTank,fuel_level_change,fuel_level_change,10318.0,,398.0,,
StationTank,fuel_level_change,fuel_level_change,10319.0,,398.0,,
StationTank,fuel_level_change,fuel_level_change,10320.0,,398.0,,
StationTank,fuel_level_change,fuel_level_change,10321.0,,398.0,,
StationTank,fuel_level_change,fuel_level_change,10322.0,,398.0,,
Car 187,resource_use_end,payment_ends,10323.0,2.0,,14.0,50.0
Car 187,resource_use,pumping_begins,10323.0,2.0,,14.0,50.0
StationTank,fuel_level_change,fuel_level_change,10323.0,,398.0,,
StationTank,fuel_level_change,fuel_level_change,10324.0,,398.0,,
StationTank,fuel_level_change,fuel_level_change,10325.0,,398.0,,
StationTank,fuel_level_change,fuel_level_change,10326.0,,398.0,,
StationTank,fuel_level_change,fuel_level_change,10327.0,,398.0,,
StationTank,fuel_level_change,fuel_level_change,10328.0,,398.0,,
StationTank,fuel_level_change,fuel_level_change,10329.0,,398.0,,
StationTank,fuel_level_change,fuel_level_change,10330.0,,398.0,,
StationTank,fuel_level_change,fuel_level_change,10331.0,,398.0,,
StationTank,fuel_level_change,fuel_level_change,10332.0,,398.0,,
StationTank,fuel_level_change,fuel_level_change,10333.0,,398.0,,
StationTank,fuel_level_change,fuel_level_change,10334.0,,398.0,,
StationTank,fuel_level_change,fuel_level_change,10335.0,,398.0,,
StationTank,fuel_level_change,fuel_level_change,10336.0,,398.0,,
StationTank,fuel_level_change,fuel_level_change,10337.0,,398.0,,
StationTank,fuel_level_change,fuel_level_change,10338.0,,398.0,,
Car 186,resource_use_end,pumping_ends,10339.0,1.0,,24.0,50.0
Car 186,arrival_departure,depart,10339.0,,,,
StationTank,fuel_level_change,fuel_level_change,10339.0,,398.0,,
Car 188,resource_use,payment_begins,10339.0,1.0,,14.0,50.0
StationTank,fuel_level_change,fuel_level_change,10340.0,,362.0,,
StationTank,fuel_level_change,fuel_level_change,10341.0,,362.0,,
StationTank,fuel_level_change,fuel_level_change,10342.0,,362.0,,
StationTank,fuel_level_change,fuel_level_change,10343.0,,362.0,,
StationTank,fuel_level_change,fuel_level_change,10344.0,,362.0,,
StationTank,fuel_level_change,fuel_level_change,10345.0,,362.0,,
StationTank,fuel_level_change,fuel_level_change,10346.0,,362.0,,
StationTank,fuel_level_change,fuel_level_change,10347.0,,362.0,,
StationTank,fuel_level_change,fuel_level_change,10348.0,,362.0,,
StationTank,fuel_level_change,fuel_level_change,10349.0,,362.0,,
StationTank,fuel_level_change,fuel_level_change,10350.0,,362.0,,
StationTank,fuel_level_change,fuel_level_change,10351.0,,362.0,,
StationTank,fuel_level_change,fuel_level_change,10352.0,,362.0,,
StationTank,fuel_level_change,fuel_level_change,10353.0,,362.0,,
StationTank,fuel_level_change,fuel_level_change,10354.0,,362.0,,
StationTank,fuel_level_change,fuel_level_change,10355.0,,362.0,,
StationTank,fuel_level_change,fuel_level_change,10356.0,,362.0,,
StationTank,fuel_level_change,fuel_level_change,10357.0,,362.0,,
StationTank,fuel_level_change,fuel_level_change,10358.0,,362.0,,
Car 204,arrival_departure,arrival,10359.0,,,,
Car 204,queue,pump_queue_wait_begins,10359.0,,,8.0,50.0
Car 187,resource_use_end,pumping_ends,10359.0,2.0,,14.0,50.0
Car 187,arrival_departure,depart,10359.0,,,,
StationTank,fuel_level_change,fuel_level_change,10359.0,,362.0,,
Car 189,resource_use,payment_begins,10359.0,2.0,,11.0,50.0
StationTank,fuel_level_change,fuel_level_change,10360.0,,323.0,,
StationTank,fuel_level_change,fuel_level_change,10361.0,,323.0,,
StationTank,fuel_level_change,fuel_level_change,10362.0,,323.0,,
StationTank,fuel_level_change,fuel_level_change,10363.0,,323.0,,
StationTank,fuel_level_change,fuel_level_change,10364.0,,323.0,,
StationTank,fuel_level_change,fuel_level_change,10365.0,,323.0,,
StationTank,fuel_level_change,fuel_level_change,10366.0,,323.0,,
StationTank,fuel_level_change,fuel_level_change,10367.0,,323.0,,
StationTank,fuel_level_change,fuel_level_change,10368.0,,323.0,,
StationTank,fuel_level_change,fuel_level_change,10369.0,,323.0,,
StationTank,fuel_level_change,fuel_level_change,10370.0,,323.0,,
StationTank,fuel_level_change,fuel_level_change,10371.0,,323.0,,
StationTank,fuel_level_change,fuel_level_change,10372.0,,323.0,,
StationTank,fuel_level_change,fuel_level_change,10373.0,,323.0,,
Car 205,arrival_departure,arrival,10374.0,,,,
Car 205,queue,pump_queue_wait_begins,10374.0,,,12.0,50.0
StationTank,fuel_level_change,fuel_level_change,10374.0,,323.0,,
StationTank,fuel_level_change,fuel_level_change,10375.0,,323.0,,
StationTank,fuel_level_change,fuel_level_change,10376.0,,323.0,,
StationTank,fuel_level_change,fuel_level_change,10377.0,,323.0,,
Car 188,resource_use_end,payment_ends,10378.0,1.0,,14.0,50.0
Car 188,resource_use,pumping_begins,10378.0,1.0,,14.0,50.0
StationTank,fuel_level_change,fuel_level_change,10378.0,,323.0,,
StationTank,fuel_level_change,fuel_level_change,10379.0,,323.0,,
StationTank,fuel_level_change,fuel_level_change,10380.0,,323.0,,
StationTank,fuel_level_change,fuel_level_change,10381.0,,323.0,,
StationTank,fuel_level_change,fuel_level_change,10382.0,,323.0,,
StationTank,fuel_level_change,fuel_level_change,10383.0,,323.0,,
StationTank,fuel_level_change,fuel_level_change,10384.0,,323.0,,
StationTank,fuel_level_change,fuel_level_change,10385.0,,323.0,,
StationTank,fuel_level_change,fuel_level_change,10386.0,,323.0,,
StationTank,fuel_level_change,fuel_level_change,10387.0,,323.0,,
StationTank,fuel_level_change,fuel_level_change,10388.0,,323.0,,
StationTank,fuel_level_change,fuel_level_change,10389.0,,323.0,,
StationTank,fuel_level_change,fuel_level_change,10390.0,,323.0,,
StationTank,fuel_level_change,fuel_level_change,10391.0,,323.0,,
StationTank,fuel_level_change,fuel_level_change,10392.0,,323.0,,
StationTank,fuel_level_change,fuel_level_change,10393.0,,323.0,,
StationTank,fuel_level_change,fuel_level_change,10394.0,,323.0,,
StationTank,fuel_level_change,fuel_level_change,10395.0,,323.0,,
StationTank,fuel_level_change,fuel_level_change,10396.0,,323.0,,
StationTank,fuel_level_change,fuel_level_change,10397.0,,323.0,,
StationTank,fuel_level_change,fuel_level_change,10398.0,,323.0,,
StationTank,fuel_level_change,fuel_level_change,10399.0,,323.0,,
StationTank,fuel_level_change,fuel_level_change,10400.0,,323.0,,
StationTank,fuel_level_change,fuel_level_change,10401.0,,323.0,,
StationTank,fuel_level_change,fuel_level_change,10402.0,,323.0,,
StationTank,fuel_level_change,fuel_level_change,10403.0,,323.0,,
StationTank,fuel_level_change,fuel_level_change,10404.0,,323.0,,
StationTank,fuel_level_change,fuel_level_change,10405.0,,323.0,,
StationTank,fuel_level_change,fuel_level_change,10406.0,,323.0,,
StationTank,fuel_level_change,fuel_level_change,10407.0,,323.0,,
StationTank,fuel_level_change,fuel_level_change,10408.0,,323.0,,
StationTank,fuel_level_change,fuel_level_change,10409.0,,323.0,,
StationTank,fuel_level_change,fuel_level_change,10410.0,,323.0,,
StationTank,fuel_level_change,fuel_level_change,10411.0,,323.0,,
StationTank,fuel_level_change,fuel_level_change,10412.0,,323.0,,
StationTank,fuel_level_change,fuel_level_change,10413.0,,323.0,,
Car 188,resource_use_end,pumping_ends,10414.0,1.0,,14.0,50.0
Car 188,arrival_departure,depart,10414.0,,,,
StationTank,fuel_level_change,fuel_level_change,10414.0,,323.0,,
Car 190,resource_use,payment_begins,10414.0,1.0,,24.0,50.0
StationTank,fuel_level_change,fuel_level_change,10415.0,,297.0,,
StationTank,fuel_level_change,fuel_level_change,10416.0,,297.0,,
StationTank,fuel_level_change,fuel_level_change,10417.0,,297.0,,
StationTank,fuel_level_change,fuel_level_change,10418.0,,297.0,,
StationTank,fuel_level_change,fuel_level_change,10419.0,,297.0,,
StationTank,fuel_level_change,fuel_level_change,10420.0,,297.0,,
StationTank,fuel_level_change,fuel_level_change,10421.0,,297.0,,
StationTank,fuel_level_change,fuel_level_change,10422.0,,297.0,,
StationTank,fuel_level_change,fuel_level_change,10423.0,,297.0,,
StationTank,fuel_level_change,fuel_level_change,10424.0,,297.0,,
StationTank,fuel_level_change,fuel_level_change,10425.0,,297.0,,
StationTank,fuel_level_change,fuel_level_change,10426.0,,297.0,,
StationTank,fuel_level_change,fuel_level_change,10427.0,,297.0,,
StationTank,fuel_level_change,fuel_level_change,10428.0,,297.0,,
StationTank,fuel_level_change,fuel_level_change,10429.0,,297.0,,
StationTank,fuel_level_change,fuel_level_change,10430.0,,297.0,,
StationTank,fuel_level_change,fuel_level_change,10431.0,,297.0,,
StationTank,fuel_level_change,fuel_level_change,10432.0,,297.0,,
StationTank,fuel_level_change,fuel_level_change,10433.0,,297.0,,
StationTank,fuel_level_change,fuel_level_change,10434.0,,297.0,,
StationTank,fuel_level_change,fuel_level_change,10435.0,,297.0,,
StationTank,fuel_level_change,fuel_level_change,10436.0,,297.0,,
StationTank,fuel_level_change,fuel_level_change,10437.0,,297.0,,
Car 189,resource_use_end,payment_ends,10438.0,2.0,,11.0,50.0
Car 189,resource_use,pumping_begins,10438.0,2.0,,11.0,50.0
StationTank,fuel_level_change,fuel_level_change,10438.0,,297.0,,
StationTank,fuel_level_change,fuel_level_change,10439.0,,297.0,,
StationTank,fuel_level_change,fuel_level_change,10440.0,,297.0,,
StationTank,fuel_level_change,fuel_level_change,10441.0,,297.0,,
StationTank,fuel_level_change,fuel_level_change,10442.0,,297.0,,
Car 206,arrival_departure,arrival,10443.0,,,,
Car 206,queue,pump_queue_wait_begins,10443.0,,,19.0,50.0
StationTank,fuel_level_change,fuel_level_change,10443.0,,297.0,,
StationTank,fuel_level_change,fuel_level_change,10444.0,,297.0,,
StationTank,fuel_level_change,fuel_level_change,10445.0,,297.0,,
StationTank,fuel_level_change,fuel_level_change,10446.0,,297.0,,
StationTank,fuel_level_change,fuel_level_change,10447.0,,297.0,,
StationTank,fuel_level_change,fuel_level_change,10448.0,,297.0,,
StationTank,fuel_level_change,fuel_level_change,10449.0,,297.0,,
StationTank,fuel_level_change,fuel_level_change,10450.0,,297.0,,
StationTank,fuel_level_change,fuel_level_change,10451.0,,297.0,,
StationTank,fuel_level_change,fuel_level_change,10452.0,,297.0,,
StationTank,fuel_level_change,fuel_level_change,10453.0,,297.0,,
StationTank,fuel_level_change,fuel_level_change,10454.0,,297.0,,
Car 190,resource_use_end,payment_ends,10455.0,1.0,,24.0,50.0
Car 190,resource_use,pumping_begins,10455.0,1.0,,24.0,50.0
StationTank,fuel_level_change,fuel_level_change,10455.0,,297.0,,
StationTank,fuel_level_change,fuel_level_change,10456.0,,297.0,,
StationTank,fuel_level_change,fuel_level_change,10457.0,,297.0,,
StationTank,fuel_level_change,fuel_level_change,10458.0,,297.0,,
StationTank,fuel_level_change,fuel_level_change,10459.0,,297.0,,
StationTank,fuel_level_change,fuel_level_change,10460.0,,297.0,,
StationTank,fuel_level_change,fuel_level_change,10461.0,,297.0,,
StationTank,fuel_level_change,fuel_level_change,10462.0,,297.0,,
StationTank,fuel_level_change,fuel_level_change,10463.0,,297.0,,
StationTank,fuel_level_change,fuel_level_change,10464.0,,297.0,,
StationTank,fuel_level_change,fuel_level_change,10465.0,,297.0,,
StationTank,fuel_level_change,fuel_level_change,10466.0,,297.0,,
StationTank,fuel_level_change,fuel_level_change,10467.0,,297.0,,
StationTank,fuel_level_change,fuel_level_change,10468.0,,297.0,,
StationTank,fuel_level_change,fuel_level_change,10469.0,,297.0,,
StationTank,fuel_level_change,fuel_level_change,10470.0,,297.0,,
StationTank,fuel_level_change,fuel_level_change,10471.0,,297.0,,
StationTank,fuel_level_change,fuel_level_change,10472.0,,297.0,,
StationTank,fuel_level_change,fuel_level_change,10473.0,,297.0,,
StationTank,fuel_level_change,fuel_level_change,10474.0,,297.0,,
StationTank,fuel_level_change,fuel_level_change,10475.0,,297.0,,
StationTank,fuel_level_change,fuel_level_change,10476.0,,297.0,,
Car 189,resource_use_end,pumping_ends,10477.0,2.0,,11.0,50.0
Car 189,arrival_departure,depart,10477.0,,,,
StationTank,fuel_level_change,fuel_level_change,10477.0,,297.0,,
Car 191,resource_use,payment_begins,10477.0,2.0,,19.0,50.0
StationTank,fuel_level_change,fuel_level_change,10478.0,,266.0,,
StationTank,fuel_level_change,fuel_level_change,10479.0,,266.0,,
StationTank,fuel_level_change,fuel_level_change,10480.0,,266.0,,
Car 190,resource_use_end,pumping_ends,10481.0,1.0,,24.0,50.0
Car 190,arrival_departure,depart,10481.0,,,,
StationTank,fuel_level_change,fuel_level_change,10481.0,,266.0,,
Car 192,resource_use,payment_begins,10481.0,1.0,,21.0,50.0
StationTank,fuel_level_change,fuel_level_change,10482.0,,237.0,,
StationTank,fuel_level_change,fuel_level_change,10483.0,,237.0,,
StationTank,fuel_level_change,fuel_level_change,10484.0,,237.0,,
StationTank,fuel_level_change,fuel_level_change,10485.0,,237.0,,
StationTank,fuel_level_change,fuel_level_change,10486.0,,237.0,,
StationTank,fuel_level_change,fuel_level_change,10487.0,,237.0,,
StationTank,fuel_level_change,fuel_level_change,10488.0,,237.0,,
StationTank,fuel_level_change,fuel_level_change,10489.0,,237.0,,
StationTank,fuel_level_change,fuel_level_change,10490.0,,237.0,,
StationTank,fuel_level_change,fuel_level_change,10491.0,,237.0,,
StationTank,fuel_level_change,fuel_level_change,10492.0,,237.0,,
StationTank,fuel_level_change,fuel_level_change,10493.0,,237.0,,
StationTank,fuel_level_change,fuel_level_change,10494.0,,237.0,,
StationTank,fuel_level_change,fuel_level_change,10495.0,,237.0,,
StationTank,fuel_level_change,fuel_level_change,10496.0,,237.0,,
StationTank,fuel_level_change,fuel_level_change,10497.0,,237.0,,
StationTank,fuel_level_change,fuel_level_change,10498.0,,237.0,,
StationTank,fuel_level_change,fuel_level_change,10499.0,,237.0,,
StationTank,fuel_level_change,fuel_level_change,10500.0,,237.0,,
StationTank,fuel_level_change,fuel_level_change,10501.0,,237.0,,
StationTank,fuel_level_change,fuel_level_change,10502.0,,237.0,,
StationTank,fuel_level_change,fuel_level_change,10503.0,,237.0,,
StationTank,fuel_level_change,fuel_level_change,10504.0,,237.0,,
StationTank,fuel_level_change,fuel_level_change,10505.0,,237.0,,
StationTank,fuel_level_change,fuel_level_change,10506.0,,237.0,,
StationTank,fuel_level_change,fuel_level_change,10507.0,,237.0,,
StationTank,fuel_level_change,fuel_level_change,10508.0,,237.0,,
StationTank,fuel_level_change,fuel_level_change,10509.0,,237.0,,
Car 191,resource_use_end,payment_ends,10510.0,2.0,,19.0,50.0
Car 191,resource_use,pumping_begins,10510.0,2.0,,19.0,50.0
StationTank,fuel_level_change,fuel_level_change,10510.0,,237.0,,
StationTank,fuel_level_change,fuel_level_change,10511.0,,237.0,,
StationTank,fuel_level_change,fuel_level_change,10512.0,,237.0,,
StationTank,fuel_level_change,fuel_level_change,10513.0,,237.0,,
StationTank,fuel_level_change,fuel_level_change,10514.0,,237.0,,
StationTank,fuel_level_change,fuel_level_change,10515.0,,237.0,,
StationTank,fuel_level_change,fuel_level_change,10516.0,,237.0,,
StationTank,fuel_level_change,fuel_level_change,10517.0,,237.0,,
StationTank,fuel_level_change,fuel_level_change,10518.0,,237.0,,
StationTank,fuel_level_change,fuel_level_change,10519.0,,237.0,,
StationTank,fuel_level_change,fuel_level_change,10520.0,,237.0,,
StationTank,fuel_level_change,fuel_level_change,10521.0,,237.0,,
StationTank,fuel_level_change,fuel_level_change,10522.0,,237.0,,
StationTank,fuel_level_change,fuel_level_change,10523.0,,237.0,,
Car 207,arrival_departure,arrival,10524.0,,,,
Car 207,queue,pump_queue_wait_begins,10524.0,,,8.0,50.0
StationTank,fuel_level_change,fuel_level_change,10524.0,,237.0,,
StationTank,fuel_level_change,fuel_level_change,10525.0,,237.0,,
StationTank,fuel_level_change,fuel_level_change,10526.0,,237.0,,
StationTank,fuel_level_change,fuel_level_change,10527.0,,237.0,,
StationTank,fuel_level_change,fuel_level_change,10528.0,,237.0,,
StationTank,fuel_level_change,fuel_level_change,10529.0,,237.0,,
StationTank,fuel_level_change,fuel_level_change,10530.0,,237.0,,
StationTank,fuel_level_change,fuel_level_change,10531.0,,237.0,,
StationTank,fuel_level_change,fuel_level_change,10532.0,,237.0,,
StationTank,fuel_level_change,fuel_level_change,10533.0,,237.0,,
StationTank,fuel_level_change,fuel_level_change,10534.0,,237.0,,
StationTank,fuel_level_change,fuel_level_change,10535.0,,237.0,,
StationTank,fuel_level_change,fuel_level_change,10536.0,,237.0,,
StationTank,fuel_level_change,fuel_level_change,10537.0,,237.0,,
StationTank,fuel_level_change,fuel_level_change,10538.0,,237.0,,
StationTank,fuel_level_change,fuel_level_change,10539.0,,237.0,,
StationTank,fuel_level_change,fuel_level_change,10540.0,,237.0,,
Car 191,resource_use_end,pumping_ends,10541.0,2.0,,19.0,50.0
Car 191,arrival_departure,depart,10541.0,,,,
StationTank,fuel_level_change,fuel_level_change,10541.0,,237.0,,
Car 193,resource_use,payment_begins,10541.0,2.0,,7.0,50.0
StationTank,fuel_level_change,fuel_level_change,10542.0,,194.0,,
StationTank,fuel_level_change,fuel_level_change,10543.0,,194.0,,
StationTank,fuel_level_change,fuel_level_change,10544.0,,194.0,,
StationTank,fuel_level_change,fuel_level_change,10545.0,,194.0,,
Car 192,resource_use_end,payment_ends,10546.0,1.0,,21.0,50.0
Car 192,resource_use,pumping_begins,10546.0,1.0,,21.0,50.0
StationTank,fuel_level_change,fuel_level_change,10546.0,,194.0,,
StationTank,fuel_level_change,fuel_level_change,10547.0,,194.0,,
StationTank,fuel_level_change,fuel_level_change,10548.0,,194.0,,
StationTank,fuel_level_change,fuel_level_change,10549.0,,194.0,,
StationTank,fuel_level_change,fuel_level_change,10550.0,,194.0,,
StationTank,fuel_level_change,fuel_level_change,10551.0,,194.0,,
StationTank,fuel_level_change,fuel_level_change,10552.0,,194.0,,
StationTank,fuel_level_change,fuel_level_change,10553.0,,194.0,,
StationTank,fuel_level_change,fuel_level_change,10554.0,,194.0,,
StationTank,fuel_level_change,fuel_level_change,10555.0,,194.0,,
StationTank,fuel_level_change,fuel_level_change,10556.0,,194.0,,
StationTank,fuel_level_change,fuel_level_change,10557.0,,194.0,,
StationTank,fuel_level_change,fuel_level_change,10558.0,,194.0,,
StationTank,fuel_level_change,fuel_level_change,10559.0,,194.0,,
StationTank,fuel_level_change,fuel_level_change,10560.0,,194.0,,
StationTank,fuel_level_change,fuel_level_change,10561.0,,194.0,,
StationTank,fuel_level_change,fuel_level_change,10562.0,,194.0,,
StationTank,fuel_level_change,fuel_level_change,10563.0,,194.0,,
StationTank,fuel_level_change,fuel_level_change,10564.0,,194.0,,
StationTank,fuel_level_change,fuel_level_change,10565.0,,194.0,,
StationTank,fuel_level_change,fuel_level_change,10566.0,,194.0,,
StationTank,fuel_level_change,fuel_level_change,10567.0,,194.0,,
StationTank,fuel_level_change,fuel_level_change,10568.0,,194.0,,
StationTank,fuel_level_change,fuel_level_change,10569.0,,194.0,,
Car 208,arrival_departure,arrival,10570.0,,,,
Car 208,queue,pump_queue_wait_begins,10570.0,,,19.0,50.0
StationTank,fuel_level_change,fuel_level_change,10570.0,,194.0,,
StationTank,fuel_level_change,fuel_level_change,10571.0,,194.0,,
StationTank,fuel_level_change,fuel_level_change,10572.0,,194.0,,
StationTank,fuel_level_change,fuel_level_change,10573.0,,194.0,,
StationTank,fuel_level_change,fuel_level_change,10574.0,,194.0,,
Car 192,resource_use_end,pumping_ends,10575.0,1.0,,21.0,50.0
Car 192,arrival_departure,depart,10575.0,,,,
StationTank,fuel_level_change,fuel_level_change,10575.0,,194.0,,
Car 194,resource_use,payment_begins,10575.0,1.0,,21.0,50.0
StationTank,fuel_level_change,fuel_level_change,10576.0,,165.0,,
StationTank,fuel_level_change,fuel_level_change,10577.0,,165.0,,
StationTank,fuel_level_change,fuel_level_change,10578.0,,165.0,,
StationTank,fuel_level_change,fuel_level_change,10579.0,,165.0,,
StationTank,fuel_level_change,fuel_level_change,10580.0,,165.0,,
StationTank,fuel_level_change,fuel_level_change,10581.0,,165.0,,
StationTank,fuel_level_change,fuel_level_change,10582.0,,165.0,,
StationTank,fuel_level_change,fuel_level_change,10583.0,,165.0,,
StationTank,fuel_level_change,fuel_level_change,10584.0,,165.0,,
StationTank,fuel_level_change,fuel_level_change,10585.0,,165.0,,
StationTank,fuel_level_change,fuel_level_change,10586.0,,165.0,,
StationTank,fuel_level_change,fuel_level_change,10587.0,,165.0,,
StationTank,fuel_level_change,fuel_level_change,10588.0,,165.0,,
StationTank,fuel_level_change,fuel_level_change,10589.0,,165.0,,
StationTank,fuel_level_change,fuel_level_change,10590.0,,165.0,,
StationTank,fuel_level_change,fuel_level_change,10591.0,,165.0,,
StationTank,fuel_level_change,fuel_level_change,10592.0,,165.0,,
StationTank,fuel_level_change,fuel_level_change,10593.0,,165.0,,
StationTank,fuel_level_change,fuel_level_change,10594.0,,165.0,,
StationTank,fuel_level_change,fuel_level_change,10595.0,,165.0,,
StationTank,fuel_level_change,fuel_level_change,10596.0,,165.0,,
StationTank,fuel_level_change,fuel_level_change,10597.0,,165.0,,
StationTank,fuel_level_change,fuel_level_change,10598.0,,165.0,,
StationTank,fuel_level_change,fuel_level_change,10599.0,,165.0,,
Car 193,resource_use_end,payment_ends,10600.0,2.0,,7.0,50.0
Car 193,resource_use,pumping_begins,10600.0,2.0,,7.0,50.0
StationTank,fuel_level_change,fuel_level_change,10600.0,,165.0,,
StationTank,fuel_level_change,fuel_level_change,10601.0,,165.0,,
Car 209,arrival_departure,arrival,10602.0,,,,
Car 209,queue,pump_queue_wait_begins,10602.0,,,22.0,50.0
StationTank,fuel_level_change,fuel_level_change,10602.0,,165.0,,
StationTank,fuel_level_change,fuel_level_change,10603.0,,165.0,,
StationTank,fuel_level_change,fuel_level_change,10604.0,,165.0,,
StationTank,fuel_level_change,fuel_level_change,10605.0,,165.0,,
StationTank,fuel_level_change,fuel_level_change,10606.0,,165.0,,
StationTank,fuel_level_change,fuel_level_change,10607.0,,165.0,,
StationTank,fuel_level_change,fuel_level_change,10608.0,,165.0,,
StationTank,fuel_level_change,fuel_level_change,10609.0,,165.0,,
StationTank,fuel_level_change,fuel_level_change,10610.0,,165.0,,
StationTank,fuel_level_change,fuel_level_change,10611.0,,165.0,,
StationTank,fuel_level_change,fuel_level_change,10612.0,,165.0,,
StationTank,fuel_level_change,fuel_level_change,10613.0,,165.0,,
StationTank,fuel_level_change,fuel_level_change,10614.0,,165.0,,
StationTank,fuel_level_change,fuel_level_change,10615.0,,165.0,,
StationTank,fuel_level_change,fuel_level_change,10616.0,,165.0,,
StationTank,fuel_level_change,fuel_level_change,10617.0,,165.0,,
StationTank,fuel_level_change,fuel_level_change,10618.0,,165.0,,
StationTank,fuel_level_change,fuel_level_change,10619.0,,165.0,,
StationTank,fuel_level_change,fuel_level_change,10620.0,,165.0,,
StationTank,fuel_level_change,fuel_level_change,10621.0,,165.0,,
StationTank,fuel_level_change,fuel_level_change,10622.0,,165.0,,
StationTank,fuel_level_change,fuel_level_change,10623.0,,165.0,,
StationTank,fuel_level_change,fuel_level_change,10624.0,,165.0,,
StationTank,fuel_level_change,fuel_level_change,10625.0,,165.0,,
StationTank,fuel_level_change,fuel_level_change,10626.0,,165.0,,
StationTank,fuel_level_change,fuel_level_change,10627.0,,165.0,,
StationTank,fuel_level_change,fuel_level_change,10628.0,,165.0,,
StationTank,fuel_level_change,fuel_level_change,10629.0,,165.0,,
StationTank,fuel_level_change,fuel_level_change,10630.0,,165.0,,
StationTank,fuel_level_change,fuel_level_change,10631.0,,165.0,,
StationTank,fuel_level_change,fuel_level_change,10632.0,,165.0,,
StationTank,fuel_level_change,fuel_level_change,10633.0,,165.0,,
StationTank,fuel_level_change,fuel_level_change,10634.0,,165.0,,
StationTank,fuel_level_change,fuel_level_change,10635.0,,165.0,,
StationTank,fuel_level_change,fuel_level_change,10636.0,,165.0,,
StationTank,fuel_level_change,fuel_level_change,10637.0,,165.0,,
StationTank,fuel_level_change,fuel_level_change,10638.0,,165.0,,
StationTank,fuel_level_change,fuel_level_change,10639.0,,165.0,,
StationTank,fuel_level_change,fuel_level_change,10640.0,,165.0,,
StationTank,fuel_level_change,fuel_level_change,10641.0,,165.0,,
StationTank,fuel_level_change,fuel_level_change,10642.0,,165.0,,
Car 193,resource_use_end,pumping_ends,10643.0,2.0,,7.0,50.0
Car 193,arrival_departure,depart,10643.0,,,,
StationTank,fuel_level_change,fuel_level_change,10643.0,,165.0,,
Car 195,resource_use,payment_begins,10643.0,2.0,,7.0,50.0
StationTank,fuel_level_change,fuel_level_change,10644.0,,122.0,,
StationTank,fuel_level_change,fuel_level_change,10645.0,,122.0,,
StationTank,fuel_level_change,fuel_level_change,10646.0,,122.0,,
Car 194,resource_use_end,payment_ends,10647.0,1.0,,21.0,50.0
Car 194,resource_use,pumping_begins,10647.0,1.0,,21.0,50.0
StationTank,fuel_level_change,fuel_level_change,10647.0,,122.0,,
StationTank,fuel_level_change,fuel_level_change,10648.0,,122.0,,
StationTank,fuel_level_change,fuel_level_change,10649.0,,122.0,,
StationTank,fuel_level_change,fuel_level_change,10650.0,,122.0,,
StationTank,fuel_level_change,fuel_level_change,10651.0,,122.0,,
StationTank,fuel_level_change,fuel_level_change,10652.0,,122.0,,
StationTank,fuel_level_change,fuel_level_change,10653.0,,122.0,,
StationTank,fuel_level_change,fuel_level_change,10654.0,,122.0,,
StationTank,fuel_level_change,fuel_level_change,10655.0,,122.0,,
StationTank,fuel_level_change,fuel_level_change,10656.0,,122.0,,
StationTank,fuel_level_change,fuel_level_change,10657.0,,122.0,,
StationTank,fuel_level_change,fuel_level_change,10658.0,,122.0,,
StationTank,fuel_level_change,fuel_level_change,10659.0,,122.0,,
StationTank,fuel_level_change,fuel_level_change,10660.0,,122.0,,
StationTank,fuel_level_change,fuel_level_change,10661.0,,122.0,,
StationTank,fuel_level_change,fuel_level_change,10662.0,,122.0,,
StationTank,fuel_level_change,fuel_level_change,10663.0,,122.0,,
StationTank,fuel_level_change,fuel_level_change,10664.0,,122.0,,
StationTank,fuel_level_change,fuel_level_change,10665.0,,122.0,,
StationTank,fuel_level_change,fuel_level_change,10666.0,,122.0,,
StationTank,fuel_level_change,fuel_level_change,10667.0,,122.0,,
StationTank,fuel_level_change,fuel_level_change,10668.0,,122.0,,
StationTank,fuel_level_change,fuel_level_change,10669.0,,122.0,,
StationTank,fuel_level_change,fuel_level_change,10670.0,,122.0,,
StationTank,fuel_level_change,fuel_level_change,10671.0,,122.0,,
StationTank,fuel_level_change,fuel_level_change,10672.0,,122.0,,
StationTank,fuel_level_change,fuel_level_change,10673.0,,122.0,,
StationTank,fuel_level_change,fuel_level_change,10674.0,,122.0,,
StationTank,fuel_level_change,fuel_level_change,10675.0,,122.0,,
Car 194,resource_use_end,pumping_ends,10676.0,1.0,,21.0,50.0
Car 194,arrival_departure,depart,10676.0,,,,
StationTank,fuel_level_change,fuel_level_change,10676.0,,122.0,,
Car 196,resource_use,payment_begins,10676.0,1.0,,14.0,50.0
StationTank,fuel_level_change,fuel_level_change,10677.0,,86.0,,
StationTank,fuel_level_change,fuel_level_change,10678.0,,86.0,,
StationTank,fuel_level_change,fuel_level_change,10679.0,,86.0,,
StationTank,fuel_level_change,fuel_level_change,10680.0,,86.0,,
StationTank,fuel_level_change,fuel_level_change,10681.0,,86.0,,
StationTank,fuel_level_change,fuel_level_change,10682.0,,86.0,,
StationTank,fuel_level_change,fuel_level_change,10683.0,,86.0,,
Car 210,arrival_departure,arrival,10684.0,,,,
Car 210,queue,pump_queue_wait_begins,10684.0,,,24.0,50.0
StationTank,fuel_level_change,fuel_level_change,10684.0,,86.0,,
StationTank,fuel_level_change,fuel_level_change,10685.0,,86.0,,
StationTank,fuel_level_change,fuel_level_change,10686.0,,86.0,,
StationTank,fuel_level_change,fuel_level_change,10687.0,,86.0,,
StationTank,fuel_level_change,fuel_level_change,10688.0,,86.0,,
StationTank,fuel_level_change,fuel_level_change,10689.0,,86.0,,
StationTank,fuel_level_change,fuel_level_change,10690.0,,86.0,,
StationTank,fuel_level_change,fuel_level_change,10691.0,,86.0,,
StationTank,fuel_level_change,fuel_level_change,10692.0,,86.0,,
StationTank,fuel_level_change,fuel_level_change,10693.0,,86.0,,
StationTank,fuel_level_change,fuel_level_change,10694.0,,86.0,,
StationTank,fuel_level_change,fuel_level_change,10695.0,,86.0,,
StationTank,fuel_level_change,fuel_level_change,10696.0,,86.0,,
StationTank,fuel_level_change,fuel_level_change,10697.0,,86.0,,
StationTank,fuel_level_change,fuel_level_change,10698.0,,86.0,,
StationTank,fuel_level_change,fuel_level_change,10699.0,,86.0,,
StationTank,fuel_level_change,fuel_level_change,10700.0,,86.0,,
StationTank,fuel_level_change,fuel_level_change,10701.0,,86.0,,
StationTank,fuel_level_change,fuel_level_change,10702.0,,86.0,,
StationTank,fuel_level_change,fuel_level_change,10703.0,,86.0,,
StationTank,fuel_level_change,fuel_level_change,10704.0,,86.0,,
StationTank,fuel_level_change,fuel_level_change,10705.0,,86.0,,
StationTank,fuel_level_change,fuel_level_change,10706.0,,86.0,,
StationTank,fuel_level_change,fuel_level_change,10707.0,,86.0,,
StationTank,fuel_level_change,fuel_level_change,10708.0,,86.0,,
StationTank,fuel_level_change,fuel_level_change,10709.0,,86.0,,
StationTank,fuel_level_change,fuel_level_change,10710.0,,86.0,,
Car 195,resource_use_end,payment_ends,10711.0,2.0,,7.0,50.0
Car 195,resource_use,pumping_begins,10711.0,2.0,,7.0,50.0
StationTank,fuel_level_change,fuel_level_change,10711.0,,86.0,,
StationTank,fuel_level_change,fuel_level_change,10712.0,,86.0,,
StationTank,fuel_level_change,fuel_level_change,10713.0,,86.0,,
StationTank,fuel_level_change,fuel_level_change,10714.0,,86.0,,
StationTank,fuel_level_change,fuel_level_change,10715.0,,86.0,,
StationTank,fuel_level_change,fuel_level_change,10716.0,,86.0,,
StationTank,fuel_level_change,fuel_level_change,10717.0,,86.0,,
StationTank,fuel_level_change,fuel_level_change,10718.0,,86.0,,
StationTank,fuel_level_change,fuel_level_change,10719.0,,86.0,,
StationTank,fuel_level_change,fuel_level_change,10720.0,,86.0,,
StationTank,fuel_level_change,fuel_level_change,10721.0,,86.0,,
StationTank,fuel_level_change,fuel_level_change,10722.0,,86.0,,
StationTank,fuel_level_change,fuel_level_change,10723.0,,86.0,,
StationTank,fuel_level_change,fuel_level_change,10724.0,,86.0,,
Call 10,arrival_departure,arrival,10725.0,,,,
Call 10,queue,calling_truck,10725.0,,,,
StationTank,fuel_level_change,fuel_level_change,10725.0,,86.0,,
Car 196,resource_use_end,payment_ends,10726.0,1.0,,14.0,50.0
Car 196,resource_use,pumping_begins,10726.0,1.0,,14.0,50.0
StationTank,fuel_level_change,fuel_level_change,10726.0,,86.0,,
StationTank,fuel_level_change,fuel_level_change,10727.0,,86.0,,
StationTank,fuel_level_change,fuel_level_change,10728.0,,86.0,,
StationTank,fuel_level_change,fuel_level_change,10729.0,,86.0,,
StationTank,fuel_level_change,fuel_level_change,10730.0,,86.0,,
StationTank,fuel_level_change,fuel_level_change,10731.0,,86.0,,
StationTank,fuel_level_change,fuel_level_change,10732.0,,86.0,,
StationTank,fuel_level_change,fuel_level_change,10733.0,,86.0,,
StationTank,fuel_level_change,fuel_level_change,10734.0,,86.0,,
StationTank,fuel_level_change,fuel_level_change,10735.0,,86.0,,
StationTank,fuel_level_change,fuel_level_change,10736.0,,86.0,,
StationTank,fuel_level_change,fuel_level_change,10737.0,,86.0,,
StationTank,fuel_level_change,fuel_level_change,10738.0,,86.0,,
StationTank,fuel_level_change,fuel_level_change,10739.0,,86.0,,
StationTank,fuel_level_change,fuel_level_change,10740.0,,86.0,,
StationTank,fuel_level_change,fuel_level_change,10741.0,,86.0,,
StationTank,fuel_level_change,fuel_level_change,10742.0,,86.0,,
StationTank,fuel_level_change,fuel_level_change,10743.0,,86.0,,
StationTank,fuel_level_change,fuel_level_change,10744.0,,86.0,,
StationTank,fuel_level_change,fuel_level_change,10745.0,,86.0,,
StationTank,fuel_level_change,fuel_level_change,10746.0,,86.0,,
StationTank,fuel_level_change,fuel_level_change,10747.0,,86.0,,
StationTank,fuel_level_change,fuel_level_change,10748.0,,86.0,,
StationTank,fuel_level_change,fuel_level_change,10749.0,,86.0,,
StationTank,fuel_level_change,fuel_level_change,10750.0,,86.0,,
StationTank,fuel_level_change,fuel_level_change,10751.0,,86.0,,
StationTank,fuel_level_change,fuel_level_change,10752.0,,86.0,,
StationTank,fuel_level_change,fuel_level_change,10753.0,,86.0,,
Car 195,resource_use_end,pumping_ends,10754.0,2.0,,7.0,50.0
Car 195,arrival_departure,depart,10754.0,,,,
StationTank,fuel_level_change,fuel_level_change,10754.0,,86.0,,
Car 197,resource_use,payment_begins,10754.0,2.0,,11.0,50.0
Car 211,arrival_departure,arrival,10755.0,,,,
Car 211,queue,pump_queue_wait_begins,10755.0,,,18.0,50.0
StationTank,fuel_level_change,fuel_level_change,10755.0,,47.0,,
StationTank,fuel_level_change,fuel_level_change,10756.0,,47.0,,
StationTank,fuel_level_change,fuel_level_change,10757.0,,47.0,,
StationTank,fuel_level_change,fuel_level_change,10758.0,,47.0,,
StationTank,fuel_level_change,fuel_level_change,10759.0,,47.0,,
StationTank,fuel_level_change,fuel_level_change,10760.0,,47.0,,
StationTank,fuel_level_change,fuel_level_change,10761.0,,47.0,,
Car 196,resource_use_end,pumping_ends,10762.0,1.0,,14.0,50.0
Car 196,arrival_departure,depart,10762.0,,,,
StationTank,fuel_level_change,fuel_level_change,10762.0,,47.0,,
Car 198,resource_use,payment_begins,10762.0,1.0,,6.0,50.0
StationTank,fuel_level_change,fuel_level_change,10763.0,,3.0,,
StationTank,fuel_level_change,fuel_level_change,10764.0,,3.0,,
StationTank,fuel_level_change,fuel_level_change,10765.0,,3.0,,
StationTank,fuel_level_change,fuel_level_change,10766.0,,3.0,,
StationTank,fuel_level_change,fuel_level_change,10767.0,,3.0,,
StationTank,fuel_level_change,fuel_level_change,10768.0,,3.0,,
StationTank,fuel_level_change,fuel_level_change,10769.0,,3.0,,
StationTank,fuel_level_change,fuel_level_change,10770.0,,3.0,,
StationTank,fuel_level_change,fuel_level_change,10771.0,,3.0,,
StationTank,fuel_level_change,fuel_level_change,10772.0,,3.0,,
StationTank,fuel_level_change,fuel_level_change,10773.0,,3.0,,
StationTank,fuel_level_change,fuel_level_change,10774.0,,3.0,,
StationTank,fuel_level_change,fuel_level_change,10775.0,,3.0,,
StationTank,fuel_level_change,fuel_level_change,10776.0,,3.0,,
StationTank,fuel_level_change,fuel_level_change,10777.0,,3.0,,
StationTank,fuel_level_change,fuel_level_change,10778.0,,3.0,,
StationTank,fuel_level_change,fuel_level_change,10779.0,,3.0,,
StationTank,fuel_level_change,fuel_level_change,10780.0,,3.0,,
StationTank,fuel_level_change,fuel_level_change,10781.0,,3.0,,
StationTank,fuel_level_change,fuel_level_change,10782.0,,3.0,,
StationTank,fuel_level_change,fuel_level_change,10783.0,,3.0,,
StationTank,fuel_level_change,fuel_level_change,10784.0,,3.0,,
StationTank,fuel_level_change,fuel_level_change,10785.0,,3.0,,
StationTank,fuel_level_change,fuel_level_change,10786.0,,3.0,,
StationTank,fuel_level_change,fuel_level_change,10787.0,,3.0,,
StationTank,fuel_level_change,fuel_level_change,10788.0,,3.0,,
StationTank,fuel_level_change,fuel_level_change,10789.0,,3.0,,
StationTank,fuel_level_change,fuel_level_change,10790.0,,3.0,,
StationTank,fuel_level_change,fuel_level_change,10791.0,,3.0,,
StationTank,fuel_level_change,fuel_level_change,10792.0,,3.0,,
StationTank,fuel_level_change,fuel_level_change,10793.0,,3.0,,
StationTank,fuel_level_change,fuel_level_change,10794.0,,3.0,,
StationTank,fuel_level_change,fuel_level_change,10795.0,,3.0,,
StationTank,fuel_level_change,fuel_level_change,10796.0,,3.0,,
StationTank,fuel_level_change,fuel_level_change,10797.0,,3.0,,
StationTank,fuel_level_change,fuel_level_change,10798.0,,3.0,,
StationTank,fuel_level_change,fuel_level_change,10799.0,,3.0,,
